Player Name,Team Initials,Appearances,Goals,Cards,Tournaments,Attack_Contribution,Goals_Score,Appearances_Score,Attack_Score,Experience_Score,Discipline_Score,Cluster
?URI?I?,SRB,3,0,0,1,0.0,0.0,7.4074074074074066,0.0,0.0,100.0,0.0
A BAUTISTA,MEX,4,0,0,1,0.0,0.0,11.11111111111111,0.0,0.0,100.0,0.0
A COLE,ENG,14,0,1,3,0.0,0.0,48.14814814814815,0.0,50.0,87.5,3.0
A GUARDADO,MEX,4,0,0,1,0.0,0.0,11.11111111111111,0.0,0.0,100.0,0.0
A MEDINA,MEX,4,0,0,1,0.0,0.0,11.11111111111111,0.0,0.0,100.0,0.0
A. AL-DOSSARY,KSA,3,0,0,1,0.0,0.0,7.4074074074074066,0.0,0.0,100.0,0.0
A. AL-GANOUBI,KSA,3,0,0,1,0.0,0.0,7.4074074074074066,0.0,0.0,100.0,0.0
A. ALMEIDA,POR,3,0,0,1,0.0,0.0,7.4074074074074066,0.0,0.0,100.0,0.0
A. AYEW,GHA,8,2,2,2,0.25,11.76470588235294,25.925925925925924,6.25,25.0,75.0,1.0
A. BAK,POL,3,0,1,1,0.0,0.0,7.4074074074074066,0.0,0.0,87.5,2.0
A. BALANTA,COL,5,0,0,1,0.0,0.0,14.814814814814811,0.0,0.0,100.0,0.0
A. CHOL HYOK,PRK,3,0,0,1,0.0,0.0,7.4074074074074066,0.0,0.0,100.0,0.0
A. CRUZ,BRA,7,0,0,1,0.0,0.0,22.22222222222222,0.0,0.0,100.0,0.0
A. DAEI,IRN,3,0,1,1,0.0,0.0,7.4074074074074066,0.0,0.0,87.5,2.0
A. DELGADO,ECU,4,2,0,1,0.5,11.76470588235294,11.11111111111111,12.5,0.0,100.0,0.0
A. DIARRA,FRA,3,0,0,1,0.0,0.0,7.4074074074074066,0.0,0.0,100.0,0.0
A. FERNANDEZ,ARG,7,0,0,1,0.0,0.0,22.22222222222222,0.0,0.0,100.0,0.0
A. FERNANDEZ,ARG,7,0,0,1,0.0,0.0,22.22222222222222,0.0,0.0,100.0,0.0
A. FERNANDEZ,URU,7,0,0,1,0.0,0.0,22.22222222222222,0.0,0.0,100.0,0.0
A. FERNANDEZ,URU,7,0,0,1,0.0,0.0,22.22222222222222,0.0,0.0,100.0,0.0
A. GARCIA ASPE,MEX,4,0,1,1,0.0,0.0,11.11111111111111,0.0,0.0,87.5,2.0
A. GONZALEZ,URU,4,0,0,1,0.0,0.0,11.11111111111111,0.0,0.0,100.0,0.0
A. GUARDADO,MEX,8,1,2,2,0.125,5.88235294117647,25.925925925925924,3.125,25.0,75.0,1.0
A. GYAN,GHA,8,3,0,2,0.375,17.647058823529413,25.925925925925924,9.375,25.0,100.0,1.0
A. HAGHIGHI,IRN,3,0,0,1,0.0,0.0,7.4074074074074066,0.0,0.0,100.0,0.0
A. HERNANDEZ,URU,4,0,0,1,0.0,0.0,11.11111111111111,0.0,0.0,100.0,0.0
A. INIESTA,ESP,7,0,0,2,0.0,0.0,22.22222222222222,0.0,25.0,100.0,1.0
A. JOHN,TRI,3,0,4,1,0.0,0.0,7.4074074074074066,0.0,0.0,50.0,2.0
A. KELLY,IRL,4,0,0,1,0.0,0.0,11.11111111111111,0.0,0.0,100.0,0.0
A. LATIFI,IRN,3,0,0,1,0.0,0.0,7.4074074074074066,0.0,0.0,100.0,0.0
A. LOPEZ,ESP,4,0,0,1,0.0,0.0,11.11111111111111,0.0,0.0,100.0,0.0
A. M. NDIAYE,SEN,5,0,0,1,0.0,0.0,14.814814814814811,0.0,0.0,100.0,0.0
A. MADANI,KSA,7,0,1,2,0.0,0.0,22.22222222222222,0.0,25.0,87.5,1.0
A. MEJIA,COL,5,0,0,1,0.0,0.0,14.814814814814811,0.0,0.0,100.0,0.0
A. MOKOENA,RSA,3,0,2,1,0.0,0.0,7.4074074074074066,0.0,0.0,75.0,2.0
A. NAELSON,MEX,4,1,1,1,0.25,5.88235294117647,11.11111111111111,6.25,0.0,87.5,2.0
A. PEREIRA,URU,4,0,0,1,0.0,0.0,11.11111111111111,0.0,0.0,100.0,0.0
A. PULIDO,MEX,4,0,0,1,0.0,0.0,11.11111111111111,0.0,0.0,100.0,0.0
A. R. ABEDZADEH,IRN,3,0,0,1,0.0,0.0,7.4074074074074066,0.0,0.0,100.0,0.0
A. R. MANSOURIAN,IRN,3,0,0,1,0.0,0.0,7.4074074074074066,0.0,0.0,100.0,0.0
A. RODRIGUEZ,MEX,4,0,0,1,0.0,0.0,11.11111111111111,0.0,0.0,100.0,0.0
A. ROJAS,PAR,4,0,1,1,0.0,0.0,11.11111111111111,0.0,0.0,87.5,2.0
A. SONG,CMR,3,0,0,1,0.0,0.0,7.4074074074074066,0.0,0.0,100.0,0.0
A. SVENSSON,SWE,4,0,0,1,0.0,0.0,11.11111111111111,0.0,0.0,100.0,0.0
A. TALAVERA,MEX,4,0,0,1,0.0,0.0,11.11111111111111,0.0,0.0,100.0,0.0
A. TOURE,TOG,3,0,0,1,0.0,0.0,7.4074074074074066,0.0,0.0,100.0,0.0
A. VALENCIA,ECU,7,0,4,2,0.0,0.0,22.22222222222222,0.0,25.0,50.0,2.0
A. YONG HAK,PRK,3,0,0,1,0.0,0.0,7.4074074074074066,0.0,0.0,100.0,0.0
A. ZUBROMAWI,KSA,4,0,0,1,0.0,0.0,11.11111111111111,0.0,0.0,100.0,0.0
A.A. OSTAD ASADI,IRN,3,0,0,1,0.0,0.0,7.4074074074074066,0.0,0.0,100.0,0.0
A.BORHANI,IRN,3,0,0,1,0.0,0.0,7.4074074074074066,0.0,0.0,100.0,0.0
A.DAEI,IRN,3,0,0,1,0.0,0.0,7.4074074074074066,0.0,0.0,100.0,0.0
A.INIESTA,ESP,7,2,1,1,0.2857142857142857,11.76470588235294,22.22222222222222,7.142857142857142,0.0,87.5,2.0
A.KARIMI,IRN,3,0,0,1,0.0,0.0,7.4074074074074066,0.0,0.0,100.0,0.0
A.LEMBO,URU,3,0,0,1,0.0,0.0,7.4074074074074066,0.0,0.0,100.0,0.0
A.PEREIRA,URU,7,1,0,1,0.1428571428571428,5.88235294117647,22.22222222222222,3.571428571428571,0.0,100.0,0.0
A.RECOBA,URU,3,0,0,1,0.0,0.0,7.4074074074074066,0.0,0.0,100.0,0.0
A.SADEGHI,IRN,3,0,0,1,0.0,0.0,7.4074074074074066,0.0,0.0,100.0,0.0
ABALO,TOG,3,0,4,1,0.0,0.0,7.4074074074074066,0.0,0.0,50.0,2.0
ABANDA,CMR,3,0,0,1,0.0,0.0,7.4074074074074066,0.0,0.0,100.0,0.0
ABATE,ITA,3,0,0,1,0.0,0.0,7.4074074074074066,0.0,0.0,100.0,0.0
ABBIATI,ITA,4,0,0,1,0.0,0.0,11.11111111111111,0.0,0.0,100.0,0.0
ABBONDANZIERI,ARG,5,0,0,1,0.0,0.0,14.814814814814811,0.0,0.0,100.0,0.0
ABDOUN,ALG,3,0,0,1,0.0,0.0,7.4074074074074066,0.0,0.0,100.0,0.0
ABDUL RAHIM,IRQ,3,0,0,1,0.0,0.0,7.4074074074074066,0.0,0.0,100.0,0.0
ABDULAZIZ MOHAMED,UAE,3,0,0,1,0.0,0.0,7.4074074074074066,0.0,0.0,100.0,0.0
ABDULLAH,TUR,7,0,0,1,0.0,0.0,22.22222222222222,0.0,0.0,100.0,0.0
ABDULLAH MUSA,UAE,3,0,0,1,0.0,0.0,7.4074074074074066,0.0,0.0,100.0,0.0
ABE,JPN,4,0,1,1,0.0,0.0,11.11111111111111,0.0,0.0,87.5,2.0
ABEL,BRA,7,0,0,1,0.0,0.0,22.22222222222222,0.0,0.0,100.0,0.0
ABEL XAVIER,POR,3,0,0,1,0.0,0.0,7.4074074074074066,0.0,0.0,100.0,0.0
ABELARDO,ESP,8,0,2,2,0.0,0.0,25.925925925925924,0.0,25.0,75.0,1.0
ABIDAL,FRA,10,0,3,2,0.0,0.0,33.33333333333333,0.0,25.0,62.5,1.0
ABOU TARIKA,ANG,1,1,0,1,1.0,5.88235294117647,0.0,25.0,0.0,100.0,
ABOUBAKAR,CMR,6,0,0,2,0.0,0.0,18.51851851851852,0.0,25.0,100.0,1.0
ACACIO,BRA,4,0,0,1,0.0,0.0,11.11111111111111,0.0,0.0,100.0,0.0
ACEVAL,PAR,4,0,0,1,0.0,0.0,11.11111111111111,0.0,0.0,100.0,0.0
ACHILIER,ECU,3,0,0,1,0.0,0.0,7.4074074074074066,0.0,0.0,100.0,0.0
ACIMOVIC,SVN,3,1,0,1,0.3333333333333333,5.88235294117647,7.4074074074074066,8.333333333333332,0.0,100.0,0.0
ACOSTA J.,CRC,5,0,2,1,0.0,0.0,14.814814814814811,0.0,0.0,75.0,2.0
ACQUAH,GHA,3,0,0,1,0.0,0.0,7.4074074074074066,0.0,0.0,100.0,0.0
ACUA,CHI,4,0,1,1,0.0,0.0,11.11111111111111,0.0,0.0,87.5,2.0
ACUA,CHI,4,0,1,1,0.0,0.0,11.11111111111111,0.0,0.0,87.5,2.0
ACUA,PAR,3,0,1,1,0.0,0.0,7.4074074074074066,0.0,0.0,87.5,2.0
ACUA,PAR,3,0,1,1,0.0,0.0,7.4074074074074066,0.0,0.0,87.5,2.0
ACUNA,PAR,8,0,2,2,0.0,0.0,25.925925925925924,0.0,25.0,75.0,1.0
ADAOZINHO,BRA,6,0,0,1,0.0,0.0,18.51851851851852,0.0,0.0,100.0,0.0
ADDY,GHA,5,0,1,1,0.0,0.0,14.814814814814811,0.0,0.0,87.5,2.0
ADEBAYOR,TOG,3,0,1,1,0.0,0.0,7.4074074074074066,0.0,0.0,87.5,2.0
ADELARDO,ESP,6,1,0,2,0.1666666666666666,5.88235294117647,18.51851851851852,4.166666666666666,25.0,100.0,1.0
ADELEYE,NGA,3,0,0,1,0.0,0.0,7.4074074074074066,0.0,0.0,100.0,0.0
ADEMIR,BRA,6,8,0,1,1.3333333333333333,47.05882352941176,18.51851851851852,33.33333333333333,0.0,100.0,0.0
ADEMIR DA GUIA,BRA,7,0,0,1,0.0,0.0,22.22222222222222,0.0,0.0,100.0,0.0
ADEPOJU,NGA,7,0,1,2,0.0,0.0,22.22222222222222,0.0,25.0,87.5,1.0
ADIYIAH,GHA,5,0,0,1,0.0,0.0,14.814814814814811,0.0,0.0,100.0,0.0
ADJEI,GHA,4,0,0,1,0.0,0.0,11.11111111111111,0.0,0.0,100.0,0.0
ADNAN AL TALYANI,UAE,3,0,0,1,0.0,0.0,7.4074074074074066,0.0,0.0,100.0,0.0
ADO,BRA,6,0,0,1,0.0,0.0,18.51851851851852,0.0,0.0,100.0,0.0
ADOMAH,GHA,3,0,0,1,0.0,0.0,7.4074074074074066,0.0,0.0,100.0,0.0
ADRIANO,BRA,5,2,1,1,0.4,11.76470588235294,14.814814814814811,10.0,0.0,87.5,2.0
AFELLAY,NED,7,0,0,1,0.0,0.0,22.22222222222222,0.0,0.0,100.0,0.0
AFOLABI,NGA,6,0,0,2,0.0,0.0,18.51851851851852,0.0,25.0,100.0,1.0
AFONSINHO,BRA,5,0,0,1,0.0,0.0,14.814814814814811,0.0,0.0,100.0,0.0
AGASSA,TOG,3,0,0,1,0.0,0.0,7.4074074074074066,0.0,0.0,100.0,0.0
AGBIM,NGA,4,0,0,1,0.0,0.0,11.11111111111111,0.0,0.0,100.0,0.0
AGBOH,TOG,3,0,0,1,0.0,0.0,7.4074074074074066,0.0,0.0,100.0,0.0
AGGER,DEN,3,0,0,1,0.0,0.0,7.4074074074074066,0.0,0.0,100.0,0.0
AGHAHOWA,NGA,3,1,0,1,0.3333333333333333,5.88235294117647,7.4074074074074066,8.333333333333332,0.0,100.0,0.0
AGOOS,USA,5,0,1,1,0.0,0.0,14.814814814814811,0.0,0.0,87.5,2.0
AGUERO,ARG,7,0,2,1,0.0,0.0,22.22222222222222,0.0,0.0,75.0,2.0
AGUILAR T.,COL,5,0,0,1,0.0,0.0,14.814814814814811,0.0,0.0,100.0,0.0
AGUILERA,ESP,3,0,1,1,0.0,0.0,7.4074074074074066,0.0,0.0,87.5,2.0
AGUINAGA,ECU,3,0,0,1,0.0,0.0,7.4074074074074066,0.0,0.0,100.0,0.0
AGYEI,GHA,5,0,0,1,0.0,0.0,14.814814814814811,0.0,0.0,100.0,0.0
AHMAD,IRN,3,0,0,1,0.0,0.0,7.4074074074074066,0.0,0.0,100.0,0.0
AHORLU,GHA,5,0,0,1,0.0,0.0,14.814814814814811,0.0,0.0,100.0,0.0
AIMAR,ARG,8,0,0,2,0.0,0.0,25.925925925925924,0.0,25.0,100.0,1.0
AIROSA,ANG,3,0,0,1,0.0,0.0,7.4074074074074066,0.0,0.0,100.0,0.0
AIYENUGBA,NGA,3,0,0,1,0.0,0.0,7.4074074074074066,0.0,0.0,100.0,0.0
AKALE,CIV,3,0,0,1,0.0,0.0,7.4074074074074066,0.0,0.0,100.0,0.0
AKINFEEV,RUS,3,0,0,1,0.0,0.0,7.4074074074074066,0.0,0.0,100.0,0.0
AKITA,JPN,4,0,0,1,0.0,0.0,11.11111111111111,0.0,0.0,100.0,0.0
AKOTO,TOG,3,0,0,1,0.0,0.0,7.4074074074074066,0.0,0.0,100.0,0.0
AKPA JD,CIV,3,0,0,1,0.0,0.0,7.4074074074074066,0.0,0.0,100.0,0.0
AKW,ANG,3,0,0,1,0.0,0.0,7.4074074074074066,0.0,0.0,100.0,0.0
AKWUEGBU,NGA,3,0,0,1,0.0,0.0,7.4074074074074066,0.0,0.0,100.0,0.0
AL HASAN A.H.,KSA,3,0,1,1,0.0,0.0,7.4074074074074066,0.0,0.0,87.5,2.0
AL ROUBAI GHANIM,IRQ,3,0,0,1,0.0,0.0,7.4074074074074066,0.0,0.0,100.0,0.0
AL-ANTAIF,KSA,3,0,0,1,0.0,0.0,7.4074074074074066,0.0,0.0,100.0,0.0
AL-DAYEA,KSA,3,0,0,1,0.0,0.0,7.4074074074074066,0.0,0.0,100.0,0.0
AL-DEAYEA,KSA,4,0,1,1,0.0,0.0,11.11111111111111,0.0,0.0,87.5,2.0
AL-SADIG,KSA,3,0,0,1,0.0,0.0,7.4074074074074066,0.0,0.0,100.0,0.0
ALBAHRI,KSA,3,0,0,1,0.0,0.0,7.4074074074074066,0.0,0.0,100.0,0.0
ALBELDA,ESP,9,0,1,2,0.0,0.0,29.629629629629623,0.0,25.0,87.5,1.0
ALBERTINI,ITA,7,0,3,1,0.0,0.0,22.22222222222222,0.0,0.0,62.5,2.0
ALBISHI,KSA,2,0,0,1,0.0,0.0,3.7037037037037033,0.0,0.0,100.0,
ALBORNOZ,CHI,4,0,0,1,0.0,0.0,11.11111111111111,0.0,0.0,100.0,0.0
ALBRIGHT,USA,3,0,0,1,0.0,0.0,7.4074074074074066,0.0,0.0,100.0,0.0
ALCARAZ,PAR,5,1,1,1,0.2,5.88235294117647,14.814814814814811,5.0,0.0,87.5,2.0
ALCINDO,BRA,3,0,0,1,0.0,0.0,7.4074074074074066,0.0,0.0,100.0,0.0
ALDAIR,BRA,18,0,3,3,0.0,0.0,62.96296296296296,0.0,50.0,62.5,3.0
ALDEAYEA,KSA,6,0,0,2,0.0,0.0,18.51851851851852,0.0,25.0,100.0,1.0
ALDERWEIRELD,BEL,5,0,3,1,0.0,0.0,14.814814814814811,0.0,0.0,62.5,2.0
ALEMAO,BRA,9,0,0,2,0.0,0.0,29.629629629629623,0.0,25.0,100.0,1.0
ALENICHEV,RUS,3,0,2,1,0.0,0.0,7.4074074074074066,0.0,0.0,75.0,2.0
ALEX,JPN,7,0,1,2,0.0,0.0,22.22222222222222,0.0,25.0,87.5,1.0
ALEXANDERSSON,SWE,8,1,2,2,0.125,5.88235294117647,25.925925925925924,3.125,25.0,75.0,1.0
ALEXANDRE BAPTISTA,POR,6,0,0,1,0.0,0.0,18.51851851851852,0.0,0.0,100.0,0.0
ALEXIS,CHI,4,3,0,1,0.75,17.647058823529413,11.11111111111111,18.75,0.0,100.0,0.0
ALFARO W.,CRC,3,0,0,1,0.0,0.0,7.4074074074074066,0.0,0.0,100.0,0.0
ALFONSO,ESP,3,0,0,1,0.0,0.0,7.4074074074074066,0.0,0.0,100.0,0.0
ALFREDO,BRA,7,0,0,1,0.0,0.0,22.22222222222222,0.0,0.0,100.0,0.0
ALFREDO II,BRA,6,1,0,1,0.1666666666666666,5.88235294117647,18.51851851851852,4.166666666666666,0.0,100.0,0.0
ALFREDO RAMOS,BRA,3,0,0,1,0.0,0.0,7.4074074074074066,0.0,0.0,100.0,0.0
ALHASSAN,GHA,4,0,1,1,0.0,0.0,11.11111111111111,0.0,0.0,87.5,2.0
ALI JAMAL,IRQ,3,0,0,1,0.0,0.0,7.4074074074074066,0.0,0.0,100.0,0.0
ALIOUMBOUKAR,CMR,3,0,0,1,0.0,0.0,7.4074074074074066,0.0,0.0,100.0,0.0
ALIREZA,IRN,3,0,0,1,0.0,0.0,7.4074074074074066,0.0,0.0,100.0,0.0
ALJABER,KSA,6,1,1,2,0.1666666666666666,5.88235294117647,18.51851851851852,4.166666666666666,25.0,87.5,1.0
ALJAHANI,KSA,3,0,0,1,0.0,0.0,7.4074074074074066,0.0,0.0,100.0,0.0
ALKHATHRAN,KSA,3,0,0,1,0.0,0.0,7.4074074074074066,0.0,0.0,100.0,0.0
ALKORTA M.,ESP,12,0,0,3,0.0,0.0,40.74074074074074,0.0,50.0,100.0,3.0
ALLBACK,SWE,4,0,1,1,0.0,0.0,11.11111111111111,0.0,0.0,87.5,2.0
ALLBCK,SWE,4,1,2,1,0.25,5.88235294117647,11.11111111111111,6.25,0.0,75.0,2.0
ALMEYDA,ARG,3,0,1,1,0.0,0.0,7.4074074074074066,0.0,0.0,87.5,2.0
ALMONTASHARI,KSA,3,0,0,1,0.0,0.0,7.4074074074074066,0.0,0.0,100.0,0.0
ALNOUDJI,CMR,3,0,0,1,0.0,0.0,7.4074074074074066,0.0,0.0,100.0,0.0
ALOISI,AUS,4,1,1,1,0.25,5.88235294117647,11.11111111111111,6.25,0.0,87.5,2.0
ALONSO,ESP,14,1,2,3,0.0714285714285714,5.88235294117647,48.14814814814815,1.7857142857142856,50.0,75.0,3.0
ALOWAIRAN,KSA,3,0,0,1,0.0,0.0,7.4074074074074066,0.0,0.0,100.0,0.0
ALPAY,TUR,7,0,3,1,0.0,0.0,22.22222222222222,0.0,0.0,62.5,2.0
ALSHAHRANI,KSA,2,0,0,1,0.0,0.0,3.7037037037037033,0.0,0.0,100.0,
ALSHALHOUB,KSA,3,0,0,1,0.0,0.0,7.4074074074074066,0.0,0.0,100.0,0.0
ALSHLHOUB,KSA,3,0,0,1,0.0,0.0,7.4074074074074066,0.0,0.0,100.0,0.0
ALTAIR,BRA,9,0,0,2,0.0,0.0,29.629629629629623,0.0,25.0,100.0,1.0
ALTHAGAFI,KSA,3,0,0,1,0.0,0.0,7.4074074074074066,0.0,0.0,100.0,0.0
ALTIDORE,USA,8,0,1,2,0.0,0.0,25.925925925925924,0.0,25.0,87.5,1.0
ALVARENGA,PAR,4,0,0,1,0.0,0.0,11.11111111111111,0.0,0.0,100.0,0.0
ALVAREZ,ARG,7,0,0,1,0.0,0.0,22.22222222222222,0.0,0.0,100.0,0.0
ALVAREZ,ARG,7,0,0,1,0.0,0.0,22.22222222222222,0.0,0.0,100.0,0.0
ALVAREZ,HON,3,0,0,1,0.0,0.0,7.4074074074074066,0.0,0.0,100.0,0.0
ALVAREZ,HON,3,0,0,1,0.0,0.0,7.4074074074074066,0.0,0.0,100.0,0.0
ALVARO,POR,3,0,0,1,0.0,0.0,7.4074074074074066,0.0,0.0,100.0,0.0
ALVBGE,SWE,4,0,0,1,0.0,0.0,11.11111111111111,0.0,0.0,100.0,0.0
ALWAKED,KSA,3,0,0,1,0.0,0.0,7.4074074074074066,0.0,0.0,100.0,0.0
AMANCIO,ESP,3,1,0,1,0.3333333333333333,5.88235294117647,7.4074074074074066,8.333333333333332,0.0,100.0,0.0
AMARAL,BRA,7,0,0,1,0.0,0.0,22.22222222222222,0.0,0.0,100.0,0.0
AMARILDO,BRA,6,3,0,1,0.5,17.647058823529413,18.51851851851852,12.5,0.0,100.0,0.0
AMBROSE,NGA,4,0,0,1,0.0,0.0,11.11111111111111,0.0,0.0,100.0,0.0
AMDY FAYE,SEN,5,0,0,1,0.0,0.0,14.814814814814811,0.0,0.0,100.0,0.0
AMEEN,KSA,3,0,0,1,0.0,0.0,7.4074074074074066,0.0,0.0,100.0,0.0
AMELIA,ITA,7,0,0,1,0.0,0.0,22.22222222222222,0.0,0.0,100.0,0.0
AMEOBI,NGA,4,0,0,1,0.0,0.0,11.11111111111111,0.0,0.0,100.0,0.0
AMERICO,POR,6,0,0,1,0.0,0.0,18.51851851851852,0.0,0.0,100.0,0.0
AMIRHOSSEIN,IRN,3,0,0,1,0.0,0.0,7.4074074074074066,0.0,0.0,100.0,0.0
AMOAH,GHA,9,0,0,2,0.0,0.0,29.629629629629623,0.0,25.0,100.0,1.0
AMOKACHI,NGA,4,2,0,1,0.5,11.76470588235294,11.11111111111111,12.5,0.0,100.0,0.0
AMOR,ESP,3,0,1,1,0.0,0.0,7.4074074074074066,0.0,0.0,87.5,2.0
AN Ik Soo,KOR,3,0,0,1,0.0,0.0,7.4074074074074066,0.0,0.0,100.0,0.0
AN Se Bok,PRK,4,0,0,1,0.0,0.0,11.11111111111111,0.0,0.0,100.0,0.0
ANDERANIK T.,IRN,3,0,1,1,0.0,0.0,7.4074074074074066,0.0,0.0,87.5,2.0
ANDERSEN,DEN,3,0,0,1,0.0,0.0,7.4074074074074066,0.0,0.0,100.0,0.0
ANDERSON,BRA,7,0,0,1,0.0,0.0,22.22222222222222,0.0,0.0,100.0,0.0
ANDERSSON,SWE,8,0,0,2,0.0,0.0,25.925925925925924,0.0,25.0,100.0,1.0
ANDR MACANGA,ANG,3,0,5,1,0.0,0.0,7.4074074074074066,0.0,0.0,37.5,2.0
ANDRANIK,IRN,3,0,1,1,0.0,0.0,7.4074074074074066,0.0,0.0,87.5,2.0
ANDRE,POR,3,0,0,1,0.0,0.0,7.4074074074074066,0.0,0.0,100.0,0.0
ANDREWS,TRI,3,0,0,1,0.0,0.0,7.4074074074074066,0.0,0.0,100.0,0.0
ANDRINUA,ESP,4,0,0,1,0.0,0.0,11.11111111111111,0.0,0.0,100.0,0.0
ANDUJAR,ARG,12,0,0,2,0.0,0.0,40.74074074074074,0.0,25.0,100.0,1.0
ANELKA,FRA,3,0,0,1,0.0,0.0,7.4074074074074066,0.0,0.0,100.0,0.0
ANGIBEAUD,CMR,3,0,1,1,0.0,0.0,7.4074074074074066,0.0,0.0,87.5,2.0
ANGOUA,CIV,3,0,0,1,0.0,0.0,7.4074074074074066,0.0,0.0,100.0,0.0
ANNAN,GHA,5,0,1,1,0.0,0.0,14.814814814814811,0.0,0.0,87.5,2.0
ANTONELIUS,SWE,4,0,0,1,0.0,0.0,11.11111111111111,0.0,0.0,100.0,0.0
ANTONIO SIMOES,POR,6,1,0,1,0.1666666666666666,5.88235294117647,18.51851851851852,4.166666666666666,0.0,100.0,0.0
ANTONIO SOUSA,POR,3,0,0,1,0.0,0.0,7.4074074074074066,0.0,0.0,100.0,0.0
ANTUNEZ,ESP,6,0,0,1,0.0,0.0,18.51851851851852,0.0,0.0,100.0,0.0
AOGO,GER,7,0,1,1,0.0,0.0,22.22222222222222,0.0,0.0,87.5,2.0
AOYAMA,JPN,3,0,0,1,0.0,0.0,7.4074074074074066,0.0,0.0,100.0,0.0
AQUILANI,ITA,3,0,0,1,0.0,0.0,7.4074074074074066,0.0,0.0,100.0,0.0
ARAKEN,BRA,2,0,0,1,0.0,0.0,3.7037037037037033,0.0,0.0,100.0,
ARANZABAL,ESP,3,0,0,1,0.0,0.0,7.4074074074074066,0.0,0.0,100.0,0.0
ARBELOA,ESP,7,0,0,1,0.0,0.0,22.22222222222222,0.0,0.0,100.0,0.0
ARCE,PAR,4,0,2,1,0.0,0.0,11.11111111111111,0.0,0.0,75.0,2.0
ARENDSE,RSA,3,0,0,1,0.0,0.0,7.4074074074074066,0.0,0.0,100.0,0.0
AREVALO RIOS,URU,7,0,1,1,0.0,0.0,22.22222222222222,0.0,0.0,87.5,2.0
ARGEMIRO,BRA,5,0,0,1,0.0,0.0,14.814814814814811,0.0,0.0,100.0,0.0
ARIAS,COL,5,0,0,1,0.0,0.0,14.814814814814811,0.0,0.0,100.0,0.0
ARIEL,BRA,1,0,0,1,0.0,0.0,0.0,0.0,0.0,100.0,
ARIF ERDEM,TUR,7,0,0,1,0.0,0.0,22.22222222222222,0.0,0.0,100.0,0.0
ARISTIZABAL,COL,3,0,1,1,0.0,0.0,7.4074074074074066,0.0,0.0,87.5,2.0
ARMANDINHO,BRA,1,0,0,1,0.0,0.0,0.0,0.0,0.0,100.0,
ARROYO,ECU,3,0,0,1,0.0,0.0,7.4074074074074066,0.0,0.0,100.0,0.0
ASAMOAH,GER,14,0,0,2,0.0,0.0,48.14814814814815,0.0,25.0,100.0,1.0
ASAMOAH,GER,14,0,0,2,0.0,0.0,48.14814814814815,0.0,25.0,100.0,2.0
ASAMOAH,GHA,4,1,6,1,0.25,5.88235294117647,11.11111111111111,6.25,0.0,25.0,1.0
ASAMOAH,GHA,4,1,6,1,0.25,5.88235294117647,11.11111111111111,6.25,0.0,25.0,2.0
ASENCIO,ECU,3,0,0,1,0.0,0.0,7.4074074074074066,0.0,0.0,100.0,0.0
ASPRILLA,COL,6,0,0,2,0.0,0.0,18.51851851851852,0.0,25.0,100.0,1.0
ASSEMOASSA,TOG,3,0,0,1,0.0,0.0,7.4074074074074066,0.0,0.0,100.0,0.0
ASSOU EKOTTO,CMR,6,0,0,2,0.0,0.0,18.51851851851852,0.0,25.0,100.0,1.0
ATSOU,TOG,3,0,0,1,0.0,0.0,7.4074074074074066,0.0,0.0,100.0,0.0
ATSU,GHA,3,0,0,1,0.0,0.0,7.4074074074074066,0.0,0.0,100.0,0.0
ATTILA,BRA,1,0,0,1,0.0,0.0,0.0,0.0,0.0,100.0,
AUGUSTO,BRA,6,0,0,1,0.0,0.0,18.51851851851852,0.0,0.0,100.0,0.0
AVDUKI?,BIH,3,0,0,1,0.0,0.0,7.4074074074074066,0.0,0.0,100.0,0.0
AYALA,ARG,8,1,0,2,0.125,5.88235294117647,25.925925925925924,3.125,25.0,100.0,1.0
AYALA,ARG,8,1,0,2,0.125,5.88235294117647,25.925925925925924,3.125,25.0,100.0,1.0
AYALA,PAR,8,1,1,2,0.125,5.88235294117647,25.925925925925924,3.125,25.0,87.5,1.0
AYALA,PAR,8,1,1,2,0.125,5.88235294117647,25.925925925925924,3.125,25.0,87.5,1.0
AYARI,TUN,3,0,1,1,0.0,0.0,7.4074074074074066,0.0,0.0,87.5,2.0
AYILA,NGA,3,0,1,1,0.0,0.0,7.4074074074074066,0.0,0.0,87.5,2.0
AZEEZ,NGA,4,0,0,1,0.0,0.0,11.11111111111111,0.0,0.0,100.0,0.0
AZIAWONOU,TOG,3,0,1,1,0.0,0.0,7.4074074074074066,0.0,0.0,87.5,2.0
AZIZ,KSA,3,0,0,1,0.0,0.0,7.4074074074074066,0.0,0.0,100.0,0.0
AZOFEIFA R.,CRC,3,0,0,1,0.0,0.0,7.4074074074074066,0.0,0.0,100.0,0.0
AZPILICUETA,ESP,3,0,0,1,0.0,0.0,7.4074074074074066,0.0,0.0,100.0,0.0
AZZOUZI,MAR,3,0,1,1,0.0,0.0,7.4074074074074066,0.0,0.0,87.5,2.0
Aaron LAWRENCE,JAM,3,0,0,1,0.0,0.0,7.4074074074074066,0.0,0.0,100.0,0.0
Aaron PADILLA,MEX,7,0,0,2,0.0,0.0,22.22222222222222,0.0,25.0,100.0,1.0
Abdallah LAMRANI,MAR,3,0,0,1,0.0,0.0,7.4074074074074066,0.0,0.0,100.0,0.0
Abdel Aziz SOULAYMANI,MAR,4,0,0,1,0.0,0.0,11.11111111111111,0.0,0.0,100.0,0.0
Abdel Kader BEN BOUALI,FRA,2,0,0,1,0.0,0.0,3.7037037037037033,0.0,0.0,100.0,
Abdel Rahman FAWZI,EGY,1,2,0,1,2.0,11.76470588235294,0.0,50.0,0.0,100.0,
Abdel SHARLI,EGY,1,0,0,1,0.0,0.0,0.0,0.0,0.0,100.0,
Abdelaziz BEN-TIFOUR,FRA,2,0,0,1,0.0,0.0,3.7037037037037033,0.0,0.0,100.0,
Abdelfettah HOUDANI,MAR,4,0,0,1,0.0,0.0,11.11111111111111,0.0,0.0,100.0,0.0
Abdelfettah RHIATI,MAR,4,0,0,1,0.0,0.0,11.11111111111111,0.0,0.0,100.0,0.0
Abdelhamid SADMI,ALG,3,0,0,1,0.0,0.0,7.4074074074074066,0.0,0.0,100.0,0.0
Abdelilah SABER,MAR,3,0,0,1,0.0,0.0,7.4074074074074066,0.0,0.0,100.0,0.0
Abdeljalil HADDA,MAR,3,2,1,1,0.6666666666666666,11.76470588235294,7.4074074074074066,16.666666666666664,0.0,87.5,2.0
Abdelkader EL BRAZI,MAR,3,0,0,1,0.0,0.0,7.4074074074074066,0.0,0.0,100.0,0.0
Abdelkader EL KHYATI,MAR,3,0,0,1,0.0,0.0,7.4074074074074066,0.0,0.0,100.0,0.0
Abdelkader HORR,ALG,3,0,0,1,0.0,0.0,7.4074074074074066,0.0,0.0,100.0,0.0
Abdelkarim EL HADRIOUI,MAR,3,0,0,1,0.0,0.0,7.4074074074074066,0.0,0.0,100.0,0.0
Abdelkarim KRIMAU,MAR,4,1,0,1,0.25,5.88235294117647,11.11111111111111,6.25,0.0,100.0,0.0
Abdellah BIDAR,MAR,4,0,0,1,0.0,0.0,11.11111111111111,0.0,0.0,100.0,0.0
Abdellah MEDJADI,ALG,3,0,0,1,0.0,0.0,7.4074074074074066,0.0,0.0,100.0,0.0
Abdellah OURIAGHLI,MAR,3,0,0,1,0.0,0.0,7.4074074074074066,0.0,0.0,100.0,0.0
Abdelmajid BOUREBBOU,ALG,3,0,0,1,0.0,0.0,7.4074074074074066,0.0,0.0,100.0,0.0
Abdelmajid BOUYBOUD,MAR,3,0,1,1,0.0,0.0,7.4074074074074066,0.0,0.0,87.5,2.0
Abdelmajid DOLMY,MAR,4,0,0,1,0.0,0.0,11.11111111111111,0.0,0.0,100.0,0.0
Abdelmajid LAMRISS,MAR,4,0,1,1,0.0,0.0,11.11111111111111,0.0,0.0,87.5,2.0
Abdelrazzak KHAIRI,MAR,4,2,1,1,0.5,11.76470588235294,11.11111111111111,12.5,0.0,87.5,2.0
Abdelslam LAGHRISSI,MAR,3,0,0,1,0.0,0.0,7.4074074074074066,0.0,0.0,100.0,0.0
Abderrahim OUAKILI,MAR,3,0,0,1,0.0,0.0,7.4074074074074066,0.0,0.0,100.0,0.0
Abderrhamane MAHJOUB,FRA,2,0,0,1,0.0,0.0,3.7037037037037033,0.0,0.0,100.0,
Abdulaziz AL ANBARI,KUW,3,0,1,1,0.0,0.0,7.4074074074074066,0.0,0.0,87.5,2.0
Abdulaziz AL BALUSHI,KUW,3,1,0,1,0.3333333333333333,5.88235294117647,7.4074074074074066,8.333333333333332,0.0,100.0,0.0
Abdulaziz MOHAMMED,KUW,3,0,0,1,0.0,0.0,7.4074074074074066,0.0,0.0,100.0,0.0
Abdullah AL DOSARI,KSA,4,0,1,1,0.0,0.0,11.11111111111111,0.0,0.0,87.5,2.0
Abdullah MAYUF,KUW,3,0,0,1,0.0,0.0,7.4074074074074066,0.0,0.0,100.0,0.0
Abdullah SULTAN,UAE,3,0,0,1,0.0,0.0,7.4074074074074066,0.0,0.0,100.0,0.0
Abdullah ZUBROMAWI,KSA,3,0,0,1,0.0,0.0,7.4074074074074066,0.0,0.0,100.0,0.0
Abdulrahman AL HADDAD,UAE,3,0,0,1,0.0,0.0,7.4074074074074066,0.0,0.0,100.0,0.0
Abel BALBO,ARG,12,0,0,2,0.0,0.0,40.74074074074074,0.0,25.0,100.0,1.0
Abiodun BARUWA,NGA,4,0,0,1,0.0,0.0,11.11111111111111,0.0,0.0,100.0,0.0
Achmad NAWIR,INH,1,0,0,1,0.0,0.0,0.0,0.0,0.0,100.0,
Adalbert DESU,ROU,2,1,0,1,0.5,5.88235294117647,3.7037037037037033,12.5,0.0,100.0,
Adalbert PULLOCK,ROU,1,0,0,1,0.0,0.0,0.0,0.0,0.0,100.0,
Adalbert STEINER,ROU,2,0,0,1,0.0,0.0,3.7037037037037033,0.0,0.0,100.0,
Adalbert ZAFIROV,BUL,3,0,0,1,0.0,0.0,7.4074074074074066,0.0,0.0,100.0,0.0
Adam ADAM,KUW,3,0,0,1,0.0,0.0,7.4074074074074066,0.0,0.0,100.0,0.0
Adam MUSIAL,POL,7,0,1,1,0.0,0.0,22.22222222222222,0.0,0.0,87.5,2.0
Adam NAWALKA,POL,6,0,0,1,0.0,0.0,18.51851851851852,0.0,0.0,100.0,0.0
Adam WOLANIN,USA,3,0,0,1,0.0,0.0,7.4074074074074066,0.0,0.0,100.0,0.0
Adan GODOY,CHI,9,0,0,2,0.0,0.0,29.629629629629623,0.0,25.0,100.0,1.0
Adel ABDELRAHMAN,EGY,3,0,0,1,0.0,0.0,7.4074074074074066,0.0,0.0,100.0,0.0
Adel EL SELLIMI,TUN,3,0,0,1,0.0,0.0,7.4074074074074066,0.0,0.0,100.0,0.0
Adelmo VIVAS,COL,3,0,0,1,0.0,0.0,7.4074074074074066,0.0,0.0,100.0,0.0
Adolf SCHERER,TCH,10,2,0,2,0.2,11.76470588235294,33.33333333333333,5.0,25.0,100.0,1.0
Adolf STELZER,SUI,3,0,0,1,0.0,0.0,7.4074074074074066,0.0,0.0,100.0,0.0
Adolfino CANETE,PAR,4,0,0,1,0.0,0.0,11.11111111111111,0.0,0.0,100.0,0.0
Adolfo NEF,CHI,3,0,0,1,0.0,0.0,7.4074074074074066,0.0,0.0,100.0,0.0
Adolfo ZEOLI,URU,4,0,0,1,0.0,0.0,11.11111111111111,0.0,0.0,100.0,0.0
Adolfo ZUMELZU,ARG,5,2,0,1,0.4,11.76470588235294,14.814814814814811,10.0,0.0,100.0,0.0
Adolphe HUG,SUI,3,0,0,1,0.0,0.0,7.4074074074074066,0.0,0.0,100.0,0.0
Adri VAN KRAAY,NED,7,0,0,1,0.0,0.0,22.22222222222222,0.0,0.0,100.0,0.0
Adri VAN TIGGELEN,NED,4,0,0,1,0.0,0.0,11.11111111111111,0.0,0.0,100.0,0.0
Adriaan VAN MALE,NED,2,0,0,2,0.0,0.0,3.7037037037037033,0.0,25.0,100.0,
Adrian ALSTON,AUS,3,0,0,1,0.0,0.0,7.4074074074074066,0.0,0.0,100.0,0.0
Adrian CHAVEZ,MEX,4,0,0,1,0.0,0.0,11.11111111111111,0.0,0.0,100.0,0.0
Adrian ELRICK,NZL,3,0,0,1,0.0,0.0,7.4074074074074066,0.0,0.0,100.0,0.0
Adrian ILIE,ROU,4,1,1,1,0.25,5.88235294117647,11.11111111111111,6.25,0.0,87.5,2.0
Adrian KNUP,SUI,4,2,1,1,0.5,11.76470588235294,11.11111111111111,12.5,0.0,87.5,2.0
Adrian POPESCU,ROU,4,0,0,1,0.0,0.0,11.11111111111111,0.0,0.0,100.0,0.0
Agne SIMONSSON,SWE,6,4,0,1,0.6666666666666666,23.52941176470588,18.51851851851852,16.666666666666664,0.0,100.0,0.0
Agrebi BEN REHAIEM,TUN,3,0,0,1,0.0,0.0,7.4074074074074066,0.0,0.0,100.0,0.0
Agustin MIRANDA,PAR,3,0,0,1,0.0,0.0,7.4074074074074066,0.0,0.0,100.0,0.0
Aharon SHURUK,ISR,3,0,0,1,0.0,0.0,7.4074074074074066,0.0,0.0,100.0,0.0
Ahmed AL TARABULSI,KUW,3,0,0,1,0.0,0.0,7.4074074074074066,0.0,0.0,100.0,0.0
Ahmed ALAOUI,MAR,3,0,0,1,0.0,0.0,7.4074074074074066,0.0,0.0,100.0,0.0
Ahmed BAHJA,MAR,3,0,0,1,0.0,0.0,7.4074074074074066,0.0,0.0,100.0,0.0
Ahmed EL KASS,EGY,3,0,0,1,0.0,0.0,7.4074074074074066,0.0,0.0,100.0,0.0
Ahmed FARAS,MAR,3,0,0,1,0.0,0.0,7.4074074074074066,0.0,0.0,100.0,0.0
Ahmed JASSIM,IRQ,3,0,0,1,0.0,0.0,7.4074074074074066,0.0,0.0,100.0,0.0
Ahmed MASBAHI,MAR,3,0,0,1,0.0,0.0,7.4074074074074066,0.0,0.0,100.0,0.0
Ahmed RADHI,IRQ,3,1,0,1,0.3333333333333333,5.88235294117647,7.4074074074074066,8.333333333333332,0.0,100.0,0.0
Ahmed RAMZY,EGY,3,0,1,1,0.0,0.0,7.4074074074074066,0.0,0.0,87.5,2.0
Ahmed SHOBEIR,EGY,3,0,1,1,0.0,0.0,7.4074074074074066,0.0,0.0,87.5,2.0
Ake ANDERSSON,SWE,3,0,0,1,0.0,0.0,7.4074074074074066,0.0,0.0,100.0,0.0
Ake JOHANSSON,SWE,6,0,0,1,0.0,0.0,18.51851851851852,0.0,0.0,100.0,0.0
Akhrik TSVEIBA,URS,3,0,0,1,0.0,0.0,7.4074074074074066,0.0,0.0,100.0,0.0
Akira NARAHASHI,JPN,3,0,0,1,0.0,0.0,7.4074074074074066,0.0,0.0,100.0,0.0
Al HARKER,USA,1,0,0,1,0.0,0.0,0.0,0.0,0.0,100.0,
Alaa MAYHOUB,EGY,3,0,0,1,0.0,0.0,7.4074074074074066,0.0,0.0,100.0,0.0
Alain BOGHOSSIAN,FRA,7,0,0,1,0.0,0.0,22.22222222222222,0.0,0.0,100.0,0.0
Alain COURIOL,FRA,7,1,0,1,0.1428571428571428,5.88235294117647,22.22222222222222,3.571428571428571,0.0,100.0,0.0
Alain EYOBO MAKONGO,CMR,3,0,0,1,0.0,0.0,7.4074074074074066,0.0,0.0,100.0,0.0
Alain GEIGER,SUI,4,0,0,1,0.0,0.0,11.11111111111111,0.0,0.0,100.0,0.0
Alain GIRESSE,FRA,14,3,1,2,0.2142857142857142,17.647058823529413,48.14814814814815,5.357142857142857,25.0,87.5,1.0
Alain SUTTER,SUI,4,1,0,1,0.25,5.88235294117647,11.11111111111111,6.25,0.0,100.0,0.0
Alan A COURT,ENG,4,0,0,1,0.0,0.0,11.11111111111111,0.0,0.0,100.0,0.0
Alan BALL,ENG,10,0,0,2,0.0,0.0,33.33333333333333,0.0,25.0,100.0,1.0
Alan BRAZIL,SCO,3,0,0,1,0.0,0.0,7.4074074074074066,0.0,0.0,100.0,0.0
Alan HANSEN,SCO,3,0,0,1,0.0,0.0,7.4074074074074066,0.0,0.0,100.0,0.0
Alan HODGKINSON,ENG,8,0,0,2,0.0,0.0,25.925925925925924,0.0,25.0,100.0,1.0
Alan KELLY JR.,IRL,4,0,0,1,0.0,0.0,11.11111111111111,0.0,0.0,100.0,0.0
Alan KERNAGHAN,IRL,4,0,0,1,0.0,0.0,11.11111111111111,0.0,0.0,100.0,0.0
Alan MULLERY,ENG,4,1,0,1,0.25,5.88235294117647,11.11111111111111,6.25,0.0,100.0,0.0
Alan McDONALD,NIR,3,0,0,1,0.0,0.0,7.4074074074074066,0.0,0.0,100.0,0.0
Alan McINALLY,SCO,3,0,0,1,0.0,0.0,7.4074074074074066,0.0,0.0,100.0,0.0
Alan McLOUGHLIN,IRL,9,0,0,2,0.0,0.0,29.629629629629623,0.0,25.0,100.0,1.0
Alan PEACOCK,ENG,4,0,0,1,0.0,0.0,11.11111111111111,0.0,0.0,100.0,0.0
Alan ROUGH,SCO,9,0,0,3,0.0,0.0,29.629629629629623,0.0,50.0,100.0,1.0
Alan SHEARER,ENG,4,1,1,1,0.25,5.88235294117647,11.11111111111111,6.25,0.0,87.5,2.0
Alberigo EVANI,ITA,7,0,0,1,0.0,0.0,22.22222222222222,0.0,0.0,100.0,0.0
Albert BRUELLS,FRG,10,1,0,2,0.1,5.88235294117647,33.33333333333333,2.5,25.0,100.0,1.0
Albert BUCHE,SUI,2,0,0,1,0.0,0.0,3.7037037037037033,0.0,0.0,100.0,
Albert GUINCHARD,SUI,5,0,0,2,0.0,0.0,14.814814814814811,0.0,25.0,100.0,1.0
Albert HEREMANS,BEL,1,0,0,1,0.0,0.0,0.0,0.0,0.0,100.0,
Albert QUIXALL,ENG,3,0,0,1,0.0,0.0,7.4074074074074066,0.0,0.0,100.0,0.0
Albert RUST,FRA,7,0,0,1,0.0,0.0,22.22222222222222,0.0,0.0,100.0,0.0
Albert SHESTERNYOV,URS,14,0,0,3,0.0,0.0,48.14814814814815,0.0,50.0,100.0,3.0
Alberto ACHA,BOL,1,0,0,1,0.0,0.0,0.0,0.0,0.0,100.0,
Alberto BAEZA,MEX,3,0,0,1,0.0,0.0,7.4074074074074066,0.0,0.0,100.0,0.0
Alberto CARDACCIO,URU,3,0,0,1,0.0,0.0,7.4074074074074066,0.0,0.0,100.0,0.0
Alberto CHIVIDINI,ARG,5,0,0,1,0.0,0.0,14.814814814814811,0.0,0.0,100.0,0.0
Alberto DENEGRI,PER,2,0,0,1,0.0,0.0,3.7037037037037033,0.0,0.0,100.0,
Alberto FOUILLOUX,CHI,9,0,0,2,0.0,0.0,29.629629629629623,0.0,25.0,100.0,1.0
Alberto GALATEO,ARG,1,1,0,1,1.0,5.88235294117647,0.0,25.0,0.0,100.0,
Alberto GALLARDO,PER,4,2,0,1,0.5,11.76470588235294,11.11111111111111,12.5,0.0,100.0,0.0
Alberto GARCIA ASPE,MEX,4,0,1,1,0.0,0.0,11.11111111111111,0.0,0.0,87.5,2.0
Alberto GOMEZ,URU,6,0,0,1,0.0,0.0,18.51851851851852,0.0,0.0,100.0,0.0
Alberto GONZALEZ,ARG,7,0,0,2,0.0,0.0,22.22222222222222,0.0,25.0,100.0,1.0
Alberto GONZALEZ,PAR,2,0,0,1,0.0,0.0,3.7037037037037033,0.0,0.0,100.0,1.0
Alberto GORRIZ,ESP,4,1,0,1,0.25,5.88235294117647,11.11111111111111,6.25,0.0,100.0,0.0
Alberto MARIOTTI,ARG,3,0,0,1,0.0,0.0,7.4074074074074066,0.0,0.0,100.0,0.0
Alberto QUINTANO,CHI,3,0,0,1,0.0,0.0,7.4074074074074066,0.0,0.0,100.0,0.0
Alberto SAINZ,ARG,3,0,0,1,0.0,0.0,7.4074074074074066,0.0,0.0,100.0,0.0
Alberto SORIA,PER,2,0,0,1,0.0,0.0,3.7037037037037033,0.0,0.0,100.0,
Alberto TARANTINI,ARG,12,1,0,2,0.0833333333333333,5.88235294117647,40.74074074074074,2.083333333333333,25.0,100.0,1.0
Alberto VALENTINI,CHI,3,0,0,1,0.0,0.0,7.4074074074074066,0.0,0.0,100.0,0.0
Alberto VILLALTA,SLV,3,0,0,1,0.0,0.0,7.4074074074074066,0.0,0.0,100.0,0.0
Albin KITZINGER,GER,2,0,0,1,0.0,0.0,3.7037037037037033,0.0,0.0,100.0,
Alcides GHIGGIA,URU,4,4,0,1,1.0,23.52941176470588,11.11111111111111,25.0,0.0,100.0,0.0
Aldo CAMPATELLI,ITA,2,0,0,1,0.0,0.0,3.7037037037037033,0.0,0.0,100.0,
Aldo DONATI,ITA,4,0,0,1,0.0,0.0,11.11111111111111,0.0,0.0,100.0,0.0
Aldo DONELLI,USA,1,1,0,1,1.0,5.88235294117647,0.0,25.0,0.0,100.0,
Aldo MALDERA,ITA,7,0,0,1,0.0,0.0,22.22222222222222,0.0,0.0,100.0,0.0
Aldo OLIVIERI,ITA,4,0,0,1,0.0,0.0,11.11111111111111,0.0,0.0,100.0,0.0
Aldo POY,ARG,6,0,0,1,0.0,0.0,18.51851851851852,0.0,0.0,100.0,0.0
Aldo SERENA,ITA,11,1,0,2,0.0909090909090909,5.88235294117647,37.03703703703704,2.272727272727273,25.0,100.0,1.0
Alejandro DOMINGUEZ,MEX,5,0,0,1,0.0,0.0,14.814814814814811,0.0,0.0,100.0,0.0
Alejandro MANCUSO,ARG,4,0,0,1,0.0,0.0,11.11111111111111,0.0,0.0,100.0,0.0
Alejandro SCOPELLI,ARG,5,1,0,1,0.2,5.88235294117647,14.814814814814811,5.0,0.0,100.0,0.0
Alejandro VILLANUEVA,PER,2,0,0,1,0.0,0.0,3.7037037037037033,0.0,0.0,100.0,
Alekos ALEXANDRIS,GRE,3,0,0,1,0.0,0.0,7.4074074074074066,0.0,0.0,100.0,0.0
Aleksandar ATANACKOVIC,YUG,3,0,0,1,0.0,0.0,7.4074074074074066,0.0,0.0,100.0,0.0
Aleksandar IVOS,YUG,6,0,0,1,0.0,0.0,18.51851851851852,0.0,0.0,100.0,0.0
Aleksandar KOSTOV,BUL,6,0,0,2,0.0,0.0,18.51851851851852,0.0,25.0,100.0,1.0
Aleksandar MARKOV,BUL,4,0,1,1,0.0,0.0,11.11111111111111,0.0,0.0,87.5,2.0
Aleksandar PETAKOVIC,YUG,7,2,0,2,0.2857142857142857,11.76470588235294,22.22222222222222,7.142857142857142,25.0,100.0,1.0
Aleksandar SHALAMANOV,BUL,6,0,0,2,0.0,0.0,18.51851851851852,0.0,25.0,100.0,1.0
Aleksandar TIRNANIC,YUG,3,1,0,1,0.3333333333333333,5.88235294117647,7.4074074074074066,8.333333333333332,0.0,100.0,0.0
Aleksandr BORODYUK,RUS,3,0,0,1,0.0,0.0,7.4074074074074066,0.0,0.0,100.0,0.0
Aleksandr BORODYUK,RUS,3,0,0,1,0.0,0.0,7.4074074074074066,0.0,0.0,100.0,0.0
Aleksandr BORODYUK,URS,3,0,0,1,0.0,0.0,7.4074074074074066,0.0,0.0,100.0,0.0
Aleksandr BORODYUK,URS,3,0,0,1,0.0,0.0,7.4074074074074066,0.0,0.0,100.0,0.0
Aleksandr BUBNOV,URS,4,0,0,1,0.0,0.0,11.11111111111111,0.0,0.0,100.0,0.0
Aleksandr IVANOV,URS,5,1,0,1,0.2,5.88235294117647,14.814814814814811,5.0,0.0,100.0,0.0
Aleksandr MOSTOVOI,RUS,3,0,0,1,0.0,0.0,7.4074074074074066,0.0,0.0,100.0,0.0
Aleksandr UVAROV,URS,3,0,0,1,0.0,0.0,7.4074074074074066,0.0,0.0,100.0,0.0
Aleksandr ZAVAROV,URS,7,2,0,2,0.2857142857142857,11.76470588235294,22.22222222222222,7.142857142857142,25.0,100.0,1.0
Aleksandre CHIVADZE,URS,9,1,1,2,0.1111111111111111,5.88235294117647,29.629629629629623,2.7777777777777777,25.0,87.5,1.0
Aleksei MAMYKIN,URS,4,1,0,1,0.25,5.88235294117647,11.11111111111111,6.25,0.0,100.0,0.0
Alen BOKSIC,YUG,5,0,0,1,0.0,0.0,14.814814814814811,0.0,0.0,100.0,0.0
Alessandro ALTOBELLI,ITA,11,4,0,2,0.3636363636363636,23.52941176470588,37.03703703703704,9.090909090909092,25.0,100.0,1.0
Alessandro COSTACURTA,ITA,5,0,2,1,0.0,0.0,14.814814814814811,0.0,0.0,75.0,2.0
Alessandro DEL PIERO,ITA,5,0,1,1,0.0,0.0,14.814814814814811,0.0,0.0,87.5,2.0
Alessandro FRIGERIO,SUI,3,0,0,1,0.0,0.0,7.4074074074074066,0.0,0.0,100.0,0.0
Alessandro NESTA,ITA,5,0,0,1,0.0,0.0,14.814814814814811,0.0,0.0,100.0,0.0
Alex CZERNIATYNSKI,BEL,9,1,0,2,0.1111111111111111,5.88235294117647,29.629629629629623,2.7777777777777777,25.0,100.0,1.0
Alex GRAAFLAND,NED,1,0,0,1,0.0,0.0,0.0,0.0,0.0,100.0,
Alex McLEISH,SCO,9,0,0,3,0.0,0.0,29.629629629629623,0.0,50.0,100.0,1.0
Alex PARKER,SCO,3,0,0,1,0.0,0.0,7.4074074074074066,0.0,0.0,100.0,0.0
Alex SCOTT,SCO,3,0,0,1,0.0,0.0,7.4074074074074066,0.0,0.0,100.0,0.0
Alex STEPNEY,ENG,4,0,0,1,0.0,0.0,11.11111111111111,0.0,0.0,100.0,0.0
Alex THEPOT,FRA,4,0,0,2,0.0,0.0,11.11111111111111,0.0,25.0,100.0,1.0
Alex VILLAPLANE,FRA,3,0,0,1,0.0,0.0,7.4074074074074066,0.0,0.0,100.0,0.0
Alex WILSON,SCO,2,0,0,1,0.0,0.0,3.7037037037037033,0.0,0.0,100.0,
Alexander HORVATH,TCH,3,0,1,1,0.0,0.0,7.4074074074074066,0.0,0.0,87.5,2.0
Alexander VENCEL,TCH,3,0,0,1,0.0,0.0,7.4074074074074066,0.0,0.0,100.0,0.0
Alexander WOOD,USA,3,0,0,1,0.0,0.0,7.4074074074074066,0.0,0.0,100.0,0.0
Alexandre GUIMARAES,CRC,4,0,0,1,0.0,0.0,11.11111111111111,0.0,0.0,100.0,0.0
Alexandru CUEDAN,ROU,1,0,0,1,0.0,0.0,0.0,0.0,0.0,100.0,
Alexandru NEAGU,ROU,3,1,0,1,0.3333333333333333,5.88235294117647,7.4074074074074066,8.333333333333332,0.0,100.0,0.0
Alexey KORNEEV,URS,6,0,0,1,0.0,0.0,18.51851851851852,0.0,0.0,100.0,0.0
Alexi LALAS,USA,3,0,0,1,0.0,0.0,7.4074074074074066,0.0,0.0,100.0,0.0
Alexis ALEXIOU,GRE,3,0,0,1,0.0,0.0,7.4074074074074066,0.0,0.0,100.0,0.0
Alexis ALEXOUDIS,GRE,3,0,1,1,0.0,0.0,7.4074074074074066,0.0,0.0,87.5,2.0
Alexis CHANTRAINE,BEL,2,0,0,1,0.0,0.0,3.7037037037037033,0.0,0.0,100.0,
Alexis MENDOZA,COL,7,0,0,2,0.0,0.0,22.22222222222222,0.0,25.0,100.0,1.0
Alf HALAND,NOR,3,0,2,1,0.0,0.0,7.4074074074074066,0.0,0.0,75.0,2.0
Alf MARTINSEN,NOR,1,0,0,1,0.0,0.0,0.0,0.0,0.0,100.0,
Alf RAMSEY,ENG,3,0,0,1,0.0,0.0,7.4074074074074066,0.0,0.0,100.0,0.0
Alfons VAN BRANDT,BEL,2,0,0,1,0.0,0.0,3.7037037037037033,0.0,0.0,100.0,
Alfonse PEETERS,BEL,3,0,0,1,0.0,0.0,7.4074074074074066,0.0,0.0,100.0,0.0
Alfonso DOMINGUEZ,URU,4,0,0,1,0.0,0.0,11.11111111111111,0.0,0.0,100.0,0.0
Alfonso LARA,CHI,3,0,0,1,0.0,0.0,7.4074074074074066,0.0,0.0,100.0,0.0
Alfonso LORENZO,ARG,1,0,0,1,0.0,0.0,0.0,0.0,0.0,100.0,
Alfonso MONTEMAYOR,MEX,3,0,0,1,0.0,0.0,7.4074074074074066,0.0,0.0,100.0,0.0
Alfonso PEREIRA,URU,4,0,0,1,0.0,0.0,11.11111111111111,0.0,0.0,100.0,0.0
Alfonso PORTUGAL,MEX,3,0,0,1,0.0,0.0,7.4074074074074066,0.0,0.0,100.0,0.0
Alfonso SILVA,ESP,6,0,0,1,0.0,0.0,18.51851851851852,0.0,0.0,100.0,0.0
Alfred ASTON,FRA,3,0,0,2,0.0,0.0,7.4074074074074066,0.0,25.0,100.0,1.0
Alfred EISENBEISSER,ROU,2,0,0,1,0.0,0.0,3.7037037037037033,0.0,0.0,100.0,
Alfred HOERTNAGL,AUT,3,0,0,1,0.0,0.0,7.4074074074074066,0.0,0.0,100.0,0.0
Alfred JAECK,SUI,2,0,0,1,0.0,0.0,3.7037037037037033,0.0,0.0,100.0,
Alfred KELBASSA,FRG,6,0,0,1,0.0,0.0,18.51851851851852,0.0,0.0,100.0,0.0
Alfred KOERNER,AUT,8,3,0,2,0.375,17.647058823529413,25.925925925925924,9.375,25.0,100.0,1.0
Alfred McMICHAEL,NIR,5,0,0,1,0.0,0.0,14.814814814814811,0.0,0.0,100.0,0.0
Alfred PFAFF,FRG,6,1,0,1,0.1666666666666666,5.88235294117647,18.51851851851852,4.166666666666666,0.0,100.0,0.0
Alfred PHIRI,RSA,3,0,2,1,0.0,0.0,7.4074074074074066,0.0,0.0,75.0,2.0
Alfred SCHMIDT,FRG,6,0,0,1,0.0,0.0,18.51851851851852,0.0,0.0,100.0,0.0
Alfred TEINITZER,AUT,5,0,0,1,0.0,0.0,14.814814814814811,0.0,0.0,100.0,0.0
Alfredo DE VINCENZI,ARG,1,0,0,1,0.0,0.0,0.0,0.0,0.0,100.0,
Alfredo DEL AGUILA,MEX,3,1,0,1,0.3333333333333333,5.88235294117647,7.4074074074074066,8.333333333333332,0.0,100.0,0.0
Alfredo DI STEFANO,ESP,3,0,0,1,0.0,0.0,7.4074074074074066,0.0,0.0,100.0,0.0
Alfredo FONI,ITA,4,0,0,1,0.0,0.0,11.11111111111111,0.0,0.0,100.0,0.0
Alfredo HERNANDEZ,MEX,6,0,0,2,0.0,0.0,18.51851851851852,0.0,25.0,100.0,1.0
Alfredo MENDOZA,PAR,4,0,1,1,0.0,0.0,11.11111111111111,0.0,0.0,87.5,2.0
Alfredo PEREZ,ARG,3,0,0,1,0.0,0.0,7.4074074074074066,0.0,0.0,100.0,0.0
Alfredo QUESADA,PER,6,0,1,1,0.0,0.0,18.51851851851852,0.0,0.0,87.5,2.0
Alfredo ROJAS,ARG,7,0,0,2,0.0,0.0,22.22222222222222,0.0,25.0,100.0,1.0
Alfredo SANCHEZ,MEX,3,0,0,1,0.0,0.0,7.4074074074074066,0.0,0.0,100.0,0.0
Alfredo TENA,MEX,3,0,0,1,0.0,0.0,7.4074074074074066,0.0,0.0,100.0,0.0
Alfredo TORRES,MEX,2,0,0,1,0.0,0.0,3.7037037037037033,0.0,0.0,100.0,
Alfredo VASQUEZ,SLV,3,0,0,1,0.0,0.0,7.4074074074074066,0.0,0.0,100.0,0.0
Ali BENCHEIKH,ALG,3,0,0,1,0.0,0.0,7.4074074074074066,0.0,0.0,100.0,0.0
Ali BOUMNIJEL,TUN,3,0,0,1,0.0,0.0,7.4074074074074066,0.0,0.0,100.0,0.0
Ali EL KHATTABI,MAR,3,0,0,1,0.0,0.0,7.4074074074074066,0.0,0.0,100.0,0.0
Ali FERGANI,ALG,3,0,0,1,0.0,0.0,7.4074074074074066,0.0,0.0,100.0,0.0
Ali KAABI,TUN,3,1,0,1,0.3333333333333333,5.88235294117647,7.4074074074074066,8.333333333333332,0.0,100.0,0.0
Ali Mohammed EL KAF,EGY,1,0,0,1,0.0,0.0,0.0,0.0,0.0,100.0,
Ali PARWIN,IRN,3,0,0,1,0.0,0.0,7.4074074074074066,0.0,0.0,100.0,0.0
Ali Reza GHESHGHAIAN,IRN,3,0,0,1,0.0,0.0,7.4074074074074066,0.0,0.0,100.0,0.0
Ali SHOJAEI,IRN,3,0,0,1,0.0,0.0,7.4074074074074066,0.0,0.0,100.0,0.0
Ali Thani JUMAA,UAE,3,1,0,1,0.3333333333333333,5.88235294117647,7.4074074074074066,8.333333333333332,0.0,100.0,0.0
Alim BEN MABROUK,ALG,3,0,0,1,0.0,0.0,7.4074074074074066,0.0,0.0,100.0,0.0
Alioum BOUKAR,CMR,3,0,0,1,0.0,0.0,7.4074074074074066,0.0,0.0,100.0,0.0
Alistair McCOIST,SCO,3,0,0,1,0.0,0.0,7.4074074074074066,0.0,0.0,100.0,0.0
Aljosa ASANOVIC,CRO,7,0,2,1,0.0,0.0,22.22222222222222,0.0,0.0,75.0,2.0
Allal BEN KASSOU,MAR,3,0,0,1,0.0,0.0,7.4074074074074066,0.0,0.0,100.0,0.0
Allan BOATH,NZL,3,0,0,1,0.0,0.0,7.4074074074074066,0.0,0.0,100.0,0.0
Allan BROWN,SCO,2,0,0,1,0.0,0.0,3.7037037037037033,0.0,0.0,100.0,
Allan CLARKE,ENG,4,0,0,1,0.0,0.0,11.11111111111111,0.0,0.0,100.0,0.0
Allan COSTLY,HON,3,0,0,1,0.0,0.0,7.4074074074074066,0.0,0.0,100.0,0.0
Allan EVANS,SCO,3,0,0,1,0.0,0.0,7.4074074074074066,0.0,0.0,100.0,0.0
Allan MAHER,AUS,3,0,0,1,0.0,0.0,7.4074074074074066,0.0,0.0,100.0,0.0
Allan NIELSEN,DEN,5,1,1,1,0.2,5.88235294117647,14.814814814814811,5.0,0.0,87.5,2.0
Allan SIMONSEN,DEN,4,0,0,1,0.0,0.0,11.11111111111111,0.0,0.0,100.0,0.0
Allenby CHILTON,ENG,3,0,0,1,0.0,0.0,7.4074074074074066,0.0,0.0,100.0,0.0
Alloy AGU,NGA,4,0,0,1,0.0,0.0,11.11111111111111,0.0,0.0,100.0,0.0
Alphonse DE WINTER,BEL,1,0,0,1,0.0,0.0,0.0,0.0,0.0,100.0,
Alphonse YOMBI,CMR,5,0,0,1,0.0,0.0,14.814814814814811,0.0,0.0,100.0,0.0
Alvaro GESTIDO,URU,4,0,0,1,0.0,0.0,11.11111111111111,0.0,0.0,100.0,0.0
Alvaro PENA,BOL,3,0,0,1,0.0,0.0,7.4074074074074066,0.0,0.0,100.0,0.0
Alvin MARTIN,ENG,5,0,1,1,0.0,0.0,14.814814814814811,0.0,0.0,87.5,2.0
Amadeo CARRIZO,ARG,3,0,0,1,0.0,0.0,7.4074074074074066,0.0,0.0,100.0,0.0
Amadeo ORTEGA,PAR,2,0,0,1,0.0,0.0,3.7037037037037033,0.0,0.0,100.0,
Amedeo AMADEI,ITA,2,0,0,1,0.0,0.0,3.7037037037037033,0.0,0.0,100.0,
Amedeo BIAVATI,ITA,4,0,0,1,0.0,0.0,11.11111111111111,0.0,0.0,100.0,0.0
Americo GALLEGO,ARG,12,0,3,2,0.0,0.0,40.74074074074074,0.0,25.0,62.5,3.0
Amleto FRIGNANI,ITA,3,1,0,1,0.3333333333333333,5.88235294117647,7.4074074074074066,8.333333333333332,0.0,100.0,0.0
Anatoli BANISHEVSKI,URS,6,1,0,1,0.1666666666666666,5.88235294117647,18.51851851851852,4.166666666666666,0.0,100.0,0.0
Anatoli DEMYANENKO,URS,12,0,0,3,0.0,0.0,40.74074074074074,0.0,50.0,100.0,3.0
Anatoli ILYIN,URS,5,2,0,1,0.4,11.76470588235294,14.814814814814811,10.0,0.0,100.0,0.0
Anatoli MASLYONKIN,URS,9,0,0,2,0.0,0.0,29.629629629629623,0.0,25.0,100.0,1.0
Anatoli NANKOV,BUL,3,0,4,1,0.0,0.0,7.4074074074074066,0.0,0.0,50.0,2.0
Anatoli PUZACH,URS,4,0,0,1,0.0,0.0,11.11111111111111,0.0,0.0,100.0,0.0
Anatoly BISHOVETS,URS,4,4,1,1,1.0,23.52941176470588,11.11111111111111,25.0,0.0,87.5,2.0
Andeas OGRIS,AUT,3,1,0,1,0.3333333333333333,5.88235294117647,7.4074074074074066,8.333333333333332,0.0,100.0,0.0
Anders LIMPAR,SWE,10,0,0,2,0.0,0.0,33.33333333333333,0.0,25.0,100.0,1.0
Anders LINDEROTH,SWE,3,0,0,1,0.0,0.0,7.4074074074074066,0.0,0.0,100.0,0.0
Anders RYDBERG,SWE,2,0,0,1,0.0,0.0,3.7037037037037033,0.0,0.0,100.0,
Andoni ZUBIZARRETA,ESP,5,0,0,1,0.0,0.0,14.814814814814811,0.0,0.0,100.0,0.0
Andranik ESKANDARIAN,IRN,3,0,2,1,0.0,0.0,7.4074074074074066,0.0,0.0,75.0,2.0
Andras TOROCSIK,HUN,6,0,2,2,0.0,0.0,18.51851851851852,0.0,25.0,75.0,1.0
Andras TOTH,HUN,3,0,0,1,0.0,0.0,7.4074074074074066,0.0,0.0,100.0,0.0
Andre ABEGGLEN,SUI,5,4,0,2,0.8,23.52941176470588,14.814814814814811,20.0,25.0,100.0,1.0
Andre CHORDA,FRA,3,0,0,1,0.0,0.0,7.4074074074074066,0.0,0.0,100.0,0.0
Andre GROBETY,SUI,6,0,0,2,0.0,0.0,18.51851851851852,0.0,25.0,100.0,1.0
Andre KANA-BIYIK,CMR,8,0,4,2,0.0,0.0,25.925925925925924,0.0,25.0,50.0,2.0
Andre LEROND,FRA,6,0,0,1,0.0,0.0,18.51851851851852,0.0,0.0,100.0,0.0
Andre MASCHINOT,FRA,3,2,0,1,0.6666666666666666,11.76470588235294,7.4074074074074066,16.666666666666664,0.0,100.0,0.0
Andre NEURY,SUI,7,0,0,2,0.0,0.0,22.22222222222222,0.0,25.0,100.0,1.0
Andre OOIJER,NED,7,0,0,1,0.0,0.0,22.22222222222222,0.0,0.0,100.0,0.0
Andre SAEYS,BEL,2,0,0,1,0.0,0.0,3.7037037037037033,0.0,0.0,100.0,
Andre STRAPPE,FRA,2,0,0,1,0.0,0.0,3.7037037037037033,0.0,0.0,100.0,
Andre TASSIN,FRA,3,0,0,1,0.0,0.0,7.4074074074074066,0.0,0.0,100.0,0.0
Andre VAN DE WEYER,BEL,2,0,0,2,0.0,0.0,3.7037037037037033,0.0,25.0,100.0,
Andrea CARNEVALE,ITA,7,0,0,1,0.0,0.0,22.22222222222222,0.0,0.0,100.0,0.0
Andreas BREHME,FRG,14,3,3,2,0.2142857142857142,17.647058823529413,48.14814814814815,5.357142857142857,25.0,62.5,3.0
Andreas BREHME,FRG,14,3,3,2,0.2142857142857142,17.647058823529413,48.14814814814815,5.357142857142857,25.0,62.5,2.0
Andreas BREHME,GER,5,0,1,1,0.0,0.0,14.814814814814811,0.0,0.0,87.5,3.0
Andreas BREHME,GER,5,0,1,1,0.0,0.0,14.814814814814811,0.0,0.0,87.5,2.0
Andreas HERAF,AUT,3,0,0,1,0.0,0.0,7.4074074074074066,0.0,0.0,100.0,0.0
Andreas HERZOG,AUT,6,0,1,2,0.0,0.0,18.51851851851852,0.0,25.0,87.5,1.0
Andreas KOEPKE,FRG,7,0,0,1,0.0,0.0,22.22222222222222,0.0,0.0,100.0,0.0
Andreas KOEPKE,FRG,7,0,0,1,0.0,0.0,22.22222222222222,0.0,0.0,100.0,0.0
Andreas KOEPKE,GER,5,0,0,1,0.0,0.0,14.814814814814811,0.0,0.0,100.0,0.0
Andreas KOEPKE,GER,5,0,0,1,0.0,0.0,14.814814814814811,0.0,0.0,100.0,0.0
Andreas KUPFER,GER,2,0,0,1,0.0,0.0,3.7037037037037033,0.0,0.0,100.0,
Andreas MOELLER,FRG,7,0,0,1,0.0,0.0,22.22222222222222,0.0,0.0,100.0,0.0
Andreas REISINGER,AUT,3,0,1,1,0.0,0.0,7.4074074074074066,0.0,0.0,87.5,2.0
Andrei BAL,URS,9,1,0,2,0.1111111111111111,5.88235294117647,29.629629629629623,2.7777777777777777,25.0,100.0,1.0
Andrei BARBULESCU,ROU,2,0,0,1,0.0,0.0,3.7037037037037033,0.0,0.0,100.0,
Andrei PIATNITSKI,RUS,3,0,0,1,0.0,0.0,7.4074074074074066,0.0,0.0,100.0,0.0
Andrei ZHELYAZKOV,BUL,4,0,0,1,0.0,0.0,11.11111111111111,0.0,0.0,100.0,0.0
Andrei ZYGMANTOVICH,URS,3,1,1,1,0.3333333333333333,5.88235294117647,7.4074074074074066,8.333333333333332,0.0,87.5,2.0
Andrej KVASNAK,TCH,9,0,1,2,0.0,0.0,29.629629629629623,0.0,25.0,87.5,1.0
Andrej PANADIC,YUG,5,0,0,1,0.0,0.0,14.814814814814811,0.0,0.0,100.0,0.0
Andres ESCOBAR,COL,7,0,0,2,0.0,0.0,22.22222222222222,0.0,25.0,100.0,1.0
Andres PRIETO,CHI,3,1,0,1,0.3333333333333333,5.88235294117647,7.4074074074074066,8.333333333333332,0.0,100.0,0.0
Andrew AULD,USA,3,0,0,1,0.0,0.0,7.4074074074074066,0.0,0.0,100.0,0.0
Andrew WILLIAMS,JAM,3,0,0,1,0.0,0.0,7.4074074074074066,0.0,0.0,100.0,0.0
Andrija ANKOVIC,YUG,6,0,0,1,0.0,0.0,18.51851851851852,0.0,0.0,100.0,0.0
Andrzej BUNCOL,POL,11,1,2,2,0.0909090909090909,5.88235294117647,37.03703703703704,2.272727272727273,25.0,75.0,1.0
Andrzej FISCHER,POL,7,0,0,1,0.0,0.0,22.22222222222222,0.0,0.0,100.0,0.0
Andrzej IWAN,POL,13,0,0,2,0.0,0.0,44.44444444444444,0.0,25.0,100.0,1.0
Andrzej PALASZ,POL,11,0,1,2,0.0,0.0,37.03703703703704,0.0,25.0,87.5,1.0
Andrzej SZARMACH,POL,20,7,1,3,0.35,41.17647058823529,70.37037037037037,8.75,50.0,87.5,3.0
Andrzej ZGUTCZYNSKI,POL,4,0,0,1,0.0,0.0,11.11111111111111,0.0,0.0,100.0,0.0
Andy EGLI,SUI,4,0,0,1,0.0,0.0,11.11111111111111,0.0,0.0,100.0,0.0
Andy GORAM,SCO,6,0,0,2,0.0,0.0,18.51851851851852,0.0,25.0,100.0,1.0
Andy PICHLER,AUT,5,0,1,1,0.0,0.0,14.814814814814811,0.0,0.0,87.5,2.0
Andy TOWNSEND,IRL,9,0,0,2,0.0,0.0,29.629629629629623,0.0,25.0,100.0,1.0
Anfilogino GUARISI,ITA,5,0,0,1,0.0,0.0,14.814814814814811,0.0,0.0,100.0,0.0
Angel BARGAS,ARG,6,0,1,1,0.0,0.0,18.51851851851852,0.0,0.0,87.5,2.0
Angel BERNI,PAR,2,0,0,1,0.0,0.0,3.7037037037037033,0.0,0.0,100.0,
Angel BOSSIO,ARG,5,0,0,1,0.0,0.0,14.814814814814811,0.0,0.0,100.0,0.0
Angel COMIZZO,ARG,5,0,0,1,0.0,0.0,14.814814814814811,0.0,0.0,100.0,0.0
Angel GRIPPA,ARG,1,0,0,1,0.0,0.0,0.0,0.0,0.0,100.0,
Angel LABRUNA,ARG,3,0,0,1,0.0,0.0,7.4074074074074066,0.0,0.0,100.0,0.0
Angel MELOGNO,URU,4,0,0,1,0.0,0.0,11.11111111111111,0.0,0.0,100.0,0.0
Angel Ruben CABRERA,URU,3,1,1,1,0.3333333333333333,5.88235294117647,7.4074074074074066,8.333333333333332,0.0,87.5,2.0
Angelo DI LIVIO,ITA,5,0,1,1,0.0,0.0,14.814814814814811,0.0,0.0,87.5,2.0
Angelo DOMENGHINI,ITA,6,1,1,1,0.1666666666666666,5.88235294117647,18.51851851851852,4.166666666666666,0.0,87.5,2.0
Angelo SCHIAVIO,ITA,5,4,0,1,0.8,23.52941176470588,14.814814814814811,20.0,0.0,100.0,0.0
Angelo SORMANI,ITA,3,0,0,1,0.0,0.0,7.4074074074074066,0.0,0.0,100.0,0.0
Anibal ALZATE,COL,3,0,0,1,0.0,0.0,7.4074074074074066,0.0,0.0,100.0,0.0
Anibal PAZ,URU,4,0,0,1,0.0,0.0,11.11111111111111,0.0,0.0,100.0,0.0
Anibal TARABINI,ARG,4,0,0,1,0.0,0.0,11.11111111111111,0.0,0.0,100.0,0.0
Anker KIHLE,NOR,1,0,0,1,0.0,0.0,0.0,0.0,0.0,100.0,
Antal KOTASZ,HUN,4,0,0,1,0.0,0.0,11.11111111111111,0.0,0.0,100.0,0.0
Antal NAGY,HUN,7,0,0,2,0.0,0.0,22.22222222222222,0.0,25.0,100.0,1.0
Antal ROTH,HUN,3,0,0,1,0.0,0.0,7.4074074074074066,0.0,0.0,100.0,0.0
Antal SZABO,HUN,6,0,0,2,0.0,0.0,18.51851851851852,0.0,25.0,100.0,1.0
Antal SZALAY,HUN,6,0,0,2,0.0,0.0,18.51851851851852,0.0,25.0,100.0,1.0
Antal SZENTIMIHALYI,HUN,8,0,0,2,0.0,0.0,25.925925925925924,0.0,25.0,100.0,1.0
Anthony SERIC,CRO,7,0,0,1,0.0,0.0,22.22222222222222,0.0,0.0,100.0,0.0
Antoine CUISSARD,FRA,2,0,0,1,0.0,0.0,3.7037037037037033,0.0,0.0,100.0,
Anton DOBOS,ROU,4,0,0,1,0.0,0.0,11.11111111111111,0.0,0.0,100.0,0.0
Anton JANDA,AUT,4,0,0,1,0.0,0.0,11.11111111111111,0.0,0.0,100.0,0.0
Anton KRASNOHORSKY,TCH,2,0,0,1,0.0,0.0,3.7037037037037033,0.0,0.0,100.0,
Anton MALATINSKY,TCH,2,0,0,1,0.0,0.0,3.7037037037037033,0.0,0.0,100.0,
Anton MORAVCIK,TCH,4,0,0,1,0.0,0.0,11.11111111111111,0.0,0.0,100.0,0.0
Anton PFEFFER,AUT,6,0,2,2,0.0,0.0,18.51851851851852,0.0,25.0,75.0,1.0
Antonello CUCCUREDDU,ITA,7,0,0,1,0.0,0.0,22.22222222222222,0.0,0.0,100.0,0.0
Antoni GALECKI,POL,1,0,0,1,0.0,0.0,0.0,0.0,0.0,100.0,
Antoni LYKO,POL,1,0,0,1,0.0,0.0,0.0,0.0,0.0,100.0,
Antoni SZYMANOWSKI,POL,13,0,0,2,0.0,0.0,44.44444444444444,0.0,25.0,100.0,1.0
Antonin FLESAR,TCH,3,0,0,1,0.0,0.0,7.4074074074074066,0.0,0.0,100.0,0.0
Antonin PANENKA,TCH,3,0,1,1,0.0,0.0,7.4074074074074066,0.0,0.0,87.5,2.0
Antonin PUC,TCH,7,2,0,2,0.2857142857142857,11.76470588235294,22.22222222222222,7.142857142857142,25.0,100.0,1.0
Antonin VODICKA,TCH,4,0,0,1,0.0,0.0,11.11111111111111,0.0,0.0,100.0,0.0
Antonio ALZAMENDI,URU,8,1,0,2,0.125,5.88235294117647,25.925925925925924,3.125,25.0,100.0,1.0
Antonio ARIAS,CHI,3,0,0,1,0.0,0.0,7.4074074074074066,0.0,0.0,100.0,0.0
Antonio BENARRIVO,ITA,7,0,0,1,0.0,0.0,22.22222222222222,0.0,0.0,100.0,0.0
Antonio BETANCOURT,ESP,3,0,0,1,0.0,0.0,7.4074074074074066,0.0,0.0,100.0,0.0
Antonio BIOSCA,ESP,3,0,0,1,0.0,0.0,7.4074074074074066,0.0,0.0,100.0,0.0
Antonio CABRERA,PAR,2,0,0,1,0.0,0.0,3.7037037037037033,0.0,0.0,100.0,
Antonio CABRINI,ITA,18,1,2,3,0.0555555555555555,5.88235294117647,62.96296296296296,1.3888888888888888,50.0,75.0,3.0
Antonio CARBAJAL,MEX,14,0,0,5,0.0,0.0,48.14814814814815,0.0,100.0,100.0,3.0
Antonio CONTE,ITA,7,0,0,1,0.0,0.0,22.22222222222222,0.0,0.0,100.0,0.0
Antonio DE LA CRUZ,ESP,3,0,0,1,0.0,0.0,7.4074074074074066,0.0,0.0,100.0,0.0
Antonio DE LA TORRE,MEX,3,0,0,1,0.0,0.0,7.4074074074074066,0.0,0.0,100.0,0.0
Antonio DI GENNARO,ITA,4,0,1,1,0.0,0.0,11.11111111111111,0.0,0.0,87.5,2.0
Antonio FLORES,MEX,3,0,0,1,0.0,0.0,7.4074074074074066,0.0,0.0,100.0,0.0
Antonio GRECCO,BOL,1,0,0,1,0.0,0.0,0.0,0.0,0.0,100.0,
Antonio GUZMAN,ESP,3,0,0,1,0.0,0.0,7.4074074074074066,0.0,0.0,100.0,0.0
Antonio JASSO,MEX,3,0,0,1,0.0,0.0,7.4074074074074066,0.0,0.0,100.0,0.0
Antonio JULIANO,ITA,12,0,0,3,0.0,0.0,40.74074074074074,0.0,50.0,100.0,3.0
Antonio MACEDA,ESP,10,0,0,2,0.0,0.0,33.33333333333333,0.0,25.0,100.0,1.0
Antonio MAQUILON,PER,2,0,0,1,0.0,0.0,3.7037037037037033,0.0,0.0,100.0,
Antonio MOTA,MEX,7,0,0,2,0.0,0.0,22.22222222222222,0.0,25.0,100.0,1.0
Antonio MUNGUIA,MEX,4,0,0,1,0.0,0.0,11.11111111111111,0.0,0.0,100.0,0.0
Antonio OLMO,ESP,3,0,0,1,0.0,0.0,7.4074074074074066,0.0,0.0,100.0,0.0
Antonio PERMUNIAN,SUI,3,0,0,1,0.0,0.0,7.4074074074074066,0.0,0.0,100.0,0.0
Antonio PUCHADES,ESP,6,0,0,1,0.0,0.0,18.51851851851852,0.0,0.0,100.0,0.0
Antonio RADA,COL,3,1,0,1,0.3333333333333333,5.88235294117647,7.4074074074074066,8.333333333333332,0.0,100.0,0.0
Antonio RAMALLETS,ESP,6,0,0,1,0.0,0.0,18.51851851851852,0.0,0.0,100.0,0.0
Antonio RATTIN,ARG,7,0,2,2,0.0,0.0,22.22222222222222,0.0,25.0,75.0,1.0
Antonio ROMA,ARG,7,0,0,2,0.0,0.0,22.22222222222222,0.0,25.0,100.0,1.0
Antonio VALENCIA,BOL,1,0,0,1,0.0,0.0,0.0,0.0,0.0,100.0,
Antonis MINOU,GRE,3,0,0,1,0.0,0.0,7.4074074074074066,0.0,0.0,100.0,0.0
Anwar SUTAN,INH,1,0,0,1,0.0,0.0,0.0,0.0,0.0,100.0,
Anzor KAVAZASHVILI,URS,10,0,0,2,0.0,0.0,33.33333333333333,0.0,25.0,100.0,1.0
Arcadio LOPEZ,ARG,1,0,0,1,0.0,0.0,0.0,0.0,0.0,100.0,
Archie GEMMILL,SCO,3,1,1,1,0.3333333333333333,5.88235294117647,7.4074074074074066,8.333333333333332,0.0,87.5,2.0
Archie ROBERTSON,SCO,3,0,0,1,0.0,0.0,7.4074074074074066,0.0,0.0,100.0,0.0
Ardian KOZNIKU,CRO,7,0,0,1,0.0,0.0,22.22222222222222,0.0,0.0,100.0,0.0
Ardico MAGNINI,ITA,3,0,0,1,0.0,0.0,7.4074074074074066,0.0,0.0,100.0,0.0
Arie DE WINTER,NED,1,0,0,1,0.0,0.0,0.0,0.0,0.0,100.0,
Arie HAAN,NED,14,2,1,2,0.1428571428571428,11.76470588235294,48.14814814814815,3.571428571428571,25.0,87.5,1.0
Arie SCHOEMAKER,NED,1,0,0,1,0.0,0.0,0.0,0.0,0.0,100.0,
Ariel ORTEGA,ARG,5,2,3,1,0.4,11.76470588235294,14.814814814814811,10.0,0.0,62.5,2.0
Aristide GUARNERI,ITA,3,0,0,1,0.0,0.0,7.4074074074074066,0.0,0.0,100.0,0.0
Armand PENVERNE,FRA,8,0,0,2,0.0,0.0,25.925925925925924,0.0,25.0,100.0,1.0
Armando CASTELLAZZI,ITA,5,0,0,1,0.0,0.0,14.814814814814811,0.0,0.0,100.0,0.0
Armando GONZALEZ,PAR,2,0,0,1,0.0,0.0,3.7037037037037033,0.0,0.0,100.0,
Armando MANZO,MEX,5,0,0,1,0.0,0.0,14.814814814814811,0.0,0.0,100.0,0.0
Armando SEGATO,ITA,3,0,0,1,0.0,0.0,7.4074074074074066,0.0,0.0,100.0,0.0
Armando TOBAR,CHI,9,0,0,2,0.0,0.0,29.629629629629623,0.0,25.0,100.0,1.0
Armando UFARTE,ESP,3,0,0,1,0.0,0.0,7.4074074074074066,0.0,0.0,100.0,0.0
Arnaldo ORTELLI,SUI,2,0,0,1,0.0,0.0,3.7037037037037033,0.0,0.0,100.0,
Arne BRUSTAD,NOR,1,1,0,1,1.0,5.88235294117647,0.0,25.0,0.0,100.0,
Arne ILEBY,NOR,1,0,0,1,0.0,0.0,0.0,0.0,0.0,100.0,
Arne LINDERHOLM,SWE,3,0,0,1,0.0,0.0,7.4074074074074066,0.0,0.0,100.0,0.0
Arne MANSSON,SWE,5,0,0,1,0.0,0.0,14.814814814814811,0.0,0.0,100.0,0.0
Arne NYBERG,SWE,3,3,0,1,1.0,17.647058823529413,7.4074074074074066,25.0,0.0,100.0,0.0
Arne SELMONSSON,SWE,6,0,0,1,0.0,0.0,18.51851851851852,0.0,0.0,100.0,0.0
Arnie OLIVER,USA,3,0,0,1,0.0,0.0,7.4074074074074066,0.0,0.0,100.0,0.0
Arnold BADJOU,BEL,4,0,0,3,0.0,0.0,11.11111111111111,0.0,50.0,100.0,1.0
Arnold WETL,AUT,3,0,0,1,0.0,0.0,7.4074074074074066,0.0,0.0,100.0,0.0
Arnoldo IGUARAN,COL,4,0,0,1,0.0,0.0,11.11111111111111,0.0,0.0,100.0,0.0
Arnost KREUZ,TCH,3,0,0,1,0.0,0.0,7.4074074074074066,0.0,0.0,100.0,0.0
Aron WINTER,NED,7,0,0,1,0.0,0.0,22.22222222222222,0.0,0.0,100.0,0.0
Arsene AUGUSTE,HAI,3,0,0,1,0.0,0.0,7.4074074074074066,0.0,0.0,100.0,0.0
Arthur ALBISTON,SCO,3,0,0,1,0.0,0.0,7.4074074074074066,0.0,0.0,100.0,0.0
Arthur NUMAN,NED,7,0,5,1,0.0,0.0,22.22222222222222,0.0,0.0,37.5,2.0
Artur CEULEERS,BEL,1,0,0,1,0.0,0.0,0.0,0.0,0.0,100.0,
Arturo CHAIREZ,MEX,6,0,0,2,0.0,0.0,18.51851851851852,0.0,25.0,100.0,1.0
Arturo CODDOU,CHI,3,0,0,1,0.0,0.0,7.4074074074074066,0.0,0.0,100.0,0.0
Arturo FARIAS,CHI,3,0,0,1,0.0,0.0,7.4074074074074066,0.0,0.0,100.0,0.0
Arturo FERNANDEZ,PER,2,0,0,1,0.0,0.0,3.7037037037037033,0.0,0.0,100.0,
Arturo TORRES,CHI,3,0,0,1,0.0,0.0,7.4074074074074066,0.0,0.0,100.0,0.0
Arturo VAZQUEZ,MEX,3,0,1,1,0.0,0.0,7.4074074074074066,0.0,0.0,87.5,2.0
Arvid THOERN,SWE,2,0,0,1,0.0,0.0,3.7037037037037033,0.0,0.0,100.0,
Asa HARTFORD,SCO,6,0,0,2,0.0,0.0,18.51851851851852,0.0,25.0,100.0,1.0
Ashraf KASEM,EGY,3,0,0,1,0.0,0.0,7.4074074074074066,0.0,0.0,100.0,0.0
Asparukh NIKODIMOV,BUL,6,1,0,2,0.1666666666666666,5.88235294117647,18.51851851851852,4.166666666666666,25.0,100.0,1.0
Atanas MIKHAILOV,BUL,3,0,0,1,0.0,0.0,7.4074074074074066,0.0,0.0,100.0,0.0
Atanas PASHEV,BUL,4,0,0,1,0.0,0.0,11.11111111111111,0.0,0.0,100.0,0.0
Atilio ANCHETA,URU,6,0,0,1,0.0,0.0,18.51851851851852,0.0,0.0,100.0,0.0
Atilio CREMASCHI,CHI,3,2,0,1,0.6666666666666666,11.76470588235294,7.4074074074074066,16.666666666666664,0.0,100.0,0.0
Atilio DEMARIA,ARG,5,0,0,1,0.0,0.0,14.814814814814811,0.0,0.0,100.0,0.0
Atilio DEMARIA,ARG,5,0,0,1,0.0,0.0,14.814814814814811,0.0,0.0,100.0,0.0
Atilio DEMARIA,ITA,5,0,0,1,0.0,0.0,14.814814814814811,0.0,0.0,100.0,0.0
Atilio DEMARIA,ITA,5,0,0,1,0.0,0.0,14.814814814814811,0.0,0.0,100.0,0.0
Atilio LOPEZ,PAR,2,1,0,1,0.5,5.88235294117647,3.7037037037037033,12.5,0.0,100.0,
Attila ABONYI,AUS,3,0,0,1,0.0,0.0,7.4074074074074066,0.0,0.0,100.0,0.0
Attila KEREKES,HUN,3,0,0,1,0.0,0.0,7.4074074074074066,0.0,0.0,100.0,0.0
Attilio FERRARIS,ITA,5,0,0,1,0.0,0.0,14.814814814814811,0.0,0.0,100.0,0.0
Attilio GIOVANNINI,ITA,2,0,0,1,0.0,0.0,3.7037037037037033,0.0,0.0,100.0,
August LEHMANN,SUI,3,0,0,1,0.0,0.0,7.4074074074074066,0.0,0.0,100.0,0.0
Auguste HELLEMANS,BEL,3,0,0,2,0.0,0.0,7.4074074074074066,0.0,25.0,100.0,1.0
Augustin BALBUENA,ARG,6,0,0,1,0.0,0.0,18.51851851851852,0.0,0.0,100.0,0.0
Augustin CHANTREL,FRA,3,0,0,1,0.0,0.0,7.4074074074074066,0.0,0.0,100.0,0.0
Augustin DELEANU,ROU,3,0,0,1,0.0,0.0,7.4074074074074066,0.0,0.0,100.0,0.0
Augustine SIMO,CMR,3,0,0,1,0.0,0.0,7.4074074074074066,0.0,0.0,100.0,0.0
Augusto MAGLI,ITA,2,0,0,1,0.0,0.0,3.7037037037037033,0.0,0.0,100.0,
Aurelio GONZALEZ,PAR,2,0,0,1,0.0,0.0,3.7037037037037033,0.0,0.0,100.0,
Awwad AL ANZI,KSA,4,0,0,1,0.0,0.0,11.11111111111111,0.0,0.0,100.0,0.0
Ayan SADKOV,BUL,4,0,0,1,0.0,0.0,11.11111111111111,0.0,0.0,100.0,0.0
Ayman SHAWKY,EGY,3,0,0,1,0.0,0.0,7.4074074074074066,0.0,0.0,100.0,0.0
Ayman TAHER,EGY,3,0,0,1,0.0,0.0,7.4074074074074066,0.0,0.0,100.0,0.0
Aytac KADRI,TUR,3,0,0,1,0.0,0.0,7.4074074074074066,0.0,0.0,100.0,0.0
Azeddine AMANALLAH,MAR,4,0,0,1,0.0,0.0,11.11111111111111,0.0,0.0,100.0,0.0
Aziz BOUDERBALA,MAR,4,0,0,1,0.0,0.0,11.11111111111111,0.0,0.0,100.0,0.0
Aziz FAHMY,EGY,1,0,0,1,0.0,0.0,0.0,0.0,0.0,100.0,
B J KIM,KOR,7,0,0,1,0.0,0.0,22.22222222222222,0.0,0.0,100.0,0.0
B K KIM,KOR,3,0,0,1,0.0,0.0,7.4074074074074066,0.0,0.0,100.0,0.0
B QU,CHN,3,0,0,1,0.0,0.0,7.4074074074074066,0.0,0.0,100.0,0.0
B Y LEE,KOR,3,0,0,1,0.0,0.0,7.4074074074074066,0.0,0.0,100.0,0.0
B. ALVES,POR,7,0,0,2,0.0,0.0,22.22222222222222,0.0,25.0,100.0,1.0
B. LUNA,MEX,4,0,0,1,0.0,0.0,11.11111111111111,0.0,0.0,100.0,0.0
B. SERAJ,IRN,3,0,0,1,0.0,0.0,7.4074074074074066,0.0,0.0,100.0,0.0
B. WILFRIED,CIV,3,2,0,1,0.6666666666666666,11.76470588235294,7.4074074074074066,16.666666666666664,0.0,100.0,0.0
BABATUNDE,NGA,4,0,0,1,0.0,0.0,11.11111111111111,0.0,0.0,100.0,0.0
BABAYARO,NGA,3,0,0,1,0.0,0.0,7.4074074074074066,0.0,0.0,100.0,0.0
BABEL,NED,11,0,0,2,0.0,0.0,37.03703703703704,0.0,25.0,100.0,1.0
BABIC,CRO,3,0,0,1,0.0,0.0,7.4074074074074066,0.0,0.0,100.0,0.0
BACCA,COL,5,0,0,1,0.0,0.0,14.814814814814811,0.0,0.0,100.0,0.0
BADELJ,CRO,3,0,0,1,0.0,0.0,7.4074074074074066,0.0,0.0,100.0,0.0
BADILLA G.,CRC,3,0,1,1,0.0,0.0,7.4074074074074066,0.0,0.0,87.5,2.0
BADRA,TUN,3,0,1,1,0.0,0.0,7.4074074074074066,0.0,0.0,87.5,2.0
BADSTUBER,GER,7,0,0,1,0.0,0.0,22.22222222222222,0.0,0.0,100.0,0.0
BADU,GHA,3,0,0,1,0.0,0.0,7.4074074074074066,0.0,0.0,100.0,0.0
BAEZ,PAR,4,0,0,1,0.0,0.0,11.11111111111111,0.0,0.0,100.0,0.0
BAGGIO D.,ITA,7,2,1,1,0.2857142857142857,11.76470588235294,22.22222222222222,7.142857142857142,0.0,87.5,2.0
BAGGIO R.,ITA,7,4,0,1,0.5714285714285714,23.52941176470588,22.22222222222222,14.285714285714285,0.0,100.0,0.0
BAGUI,ECU,3,0,0,1,0.0,0.0,7.4074074074074066,0.0,0.0,100.0,0.0
BAINES,ENG,3,0,0,1,0.0,0.0,7.4074074074074066,0.0,0.0,100.0,0.0
BAK,POL,3,0,1,1,0.0,0.0,7.4074074074074066,0.0,0.0,87.5,2.0
BAKHTIAR,IRN,3,0,0,1,0.0,0.0,7.4074074074074066,0.0,0.0,100.0,0.0
BALABAN,CRO,6,0,0,2,0.0,0.0,18.51851851851852,0.0,25.0,100.0,1.0
BALAKOV,BUL,7,0,1,1,0.0,0.0,22.22222222222222,0.0,0.0,87.5,2.0
BALBO,ARG,4,1,0,1,0.25,5.88235294117647,11.11111111111111,6.25,0.0,100.0,0.0
BALBOA,USA,4,0,0,1,0.0,0.0,11.11111111111111,0.0,0.0,100.0,0.0
BALDOCHI,BRA,6,0,0,1,0.0,0.0,18.51851851851852,0.0,0.0,100.0,0.0
BALLACK,GER,14,3,4,2,0.2142857142857142,17.647058823529413,48.14814814814815,5.357142857142857,25.0,50.0,3.0
BALOTELLI,ITA,3,1,2,1,0.3333333333333333,5.88235294117647,7.4074074074074066,8.333333333333332,0.0,75.0,2.0
BALTAZAR,BRA,9,3,0,2,0.3333333333333333,17.647058823529413,29.629629629629623,8.333333333333332,25.0,100.0,1.0
BAMBA,CIV,6,0,1,2,0.0,0.0,18.51851851851852,0.0,25.0,87.5,1.0
BANDEIRINHA,POR,3,0,0,1,0.0,0.0,7.4074074074074066,0.0,0.0,100.0,0.0
BANGUERA,ECU,3,0,0,1,0.0,0.0,7.4074074074074066,0.0,0.0,100.0,0.0
BANNATYNE,NZL,3,0,0,1,0.0,0.0,7.4074074074074066,0.0,0.0,100.0,0.0
BARAJA,ESP,5,0,2,1,0.0,0.0,14.814814814814811,0.0,0.0,75.0,2.0
BARBOSA,BRA,6,0,0,1,0.0,0.0,18.51851851851852,0.0,0.0,100.0,0.0
BARKLEY,ENG,3,0,1,1,0.0,0.0,7.4074074074074066,0.0,0.0,87.5,2.0
BARNETTA,SUI,11,1,2,3,0.0909090909090909,5.88235294117647,37.03703703703704,2.272727272727273,50.0,75.0,3.0
BARONE,ITA,7,0,0,1,0.0,0.0,22.22222222222222,0.0,0.0,100.0,0.0
BAROS,CZE,3,0,0,1,0.0,0.0,7.4074074074074066,0.0,0.0,100.0,0.0
BARRANTES M.,CRC,5,0,0,1,0.0,0.0,14.814814814814811,0.0,0.0,100.0,0.0
BARRETO,PAR,3,0,1,1,0.0,0.0,7.4074074074074066,0.0,0.0,87.5,2.0
BARRON,NZL,3,0,0,1,0.0,0.0,7.4074074074074066,0.0,0.0,100.0,0.0
BARRY,CIV,6,0,0,2,0.0,0.0,18.51851851851852,0.0,25.0,100.0,1.0
BARRY,CIV,6,0,0,2,0.0,0.0,18.51851851851852,0.0,25.0,100.0,0.0
BARRY,ENG,4,0,0,1,0.0,0.0,11.11111111111111,0.0,0.0,100.0,1.0
BARRY,ENG,4,0,0,1,0.0,0.0,11.11111111111111,0.0,0.0,100.0,0.0
BARRY COPA,CIV,3,0,0,1,0.0,0.0,7.4074074074074066,0.0,0.0,100.0,0.0
BARTHEZ,FRA,10,0,0,2,0.0,0.0,33.33333333333333,0.0,25.0,100.0,1.0
BARZAGLI,ITA,10,0,0,2,0.0,0.0,33.33333333333333,0.0,25.0,100.0,1.0
BASANTA,ARG,7,0,0,1,0.0,0.0,22.22222222222222,0.0,0.0,100.0,0.0
BASSONG,CMR,3,0,1,1,0.0,0.0,7.4074074074074066,0.0,0.0,87.5,2.0
BASTA,SCG,3,0,0,1,0.0,0.0,7.4074074074074066,0.0,0.0,100.0,0.0
BASZCZYNSKI,POL,3,0,1,1,0.0,0.0,7.4074074074074066,0.0,0.0,87.5,2.0
BATATAIS,BRA,5,0,0,1,0.0,0.0,14.814814814814811,0.0,0.0,100.0,0.0
BATISTA,BRA,12,0,1,2,0.0,0.0,40.74074074074074,0.0,25.0,87.5,1.0
BATISTUTA,ARG,7,3,2,2,0.4285714285714285,17.647058823529413,22.22222222222222,10.714285714285714,25.0,75.0,1.0
BAUER,BRA,9,0,0,2,0.0,0.0,29.629629629629623,0.0,25.0,100.0,1.0
BAUMANN,GER,7,0,1,1,0.0,0.0,22.22222222222222,0.0,0.0,87.5,2.0
BAYA,TUN,3,0,0,1,0.0,0.0,7.4074074074074066,0.0,0.0,100.0,0.0
BEASLEY,USA,16,0,2,4,0.0,0.0,55.55555555555556,0.0,75.0,75.0,3.0
BEAUCHAMP,AUS,7,0,1,2,0.0,0.0,22.22222222222222,0.0,25.0,87.5,1.0
BEAUSEJOUR,CHI,8,2,0,2,0.25,11.76470588235294,25.925925925925924,6.25,25.0,100.0,1.0
BEBETO,BRA,18,6,0,3,0.3333333333333333,35.294117647058826,62.96296296296296,8.333333333333332,50.0,100.0,3.0
BECKELES,HON,3,0,0,1,0.0,0.0,7.4074074074074066,0.0,0.0,100.0,0.0
BECKERMAN,USA,4,0,1,1,0.0,0.0,11.11111111111111,0.0,0.0,87.5,2.0
BECKHAM,ENG,10,1,0,2,0.1,5.88235294117647,33.33333333333333,2.5,25.0,100.0,1.0
BECKMANN,DEN,3,0,0,1,0.0,0.0,7.4074074074074066,0.0,0.0,100.0,0.0
BEDIMO,CMR,3,0,0,1,0.0,0.0,7.4074074074074066,0.0,0.0,100.0,0.0
BEDOYA,USA,4,0,0,1,0.0,0.0,11.11111111111111,0.0,0.0,100.0,0.0
BEGOVI?,BIH,3,0,0,1,0.0,0.0,7.4074074074074066,0.0,0.0,100.0,0.0
BEHRAMI,SUI,11,0,1,3,0.0,0.0,37.03703703703704,0.0,50.0,87.5,3.0
BEI?,BIH,3,0,1,1,0.0,0.0,7.4074074074074066,0.0,0.0,87.5,2.0
BEIKZADEH,IRN,3,0,0,1,0.0,0.0,7.4074074074074066,0.0,0.0,100.0,0.0
BEITASHOUR,IRN,3,0,0,1,0.0,0.0,7.4074074074074066,0.0,0.0,100.0,0.0
BEJAOUI,TUN,3,0,0,1,0.0,0.0,7.4074074074074066,0.0,0.0,100.0,0.0
BELHADJ,ALG,3,0,0,1,0.0,0.0,7.4074074074074066,0.0,0.0,100.0,0.0
BELIK,UKR,5,0,0,1,0.0,0.0,14.814814814814811,0.0,0.0,100.0,0.0
BELKALEM,ALG,4,0,0,1,0.0,0.0,11.11111111111111,0.0,0.0,100.0,0.0
BELLAID,ALG,3,0,0,1,0.0,0.0,7.4074074074074066,0.0,0.0,100.0,0.0
BELLETTI,BRA,7,0,0,1,0.0,0.0,22.22222222222222,0.0,0.0,100.0,0.0
BELLINI,BRA,15,0,0,3,0.0,0.0,51.85185185185185,0.0,50.0,100.0,3.0
BEN ACHOUR,TUN,3,0,0,1,0.0,0.0,7.4074074074074066,0.0,0.0,100.0,0.0
BEN SAADA,TUN,3,0,0,1,0.0,0.0,7.4074074074074066,0.0,0.0,100.0,0.0
BEN SLIMANE,TUN,3,0,0,1,0.0,0.0,7.4074074074074066,0.0,0.0,100.0,0.0
BENAGLIO,SUI,11,0,1,3,0.0,0.0,37.03703703703704,0.0,50.0,87.5,3.0
BENDTNER,DEN,3,1,1,1,0.3333333333333333,5.88235294117647,7.4074074074074066,8.333333333333332,0.0,87.5,2.0
BENEDICTO,BRA,2,0,0,1,0.0,0.0,3.7037037037037033,0.0,0.0,100.0,
BENGTSON,HON,3,0,1,1,0.0,0.0,7.4074074074074066,0.0,0.0,87.5,2.0
BENITEZ,PAR,5,0,0,1,0.0,0.0,14.814814814814811,0.0,0.0,100.0,0.0
BENTALEB,ALG,4,0,1,1,0.0,0.0,11.11111111111111,0.0,0.0,87.5,2.0
BENTO,POR,3,0,0,1,0.0,0.0,7.4074074074074066,0.0,0.0,100.0,0.0
BENVENUTTO,BRA,2,0,0,1,0.0,0.0,3.7037037037037033,0.0,0.0,100.0,
BENZEMA,FRA,5,2,0,1,0.4,11.76470588235294,14.814814814814811,10.0,0.0,100.0,0.0
BEOMSEOK,KOR,4,0,0,1,0.0,0.0,11.11111111111111,0.0,0.0,100.0,0.0
BERG,NOR,3,0,0,1,0.0,0.0,7.4074074074074066,0.0,0.0,100.0,0.0
BERGKAMP,NED,5,3,1,1,0.6,17.647058823529413,14.814814814814811,15.0,0.0,87.5,2.0
BERHALTER,USA,8,0,2,2,0.0,0.0,25.925925925925924,0.0,25.0,75.0,1.0
BERMUDEZ,COL,3,0,1,1,0.0,0.0,7.4074074074074066,0.0,0.0,87.5,2.0
BERNAL,MEX,8,1,0,2,0.125,5.88235294117647,25.925925925925924,3.125,25.0,100.0,1.0
BERNARD,BRA,7,0,0,1,0.0,0.0,22.22222222222222,0.0,0.0,100.0,0.0
BERNARD K.,CRC,3,0,0,1,0.0,0.0,7.4074074074074066,0.0,0.0,100.0,0.0
BERNARDEZ,HON,6,0,1,2,0.0,0.0,18.51851851851852,0.0,25.0,87.5,1.0
BERTOS,NZL,3,0,0,1,0.0,0.0,7.4074074074074066,0.0,0.0,100.0,0.0
BESCHASTNYKH,RUS,3,1,0,1,0.3333333333333333,5.88235294117647,7.4074074074074066,8.333333333333332,0.0,100.0,0.0
BESLER,USA,4,0,0,1,0.0,0.0,11.11111111111111,0.0,0.0,100.0,0.0
BETO,POR,10,1,5,3,0.1,5.88235294117647,33.33333333333333,2.5,50.0,37.5,3.0
BEYE,SEN,5,0,1,1,0.0,0.0,14.814814814814811,0.0,0.0,87.5,2.0
BI?AK?I?,BIH,3,0,0,1,0.0,0.0,7.4074074074074066,0.0,0.0,100.0,0.0
BIERHOFF,GER,7,1,0,1,0.1428571428571428,5.88235294117647,22.22222222222222,3.571428571428571,0.0,100.0,0.0
BIGLIA,ARG,7,0,2,1,0.0,0.0,22.22222222222222,0.0,0.0,75.0,2.0
BIGODE,BRA,6,0,1,1,0.0,0.0,18.51851851851852,0.0,0.0,87.5,2.0
BIRCHALL,TRI,3,0,0,1,0.0,0.0,7.4074074074074066,0.0,0.0,100.0,0.0
BIRSA,SVN,3,1,1,1,0.3333333333333333,5.88235294117647,7.4074074074074066,8.333333333333332,0.0,87.5,2.0
BISMARCK,BRA,4,0,0,1,0.0,0.0,11.11111111111111,0.0,0.0,100.0,0.0
BJRNEBYE,NOR,7,0,1,2,0.0,0.0,22.22222222222222,0.0,25.0,87.5,1.0
BLANCO,MEX,4,1,2,1,0.25,5.88235294117647,11.11111111111111,6.25,0.0,75.0,2.0
BLAZEK,CZE,3,0,0,1,0.0,0.0,7.4074074074074066,0.0,0.0,100.0,0.0
BLIND,NED,7,2,1,1,0.2857142857142857,11.76470588235294,22.22222222222222,7.142857142857142,0.0,87.5,2.0
BOA MORTE,POR,7,0,1,1,0.0,0.0,22.22222222222222,0.0,0.0,87.5,2.0
BOATENG,GER,14,0,0,2,0.0,0.0,48.14814814814815,0.0,25.0,100.0,1.0
BOATENG D.,GHA,4,0,1,1,0.0,0.0,11.11111111111111,0.0,0.0,87.5,2.0
BOBADILLA,PAR,8,0,0,2,0.0,0.0,25.925925925925924,0.0,25.0,100.0,1.0
BOCANEGRA,USA,7,0,1,2,0.0,0.0,22.22222222222222,0.0,25.0,87.5,1.0
BOCCHETTI,ITA,3,0,0,1,0.0,0.0,7.4074074074074066,0.0,0.0,100.0,0.0
BODE,GER,7,1,0,1,0.1428571428571428,5.88235294117647,22.22222222222222,3.571428571428571,0.0,100.0,0.0
BOEHME,GER,7,0,0,1,0.0,0.0,22.22222222222222,0.0,0.0,100.0,0.0
BOFFIN,BEL,8,0,0,2,0.0,0.0,25.925925925925924,0.0,25.0,100.0,1.0
BOGELUND,DEN,4,0,0,1,0.0,0.0,11.11111111111111,0.0,0.0,100.0,0.0
BOGHOSSIAN,FRA,3,0,0,1,0.0,0.0,7.4074074074074066,0.0,0.0,100.0,0.0
BOKA,CIV,9,0,1,3,0.0,0.0,29.629629629629623,0.0,50.0,87.5,3.0
BOKSIC,CRO,3,0,0,1,0.0,0.0,7.4074074074074066,0.0,0.0,100.0,0.0
BOKYUNG,KOR,4,0,0,1,0.0,0.0,11.11111111111111,0.0,0.0,100.0,0.0
BOLAO,COL,3,0,0,1,0.0,0.0,7.4074074074074066,0.0,0.0,100.0,0.0
BOLAOS C.,CRC,8,0,0,2,0.0,0.0,25.925925925925924,0.0,25.0,100.0,1.0
BOLATTI,ARG,5,0,1,1,0.0,0.0,14.814814814814811,0.0,0.0,87.5,2.0
BOLLY,CIV,3,0,0,1,0.0,0.0,7.4074074074074066,0.0,0.0,100.0,0.0
BONANO,ARG,3,0,0,1,0.0,0.0,7.4074074074074066,0.0,0.0,100.0,0.0
BONE,ECU,3,0,0,1,0.0,0.0,7.4074074074074066,0.0,0.0,100.0,0.0
BONET,PAR,12,0,0,3,0.0,0.0,40.74074074074074,0.0,50.0,100.0,3.0
BONG,CMR,3,0,0,1,0.0,0.0,7.4074074074074066,0.0,0.0,100.0,0.0
BONIEK,HON,3,0,1,1,0.0,0.0,7.4074074074074066,0.0,0.0,87.5,2.0
BONUCCI,ITA,6,0,0,2,0.0,0.0,18.51851851851852,0.0,25.0,100.0,1.0
BOOTH,RSA,3,0,0,1,0.0,0.0,7.4074074074074066,0.0,0.0,100.0,0.0
BORGES C.,CRC,5,0,0,1,0.0,0.0,14.814814814814811,0.0,0.0,100.0,0.0
BORIMIROV,BUL,7,1,1,1,0.1428571428571428,5.88235294117647,22.22222222222222,3.571428571428571,0.0,87.5,2.0
BORKELMANS,BEL,4,0,1,1,0.0,0.0,11.11111111111111,0.0,0.0,87.5,2.0
BORNSTEIN,USA,4,0,0,1,0.0,0.0,11.11111111111111,0.0,0.0,100.0,0.0
BOROWSKI,GER,7,0,2,1,0.0,0.0,22.22222222222222,0.0,0.0,75.0,2.0
BORUC,POL,3,0,2,1,0.0,0.0,7.4074074074074066,0.0,0.0,75.0,2.0
BOSACKI,POL,3,2,0,1,0.6666666666666666,11.76470588235294,7.4074074074074066,16.666666666666664,0.0,100.0,0.0
BOSCHKER,NED,7,0,0,1,0.0,0.0,22.22222222222222,0.0,0.0,100.0,0.0
BOSNJAK,CRO,3,0,0,1,0.0,0.0,7.4074074074074066,0.0,0.0,100.0,0.0
BOSSUT,BEL,5,0,0,1,0.0,0.0,14.814814814814811,0.0,0.0,100.0,0.0
BOUAZIZI,TUN,5,0,2,2,0.0,0.0,14.814814814814811,0.0,25.0,75.0,1.0
BOUBA DIOP,SEN,5,3,1,1,0.6,17.647058823529413,14.814814814814811,15.0,0.0,87.5,2.0
BOUDEBOUZ,ALG,3,0,0,1,0.0,0.0,7.4074074074074066,0.0,0.0,100.0,0.0
BOUGHERRA,ALG,3,0,0,1,0.0,0.0,7.4074074074074066,0.0,0.0,100.0,0.0
BOUGUERRA,ALG,4,0,1,1,0.0,0.0,11.11111111111111,0.0,0.0,87.5,2.0
BOULAHROUZ,NED,11,0,6,2,0.0,0.0,37.03703703703704,0.0,25.0,25.0,3.0
BOUMNIJEL,TUN,6,0,0,2,0.0,0.0,18.51851851851852,0.0,25.0,100.0,1.0
BOUMSONG,FRA,7,0,0,1,0.0,0.0,22.22222222222222,0.0,0.0,100.0,0.0
BOUZAIENE,TUN,3,1,0,1,0.3333333333333333,5.88235294117647,7.4074074074074066,8.333333333333332,0.0,100.0,0.0
BOYE,GHA,3,0,0,1,0.0,0.0,7.4074074074074066,0.0,0.0,100.0,0.0
BOYENS,NZL,3,0,0,1,0.0,0.0,7.4074074074074066,0.0,0.0,100.0,0.0
BOZANIC,AUS,3,0,0,1,0.0,0.0,7.4074074074074066,0.0,0.0,100.0,0.0
BRAAFHEID,NED,7,0,0,1,0.0,0.0,22.22222222222222,0.0,0.0,100.0,0.0
BRADLEY,USA,8,1,0,2,0.125,5.88235294117647,25.925925925925924,3.125,25.0,100.0,1.0
BRAHIMI,ALG,4,1,0,1,0.25,5.88235294117647,11.11111111111111,6.25,0.0,100.0,0.0
BRANCO,BRA,16,1,2,3,0.0625,5.88235294117647,55.55555555555556,1.5625,50.0,75.0,3.0
BRANDAO,BRA,5,0,0,1,0.0,0.0,14.814814814814811,0.0,0.0,100.0,0.0
BRANDAOZINHO,BRA,3,0,0,1,0.0,0.0,7.4074074074074066,0.0,0.0,100.0,0.0
BRAVO,CHI,4,0,0,1,0.0,0.0,11.11111111111111,0.0,0.0,100.0,0.0
BRE?KO,SVN,3,0,0,1,0.0,0.0,7.4074074074074066,0.0,0.0,100.0,0.0
BREEN,IRL,4,1,0,1,0.25,5.88235294117647,11.11111111111111,6.25,0.0,100.0,0.0
BRENES R.,CRC,5,0,0,1,0.0,0.0,14.814814814814811,0.0,0.0,100.0,0.0
BRESCIANO,AUS,10,0,0,3,0.0,0.0,33.33333333333333,0.0,50.0,100.0,1.0
BRIDGE,ENG,10,0,0,2,0.0,0.0,33.33333333333333,0.0,25.0,100.0,1.0
BRILHANTE,BRA,2,0,0,1,0.0,0.0,3.7037037037037033,0.0,0.0,100.0,
BRITO,BRA,9,0,0,2,0.0,0.0,29.629629629629623,0.0,25.0,100.0,1.0
BRITTO,BRA,5,0,0,1,0.0,0.0,14.814814814814811,0.0,0.0,100.0,0.0
BRIZUELA,PAR,4,0,0,1,0.0,0.0,11.11111111111111,0.0,0.0,100.0,0.0
BRKI,SUI,4,0,0,1,0.0,0.0,11.11111111111111,0.0,0.0,100.0,0.0
BROCKIE,NZL,3,0,0,1,0.0,0.0,7.4074074074074066,0.0,0.0,100.0,0.0
BROOKS,USA,4,1,0,1,0.25,5.88235294117647,11.11111111111111,6.25,0.0,100.0,0.0
BROWN,ENG,5,0,0,1,0.0,0.0,14.814814814814811,0.0,0.0,100.0,0.0
BROWN,ENG,5,0,0,1,0.0,0.0,14.814814814814811,0.0,0.0,100.0,0.0
BROWN,NZL,3,0,0,1,0.0,0.0,7.4074074074074066,0.0,0.0,100.0,0.0
BROWN,NZL,3,0,0,1,0.0,0.0,7.4074074074074066,0.0,0.0,100.0,0.0
BROZEK,POL,3,0,0,1,0.0,0.0,7.4074074074074066,0.0,0.0,100.0,0.0
BROZOVI?,CRO,3,0,0,1,0.0,0.0,7.4074074074074066,0.0,0.0,100.0,0.0
BRYCE,CRC,3,0,0,1,0.0,0.0,7.4074074074074066,0.0,0.0,100.0,0.0
BUCKLEY,RSA,3,0,0,1,0.0,0.0,7.4074074074074066,0.0,0.0,100.0,0.0
BUDDLE,USA,4,0,0,1,0.0,0.0,11.11111111111111,0.0,0.0,100.0,0.0
BUFFON,ITA,17,0,0,4,0.0,0.0,59.25925925925925,0.0,75.0,100.0,3.0
BULAJIC,SVN,3,0,0,1,0.0,0.0,7.4074074074074066,0.0,0.0,100.0,0.0
BULENT KORKMAZ,TUR,7,1,0,1,0.1428571428571428,5.88235294117647,22.22222222222222,3.571428571428571,0.0,100.0,0.0
BUNJAKU,SUI,3,0,0,1,0.0,0.0,7.4074074074074066,0.0,0.0,100.0,0.0
BURBANO,ECU,3,0,0,1,0.0,0.0,7.4074074074074066,0.0,0.0,100.0,0.0
BURDISSO,ARG,10,0,0,2,0.0,0.0,33.33333333333333,0.0,25.0,100.0,1.0
BURGOS,ARG,3,0,0,1,0.0,0.0,7.4074074074074066,0.0,0.0,100.0,0.0
BUTINA,CRO,6,0,0,2,0.0,0.0,18.51851851851852,0.0,25.0,100.0,1.0
BUTT,ENG,5,0,0,1,0.0,0.0,14.814814814814811,0.0,0.0,100.0,0.0
BUTT,ENG,5,0,0,1,0.0,0.0,14.814814814814811,0.0,0.0,100.0,1.0
BUTT,GER,14,0,0,2,0.0,0.0,48.14814814814815,0.0,25.0,100.0,0.0
BUTT,GER,14,0,0,2,0.0,0.0,48.14814814814815,0.0,25.0,100.0,1.0
BYUN Byung Joo,KOR,6,0,0,2,0.0,0.0,18.51851851851852,0.0,25.0,100.0,1.0
Badou ZAKI,MAR,4,0,0,1,0.0,0.0,11.11111111111111,0.0,0.0,100.0,0.0
Bahram MOVADAT,IRN,3,0,0,1,0.0,0.0,7.4074074074074066,0.0,0.0,100.0,0.0
Barry PICKERING,NZL,3,0,0,1,0.0,0.0,7.4074074074074066,0.0,0.0,100.0,0.0
Barsi DIRIMLILI,TUR,3,0,0,1,0.0,0.0,7.4074074074074066,0.0,0.0,100.0,0.0
Bart McGHEE,USA,3,1,0,1,0.3333333333333333,5.88235294117647,7.4074074074074066,8.333333333333332,0.0,100.0,0.0
Bas PAAUWE,NED,2,0,0,2,0.0,0.0,3.7037037037037033,0.0,25.0,100.0,
Bassel GORGIS,IRQ,3,0,4,1,0.0,0.0,7.4074074074074066,0.0,0.0,50.0,2.0
Baudilio JAUREGUI,URU,3,0,1,1,0.0,0.0,7.4074074074074066,0.0,0.0,87.5,2.0
Beb BAKHUYS,NED,1,0,0,1,0.0,0.0,0.0,0.0,0.0,100.0,
Bedford JEZZARD,ENG,3,0,0,1,0.0,0.0,7.4074074074074066,0.0,0.0,100.0,0.0
Behtash FARIBA,IRN,3,0,0,1,0.0,0.0,7.4074074074074066,0.0,0.0,100.0,0.0
Bela BODONYI,HUN,3,0,0,1,0.0,0.0,7.4074074074074066,0.0,0.0,100.0,0.0
Bela KARPATI,HUN,9,0,0,2,0.0,0.0,29.629629629629623,0.0,25.0,100.0,1.0
Bela KATZIRZ,HUN,3,0,0,1,0.0,0.0,7.4074074074074066,0.0,0.0,100.0,0.0
Bela KUHARSZKI,HUN,4,0,0,1,0.0,0.0,11.11111111111111,0.0,0.0,100.0,0.0
Bela PALFI,YUG,3,0,0,1,0.0,0.0,7.4074074074074066,0.0,0.0,100.0,0.0
Bela SAROSI,HUN,4,0,0,1,0.0,0.0,11.11111111111111,0.0,0.0,100.0,0.0
Bela VARADI,HUN,3,0,0,1,0.0,0.0,7.4074074074074066,0.0,0.0,100.0,0.0
Ben IROHA,NGA,4,0,1,1,0.0,0.0,11.11111111111111,0.0,0.0,87.5,2.0
Benedicto GODOY,BOL,1,0,0,1,0.0,0.0,0.0,0.0,0.0,100.0,
Bengt BERNDTSSON,SWE,6,0,0,1,0.0,0.0,18.51851851851852,0.0,0.0,100.0,0.0
Bengt GUSTAVSSON,SWE,6,0,0,1,0.0,0.0,18.51851851851852,0.0,0.0,100.0,0.0
Benigno GUTIERREZ,BOL,1,0,0,1,0.0,0.0,0.0,0.0,0.0,100.0,
Benigno Gilberto PENAYO,PAR,3,0,0,1,0.0,0.0,7.4074074074074066,0.0,0.0,100.0,0.0
Benito CARVAJALES,CUB,3,0,0,1,0.0,0.0,7.4074074074074066,0.0,0.0,100.0,0.0
Benito LORENZI,ITA,5,1,0,2,0.2,5.88235294117647,14.814814814814811,5.0,25.0,100.0,1.0
Benjamin GALINDO,MEX,4,0,0,1,0.0,0.0,11.11111111111111,0.0,0.0,100.0,0.0
Benjamin MALDONADO,BOL,1,0,0,1,0.0,0.0,0.0,0.0,0.0,100.0,
Benjamin MASSING,CMR,5,0,3,1,0.0,0.0,14.814814814814811,0.0,0.0,62.5,2.0
Benno MAGNUSSON,SWE,6,0,0,1,0.0,0.0,18.51851851851852,0.0,0.0,100.0,0.0
Benny WENDT,SWE,3,0,0,1,0.0,0.0,7.4074074074074066,0.0,0.0,100.0,0.0
Beno KAPOSZTA,HUN,4,0,0,1,0.0,0.0,11.11111111111111,0.0,0.0,100.0,0.0
Beratligil ALI,TUR,3,0,0,1,0.0,0.0,7.4074074074074066,0.0,0.0,100.0,0.0
Berman AHMET,TUR,3,0,0,1,0.0,0.0,7.4074074074074066,0.0,0.0,100.0,0.0
Bernabe RIVERA,PAR,2,0,0,1,0.0,0.0,3.7037037037037033,0.0,0.0,100.0,
Bernard BOSQUIER,FRA,3,0,0,1,0.0,0.0,7.4074074074074066,0.0,0.0,100.0,0.0
Bernard CHIARELLI,FRA,6,0,0,1,0.0,0.0,18.51851851851852,0.0,0.0,100.0,0.0
Bernard DIOMEDE,FRA,7,0,1,1,0.0,0.0,22.22222222222222,0.0,0.0,87.5,2.0
Bernard GENGHINI,FRA,14,3,1,2,0.2142857142857142,17.647058823529413,48.14814814814815,5.357142857142857,25.0,87.5,1.0
Bernard LACOMBE,FRA,10,1,0,2,0.1,5.88235294117647,33.33333333333333,2.5,25.0,100.0,1.0
Bernard LAMA,FRA,7,0,0,1,0.0,0.0,22.22222222222222,0.0,0.0,100.0,0.0
Bernard McNALLY,NIR,3,0,0,1,0.0,0.0,7.4074074074074066,0.0,0.0,100.0,0.0
Bernard SLAVEN,IRL,5,0,0,1,0.0,0.0,14.814814814814811,0.0,0.0,100.0,0.0
Bernard VOORHOOF,BEL,4,2,0,3,0.5,11.76470588235294,11.11111111111111,12.5,50.0,100.0,1.0
Bernard VUKAS,YUG,6,0,0,2,0.0,0.0,18.51851851851852,0.0,25.0,100.0,1.0
Bernardo REDIN,COL,4,2,0,1,0.5,11.76470588235294,11.11111111111111,12.5,0.0,100.0,0.0
Bernd BRANSCH,GDR,6,0,0,1,0.0,0.0,18.51851851851852,0.0,0.0,100.0,0.0
Bernd CULLMANN,FRG,13,1,0,2,0.0769230769230769,5.88235294117647,44.44444444444444,1.9230769230769231,25.0,100.0,1.0
Bernd DIETZ,FRG,6,0,0,1,0.0,0.0,18.51851851851852,0.0,0.0,100.0,0.0
Bernd FOERSTER,FRG,7,0,1,1,0.0,0.0,22.22222222222222,0.0,0.0,87.5,2.0
Bernd FRANKE,FRG,7,0,0,1,0.0,0.0,22.22222222222222,0.0,0.0,100.0,0.0
Bernd HOELZENBEIN,FRG,13,1,0,2,0.0769230769230769,5.88235294117647,44.44444444444444,1.9230769230769231,25.0,100.0,1.0
Bernd KRAUSS,AUT,5,0,0,1,0.0,0.0,14.814814814814811,0.0,0.0,100.0,0.0
Bernd PATZKE,FRG,12,0,0,2,0.0,0.0,40.74074074074074,0.0,25.0,100.0,1.0
Berni KLODT,FRG,12,1,0,2,0.0833333333333333,5.88235294117647,40.74074074074074,2.083333333333333,25.0,100.0,1.0
Berry VAN AERLE,NED,4,0,0,1,0.0,0.0,11.11111111111111,0.0,0.0,100.0,0.0
Bert PATENAUDE,USA,3,4,0,1,1.3333333333333333,23.52941176470588,7.4074074074074066,33.33333333333333,0.0,100.0,0.0
Bert WILLIAMS,ENG,3,0,0,1,0.0,0.0,7.4074074074074066,0.0,0.0,100.0,0.0
Berti VOGTS,FRG,19,0,2,3,0.0,0.0,66.66666666666666,0.0,50.0,75.0,3.0
Bertie PEACOCK,NIR,5,0,0,1,0.0,0.0,14.814814814814811,0.0,0.0,100.0,0.0
Bertin EBWELLE,CMR,5,0,0,1,0.0,0.0,14.814814814814811,0.0,0.0,100.0,0.0
Bertrand CRASSON,BEL,3,0,0,1,0.0,0.0,7.4074074074074066,0.0,0.0,100.0,0.0
Bertus CALDENHOVE,NED,1,0,0,1,0.0,0.0,0.0,0.0,0.0,100.0,
Bertus DE HARDER,NED,1,0,0,1,0.0,0.0,0.0,0.0,0.0,100.0,
Bill BROWN,SCO,3,0,0,1,0.0,0.0,7.4074074074074066,0.0,0.0,100.0,0.0
Bill ECKERSLEY,ENG,3,0,0,1,0.0,0.0,7.4074074074074066,0.0,0.0,100.0,0.0
Bill FIEDLER,USA,1,0,0,1,0.0,0.0,0.0,0.0,0.0,100.0,
Bill LEHMANN,USA,1,0,0,1,0.0,0.0,0.0,0.0,0.0,100.0,
Bill McGARRY,ENG,3,0,0,1,0.0,0.0,7.4074074074074066,0.0,0.0,100.0,0.0
Bill McLEAN,USA,1,0,0,1,0.0,0.0,0.0,0.0,0.0,100.0,
Bill NICHOLSON,ENG,3,0,0,1,0.0,0.0,7.4074074074074066,0.0,0.0,100.0,0.0
Billy BINGHAM,NIR,5,0,0,1,0.0,0.0,14.814814814814811,0.0,0.0,100.0,0.0
Billy BREMNER,SCO,3,0,0,1,0.0,0.0,7.4074074074074066,0.0,0.0,100.0,0.0
Billy GONSALVES,USA,4,0,0,2,0.0,0.0,11.11111111111111,0.0,25.0,100.0,1.0
Billy HAMILTON,NIR,8,2,3,2,0.25,11.76470588235294,25.925925925925924,6.25,25.0,62.5,1.0
Billy McCLURE,NZL,3,0,0,1,0.0,0.0,7.4074074074074066,0.0,0.0,100.0,0.0
Billy SIMPSON,NIR,5,0,0,1,0.0,0.0,14.814814814814811,0.0,0.0,100.0,0.0
Billy WRIGHT,ENG,10,0,0,3,0.0,0.0,33.33333333333333,0.0,50.0,100.0,1.0
Bixente LIZARAZU,FRA,7,1,1,1,0.1428571428571428,5.88235294117647,22.22222222222222,3.571428571428571,0.0,87.5,2.0
Bjarne GOLDBAEK,DEN,5,0,0,1,0.0,0.0,14.814814814814811,0.0,0.0,100.0,0.0
Bjorn ANDERSSON,SWE,6,0,1,1,0.0,0.0,18.51851851851852,0.0,0.0,87.5,2.0
Bjorn NORDQVIST,SWE,12,0,1,3,0.0,0.0,40.74074074074074,0.0,50.0,87.5,3.0
Blagoje MARJANOVIC,YUG,3,1,0,1,0.3333333333333333,5.88235294117647,7.4074074074074066,8.333333333333332,0.0,100.0,0.0
Bo LARSSON,SWE,12,0,0,3,0.0,0.0,40.74074074074074,0.0,50.0,100.0,3.0
Bob ANNIS,USA,3,0,0,1,0.0,0.0,7.4074074074074066,0.0,0.0,100.0,0.0
Bob CRADDOCK,USA,3,0,0,1,0.0,0.0,7.4074074074074066,0.0,0.0,100.0,0.0
Bob LENARDUZZI,CAN,3,0,1,1,0.0,0.0,7.4074074074074066,0.0,0.0,87.5,2.0
Bobby CAMPBELL,NIR,5,0,0,1,0.0,0.0,14.814814814814811,0.0,0.0,100.0,0.0
Bobby CHARLTON,ENG,18,4,0,4,0.2222222222222222,23.52941176470588,62.96296296296296,5.555555555555555,75.0,100.0,3.0
Bobby CLARK,SCO,3,0,0,1,0.0,0.0,7.4074074074074066,0.0,0.0,100.0,0.0
Bobby COLLINS,SCO,3,1,0,1,0.3333333333333333,5.88235294117647,7.4074074074074066,8.333333333333332,0.0,100.0,0.0
Bobby COMBE,SCO,2,0,0,1,0.0,0.0,3.7037037037037033,0.0,0.0,100.0,
Bobby EVANS,SCO,5,0,0,2,0.0,0.0,14.814814814814811,0.0,25.0,100.0,1.0
Bobby MOORE,ENG,14,0,0,3,0.0,0.0,48.14814814814815,0.0,50.0,100.0,3.0
Bobby ROBSON,ENG,8,0,0,2,0.0,0.0,25.925925925925924,0.0,25.0,100.0,1.0
Bobby SMITH,ENG,4,0,0,1,0.0,0.0,11.11111111111111,0.0,0.0,100.0,0.0
Bobby TRAINOR,NIR,5,0,0,1,0.0,0.0,14.814814814814811,0.0,0.0,100.0,0.0
Bodo ILLGNER,FRG,7,0,0,1,0.0,0.0,22.22222222222222,0.0,0.0,100.0,0.0
Bodo ILLGNER,FRG,7,0,0,1,0.0,0.0,22.22222222222222,0.0,0.0,100.0,0.0
Bodo ILLGNER,GER,5,0,0,1,0.0,0.0,14.814814814814811,0.0,0.0,100.0,0.0
Bodo ILLGNER,GER,5,0,0,1,0.0,0.0,14.814814814814811,0.0,0.0,100.0,0.0
Bogdan STELEA,ROU,8,0,0,2,0.0,0.0,25.925925925925924,0.0,25.0,100.0,1.0
Bohdan MASZTALER,POL,6,0,0,1,0.0,0.0,18.51851851851852,0.0,0.0,100.0,0.0
Bohumil VESELY,TCH,3,0,0,1,0.0,0.0,7.4074074074074066,0.0,0.0,100.0,0.0
Boleslaw HABOWSKI,POL,1,0,0,1,0.0,0.0,0.0,0.0,0.0,100.0,
Boncho GENCHEV,BUL,7,0,0,1,0.0,0.0,22.22222222222222,0.0,0.0,100.0,0.0
Boneventure DJONKEP,CMR,5,0,0,1,0.0,0.0,14.814814814814811,0.0,0.0,100.0,0.0
Boris GAGANELOV,BUL,6,0,0,2,0.0,0.0,18.51851851851852,0.0,25.0,100.0,1.0
Boris KUZNETSOV,URS,5,0,0,1,0.0,0.0,14.814814814814811,0.0,0.0,100.0,0.0
Borislav MIHAYLOV,BUL,14,0,1,3,0.0,0.0,48.14814814814815,0.0,50.0,87.5,3.0
Boudewijn ZENDEN,NED,7,1,0,1,0.1428571428571428,5.88235294117647,22.22222222222222,3.571428571428571,0.0,100.0,0.0
Boujamaa BENKHRIF,MAR,3,0,0,1,0.0,0.0,7.4074074074074066,0.0,0.0,100.0,0.0
Boycho VELICHKOV,BUL,4,0,0,1,0.0,0.0,11.11111111111111,0.0,0.0,100.0,0.0
Bozhidar GRIGOROV,BUL,6,0,0,2,0.0,0.0,18.51851851851852,0.0,25.0,100.0,1.0
Bozhidar ISKRENOV,BUL,4,0,0,1,0.0,0.0,11.11111111111111,0.0,0.0,100.0,0.0
Bozhil KOLEV,BUL,3,0,0,1,0.0,0.0,7.4074074074074066,0.0,0.0,100.0,0.0
Bozo BROKETA,YUG,3,0,0,1,0.0,0.0,7.4074074074074066,0.0,0.0,100.0,0.0
Brad FRIEDEL,USA,7,0,0,2,0.0,0.0,22.22222222222222,0.0,25.0,100.0,1.0
Branislav HRNJICEK,YUG,3,0,0,1,0.0,0.0,7.4074074074074066,0.0,0.0,100.0,0.0
Branislav SEKULIC,YUG,3,0,0,1,0.0,0.0,7.4074074074074066,0.0,0.0,100.0,0.0
Branko BRNOVIC,YUG,4,0,0,1,0.0,0.0,11.11111111111111,0.0,0.0,100.0,0.0
Branko BULJEVIC,AUS,3,0,0,1,0.0,0.0,7.4074074074074066,0.0,0.0,100.0,0.0
Branko KRALJ,YUG,3,0,0,1,0.0,0.0,7.4074074074074066,0.0,0.0,100.0,0.0
Branko OBLAK,YUG,6,1,2,1,0.1666666666666666,5.88235294117647,18.51851851851852,4.166666666666666,0.0,75.0,2.0
Branko SEGOTA,CAN,3,0,0,1,0.0,0.0,7.4074074074074066,0.0,0.0,100.0,0.0
Branko STANKOVIC,YUG,6,0,0,2,0.0,0.0,18.51851851851852,0.0,25.0,100.0,1.0
Branko ZEBEC,YUG,7,1,0,2,0.1428571428571428,5.88235294117647,22.22222222222222,3.571428571428571,25.0,100.0,1.0
Braulio LUNA,MEX,4,0,0,1,0.0,0.0,11.11111111111111,0.0,0.0,100.0,0.0
Braulio MUSSO,CHI,6,0,0,1,0.0,0.0,18.51851851851852,0.0,0.0,100.0,0.0
Brendan AUGUSTINE,RSA,3,0,0,1,0.0,0.0,7.4074074074074066,0.0,0.0,100.0,0.0
Bretislav DOLEJSI,TCH,4,0,0,1,0.0,0.0,11.11111111111111,0.0,0.0,100.0,0.0
Brian BALOYI,RSA,3,0,0,1,0.0,0.0,7.4074074074074066,0.0,0.0,100.0,0.0
Brian BLISS,USA,3,0,0,1,0.0,0.0,7.4074074074074066,0.0,0.0,100.0,0.0
Brian LABONE,ENG,4,0,0,1,0.0,0.0,11.11111111111111,0.0,0.0,100.0,0.0
Brian MAISONNEUVE,USA,3,0,0,1,0.0,0.0,7.4074074074074066,0.0,0.0,100.0,0.0
Brian McBRIDE,USA,3,1,0,1,0.3333333333333333,5.88235294117647,7.4074074074074066,8.333333333333332,0.0,100.0,0.0
Brian TURNER,NZL,3,0,0,1,0.0,0.0,7.4074074074074066,0.0,0.0,100.0,0.0
Bror MELLBERG,SWE,11,1,0,2,0.0909090909090909,5.88235294117647,37.03703703703704,2.272727272727273,25.0,100.0,1.0
Bruce MURRAY,USA,3,1,1,1,0.3333333333333333,5.88235294117647,7.4074074074074066,8.333333333333332,0.0,87.5,2.0
Bruce RIOCH,SCO,3,0,0,1,0.0,0.0,7.4074074074074066,0.0,0.0,100.0,0.0
Bruce WILSON,CAN,3,0,0,1,0.0,0.0,7.4074074074074066,0.0,0.0,100.0,0.0
Bruno BELIN,YUG,3,0,0,1,0.0,0.0,7.4074074074074066,0.0,0.0,100.0,0.0
Bruno BELLONE,FRA,14,0,0,2,0.0,0.0,48.14814814814815,0.0,25.0,100.0,1.0
Bruno CHIZZO,ITA,4,0,0,1,0.0,0.0,11.11111111111111,0.0,0.0,100.0,0.0
Bruno CONTI,ITA,11,1,1,2,0.0909090909090909,5.88235294117647,37.03703703703704,2.272727272727273,25.0,87.5,1.0
Bruno ENGELMEIER,AUT,3,0,0,1,0.0,0.0,7.4074074074074066,0.0,0.0,100.0,0.0
Bruno MORA,ITA,3,1,0,1,0.3333333333333333,5.88235294117647,7.4074074074074066,8.333333333333332,0.0,100.0,0.0
Bruno PEZZEY,AUT,11,1,0,2,0.0909090909090909,5.88235294117647,37.03703703703704,2.272727272727273,25.0,100.0,1.0
Bruno VERSAVEL,BEL,4,0,0,1,0.0,0.0,11.11111111111111,0.0,0.0,100.0,0.0
Bryan DOUGLAS,ENG,8,0,0,2,0.0,0.0,25.925925925925924,0.0,25.0,100.0,1.0
Bryan GUNN,SCO,3,0,0,1,0.0,0.0,7.4074074074074066,0.0,0.0,100.0,0.0
Bryan ROBSON,ENG,17,2,0,3,0.1176470588235294,11.76470588235294,59.25925925925925,2.941176470588235,50.0,100.0,3.0
Bryan ROY,NED,9,1,0,2,0.1111111111111111,5.88235294117647,29.629629629629623,2.7777777777777777,25.0,100.0,1.0
Buanga TSHIMEN,ZAI,3,0,0,1,0.0,0.0,7.4074074074074066,0.0,0.0,100.0,0.0
Buenaventura FERREIRA,PAR,4,0,0,1,0.0,0.0,11.11111111111111,0.0,0.0,100.0,0.0
Buhran SARGUN,TUR,3,3,0,1,1.0,17.647058823529413,7.4074074074074066,25.0,0.0,100.0,0.0
Bulent EKEN,TUR,3,0,0,1,0.0,0.0,7.4074074074074066,0.0,0.0,100.0,0.0
C BLANCO,MEX,4,0,0,1,0.0,0.0,11.11111111111111,0.0,0.0,100.0,0.0
C G SONG,KOR,7,1,1,1,0.1428571428571428,5.88235294117647,22.22222222222222,3.571428571428571,0.0,87.5,2.0
C S KIM,KOR,3,0,0,1,0.0,0.0,7.4074074074074066,0.0,0.0,100.0,0.0
C S LEE,KOR,7,0,1,1,0.0,0.0,22.22222222222222,0.0,0.0,87.5,2.0
C SALCIDO,MEX,4,0,0,1,0.0,0.0,11.11111111111111,0.0,0.0,100.0,0.0
C VELA,MEX,4,0,0,1,0.0,0.0,11.11111111111111,0.0,0.0,100.0,0.0
C Y LEE,KOR,3,0,0,1,0.0,0.0,7.4074074074074066,0.0,0.0,100.0,0.0
C Y PARK,KOR,3,0,0,1,0.0,0.0,7.4074074074074066,0.0,0.0,100.0,0.0
C. BENITEZ,ECU,4,0,0,1,0.0,0.0,11.11111111111111,0.0,0.0,100.0,0.0
C. BLANCO,MEX,4,0,1,1,0.0,0.0,11.11111111111111,0.0,0.0,87.5,2.0
C. BRAVO,CHI,4,0,0,1,0.0,0.0,11.11111111111111,0.0,0.0,100.0,0.0
C. CARBONERO,COL,5,0,0,1,0.0,0.0,14.814814814814811,0.0,0.0,100.0,0.0
C. GERMANO,BRA,7,0,0,1,0.0,0.0,22.22222222222222,0.0,0.0,100.0,0.0
C. JENSEN,DEN,4,0,0,1,0.0,0.0,11.11111111111111,0.0,0.0,100.0,0.0
C. JONG HYOK,PRK,3,0,0,1,0.0,0.0,7.4074074074074066,0.0,0.0,100.0,0.0
C. KADER-TOURE,TOG,3,1,0,1,0.3333333333333333,5.88235294117647,7.4074074074074066,8.333333333333332,0.0,100.0,0.0
C. KUM CHOL,PRK,3,0,0,1,0.0,0.0,7.4074074074074066,0.0,0.0,100.0,0.0
C. LARA,ECU,4,0,0,1,0.0,0.0,11.11111111111111,0.0,0.0,100.0,0.0
C. MARCHENA,ESP,4,0,1,1,0.0,0.0,11.11111111111111,0.0,0.0,87.5,2.0
C. MORA,ECU,4,0,1,1,0.0,0.0,11.11111111111111,0.0,0.0,87.5,2.0
C. PEA,MEX,4,0,0,1,0.0,0.0,11.11111111111111,0.0,0.0,100.0,0.0
C. POULSEN,DEN,3,0,1,1,0.0,0.0,7.4074074074074066,0.0,0.0,87.5,2.0
C. RODRIGUEZ,ARG,5,0,0,1,0.0,0.0,14.814814814814811,0.0,0.0,100.0,0.0
C. RODRIGUEZ,ARG,5,0,0,1,0.0,0.0,14.814814814814811,0.0,0.0,100.0,0.0
C. RODRIGUEZ,URU,4,0,0,1,0.0,0.0,11.11111111111111,0.0,0.0,100.0,0.0
C. RODRIGUEZ,URU,4,0,0,1,0.0,0.0,11.11111111111111,0.0,0.0,100.0,0.0
C. SALCIDO,MEX,8,0,1,2,0.0,0.0,25.925925925925924,0.0,25.0,87.5,1.0
C. SAMPAIO,BRA,7,3,3,1,0.4285714285714285,17.647058823529413,22.22222222222222,10.714285714285714,0.0,62.5,2.0
C. SANCHEZ,COL,5,0,1,1,0.0,0.0,14.814814814814811,0.0,0.0,87.5,2.0
C. STUANI,URU,4,0,0,1,0.0,0.0,11.11111111111111,0.0,0.0,100.0,0.0
C. SUAREZ,MEX,4,0,0,1,0.0,0.0,11.11111111111111,0.0,0.0,100.0,0.0
C. TENORIO,ECU,7,2,2,2,0.2857142857142857,11.76470588235294,22.22222222222222,7.142857142857142,25.0,75.0,1.0
C. TORRES,ESP,5,0,0,1,0.0,0.0,14.814814814814811,0.0,0.0,100.0,0.0
C. ZAPATA,COL,5,0,0,1,0.0,0.0,14.814814814814811,0.0,0.0,100.0,0.0
C. ZUIGA,COL,5,0,0,1,0.0,0.0,14.814814814814811,0.0,0.0,100.0,0.0
C.MARCHENA,ESP,7,0,0,1,0.0,0.0,22.22222222222222,0.0,0.0,100.0,0.0
C.RONALDO,POR,7,0,1,1,0.0,0.0,22.22222222222222,0.0,0.0,87.5,2.0
CABAAS,PAR,3,0,0,1,0.0,0.0,7.4074074074074066,0.0,0.0,100.0,0.0
CABANAS,SUI,4,0,1,1,0.0,0.0,11.11111111111111,0.0,0.0,87.5,2.0
CABAYE,FRA,5,0,2,1,0.0,0.0,14.814814814814811,0.0,0.0,75.0,2.0
CABECAO,BRA,3,0,0,1,0.0,0.0,7.4074074074074066,0.0,0.0,100.0,0.0
CABELLA,FRA,5,0,0,1,0.0,0.0,14.814814814814811,0.0,0.0,100.0,0.0
CABRERA,COL,3,0,0,1,0.0,0.0,7.4074074074074066,0.0,0.0,100.0,0.0
CABUNGULA,ANG,3,0,0,1,0.0,0.0,7.4074074074074066,0.0,0.0,100.0,0.0
CACAU,GER,7,1,2,1,0.1428571428571428,5.88235294117647,22.22222222222222,3.571428571428571,0.0,75.0,2.0
CACERES,PAR,4,0,1,1,0.0,0.0,11.11111111111111,0.0,0.0,87.5,2.0
CACERES,PAR,4,0,1,1,0.0,0.0,11.11111111111111,0.0,0.0,87.5,2.0
CACERES,URU,7,0,1,1,0.0,0.0,22.22222222222222,0.0,0.0,87.5,2.0
CACERES,URU,7,0,1,1,0.0,0.0,22.22222222222222,0.0,0.0,87.5,2.0
CADAMURO,ALG,4,0,1,1,0.0,0.0,11.11111111111111,0.0,0.0,87.5,2.0
CAFU,BRA,26,0,6,4,0.0,0.0,92.5925925925926,0.0,75.0,25.0,3.0
CAHILL,AUS,10,5,5,3,0.5,29.411764705882355,33.33333333333333,12.5,50.0,37.5,3.0
CAHILL,AUS,10,5,5,3,0.5,29.411764705882355,33.33333333333333,12.5,50.0,37.5,0.0
CAHILL,ENG,3,0,0,1,0.0,0.0,7.4074074074074066,0.0,0.0,100.0,3.0
CAHILL,ENG,3,0,0,1,0.0,0.0,7.4074074074074066,0.0,0.0,100.0,0.0
CAICEDO,ECU,3,0,0,1,0.0,0.0,7.4074074074074066,0.0,0.0,100.0,0.0
CAIZA,PAR,3,0,1,1,0.0,0.0,7.4074074074074066,0.0,0.0,87.5,2.0
CAIZARES,ESP,12,0,0,3,0.0,0.0,40.74074074074074,0.0,50.0,100.0,3.0
CALERO,COL,3,0,0,1,0.0,0.0,7.4074074074074066,0.0,0.0,100.0,0.0
CALVO D.,CRC,5,0,0,1,0.0,0.0,14.814814814814811,0.0,0.0,100.0,0.0
CAMBIASSO,ARG,5,1,1,1,0.2,5.88235294117647,14.814814814814811,5.0,0.0,87.5,2.0
CAMBRONERO D.,CRC,5,0,0,1,0.0,0.0,14.814814814814811,0.0,0.0,100.0,0.0
CAMERON,USA,4,0,2,1,0.0,0.0,11.11111111111111,0.0,0.0,75.0,2.0
CAMORANESI,ITA,10,0,3,2,0.0,0.0,33.33333333333333,0.0,25.0,62.5,1.0
CAMPAGNARO,ARG,7,0,0,1,0.0,0.0,22.22222222222222,0.0,0.0,100.0,0.0
CAMPBELL,ENG,10,1,1,2,0.1,5.88235294117647,33.33333333333333,2.5,25.0,87.5,1.0
CAMPBELL J.,CRC,5,1,0,1,0.2,5.88235294117647,14.814814814814811,5.0,0.0,100.0,0.0
CAMPOS,MEX,4,0,1,1,0.0,0.0,11.11111111111111,0.0,0.0,87.5,2.0
CAMPOS,MEX,4,0,1,1,0.0,0.0,11.11111111111111,0.0,0.0,87.5,1.0
CAMPOS,PAR,8,1,0,2,0.125,5.88235294117647,25.925925925925924,3.125,25.0,100.0,2.0
CAMPOS,PAR,8,1,0,2,0.125,5.88235294117647,25.925925925925924,3.125,25.0,100.0,1.0
CANALES,HON,3,0,0,1,0.0,0.0,7.4074074074074066,0.0,0.0,100.0,0.0
CANALLI,BRA,1,0,0,1,0.0,0.0,0.0,0.0,0.0,100.0,
CANDELA,FRA,3,0,0,1,0.0,0.0,7.4074074074074066,0.0,0.0,100.0,0.0
CANDREVA,ITA,3,0,0,1,0.0,0.0,7.4074074074074066,0.0,0.0,100.0,0.0
CANEIRA,POR,10,0,0,2,0.0,0.0,33.33333333333333,0.0,25.0,100.0,1.0
CANIGGIA,ARG,3,0,1,1,0.0,0.0,7.4074074074074066,0.0,0.0,87.5,2.0
CANIZA,PAR,9,0,1,2,0.0,0.0,29.629629629629623,0.0,25.0,87.5,1.0
CANNAVARO,ITA,14,0,3,3,0.0,0.0,48.14814814814815,0.0,50.0,62.5,3.0
CAPDEVILA,ESP,7,0,1,1,0.0,0.0,22.22222222222222,0.0,0.0,87.5,2.0
CAPUCHO,POR,3,0,0,1,0.0,0.0,7.4074074074074066,0.0,0.0,100.0,0.0
CARDOZO,PAR,13,1,1,3,0.0769230769230769,5.88235294117647,44.44444444444444,1.9230769230769231,50.0,87.5,3.0
CARECA,BRA,9,6,1,2,0.6666666666666666,35.294117647058826,29.629629629629623,16.666666666666664,25.0,87.5,1.0
CARLOS,BRA,17,0,0,3,0.0,0.0,59.25925925925925,0.0,50.0,100.0,3.0
CARLOS ALBERTO,BRA,6,1,1,1,0.1666666666666666,5.88235294117647,18.51851851851852,4.166666666666666,0.0,87.5,2.0
CARLOS MANUEL,POR,3,1,0,1,0.3333333333333333,5.88235294117647,7.4074074074074066,8.333333333333332,0.0,100.0,0.0
CARMELO,ESP,3,0,0,1,0.0,0.0,7.4074074074074066,0.0,0.0,100.0,0.0
CARMONA,CHI,8,0,2,2,0.0,0.0,25.925925925925924,0.0,25.0,75.0,1.0
CARNELL,RSA,3,0,1,1,0.0,0.0,7.4074074074074066,0.0,0.0,87.5,2.0
CARNEY,AUS,3,0,0,1,0.0,0.0,7.4074074074074066,0.0,0.0,100.0,0.0
CARPEGIANI,BRA,7,0,1,1,0.0,0.0,22.22222222222222,0.0,0.0,87.5,2.0
CARRAGHER,ENG,9,0,3,2,0.0,0.0,29.629629629629623,0.0,25.0,62.5,1.0
CARRASSO,FRA,3,0,0,1,0.0,0.0,7.4074074074074066,0.0,0.0,100.0,0.0
CARRICK,ENG,9,0,0,2,0.0,0.0,29.629629629629623,0.0,25.0,100.0,1.0
CARSLEY,IRL,4,0,0,1,0.0,0.0,11.11111111111111,0.0,0.0,100.0,0.0
CARSON,ENG,5,0,0,1,0.0,0.0,14.814814814814811,0.0,0.0,100.0,0.0
CARVALHO,POR,6,0,0,1,0.0,0.0,18.51851851851852,0.0,0.0,100.0,0.0
CARVALHO LEITE,BRA,3,0,0,2,0.0,0.0,7.4074074074074066,0.0,25.0,100.0,1.0
CASAGRANDE,BRA,5,0,0,1,0.0,0.0,14.814814814814811,0.0,0.0,100.0,0.0
CASILLAS,ESP,16,0,0,3,0.0,0.0,55.55555555555556,0.0,50.0,100.0,3.0
CASSANO,ITA,3,0,0,1,0.0,0.0,7.4074074074074066,0.0,0.0,100.0,0.0
CASTAEDA,CHI,4,0,0,1,0.0,0.0,11.11111111111111,0.0,0.0,100.0,0.0
CASTILHO,BRA,21,0,0,4,0.0,0.0,74.07407407407408,0.0,75.0,100.0,3.0
CASTILLO,URU,7,0,0,1,0.0,0.0,22.22222222222222,0.0,0.0,100.0,0.0
CASTRO,CRC,3,0,1,1,0.0,0.0,7.4074074074074066,0.0,0.0,87.5,2.0
CAVALLERO,ARG,3,0,0,1,0.0,0.0,7.4074074074074066,0.0,0.0,100.0,0.0
CAVANI,URU,7,1,0,1,0.1428571428571428,5.88235294117647,22.22222222222222,3.571428571428571,0.0,100.0,0.0
CCERES,PAR,3,0,0,1,0.0,0.0,7.4074074074074066,0.0,0.0,100.0,0.0
CECH,CZE,3,0,0,1,0.0,0.0,7.4074074074074066,0.0,0.0,100.0,0.0
CECH,CZE,3,0,0,1,0.0,0.0,7.4074074074074066,0.0,0.0,100.0,0.0
CECH,SVK,4,0,0,1,0.0,0.0,11.11111111111111,0.0,0.0,100.0,0.0
CECH,SVK,4,0,0,1,0.0,0.0,11.11111111111111,0.0,0.0,100.0,0.0
CEH A.,SVN,3,0,1,1,0.0,0.0,7.4074074074074066,0.0,0.0,87.5,2.0
CEH N.,SVN,3,0,1,1,0.0,0.0,7.4074074074074066,0.0,0.0,87.5,2.0
CELADES,ESP,3,0,0,1,0.0,0.0,7.4074074074074066,0.0,0.0,100.0,0.0
CENTENO,CRC,3,0,1,1,0.0,0.0,7.4074074074074066,0.0,0.0,87.5,2.0
CENTENO W.,CRC,3,0,0,1,0.0,0.0,7.4074074074074066,0.0,0.0,100.0,0.0
CERCI,ITA,3,0,0,1,0.0,0.0,7.4074074074074066,0.0,0.0,100.0,0.0
CESAR,BRA,7,0,0,1,0.0,0.0,22.22222222222222,0.0,0.0,100.0,0.0
CESAR,BRA,7,0,0,1,0.0,0.0,22.22222222222222,0.0,0.0,100.0,0.0
CESAR,BRA,7,0,0,1,0.0,0.0,22.22222222222222,0.0,0.0,100.0,2.0
CESAR,ESP,6,0,0,1,0.0,0.0,18.51851851851852,0.0,0.0,100.0,0.0
CESAR,ESP,6,0,0,1,0.0,0.0,18.51851851851852,0.0,0.0,100.0,0.0
CESAR,ESP,6,0,0,1,0.0,0.0,18.51851851851852,0.0,0.0,100.0,2.0
CESAR,SVN,3,0,1,1,0.0,0.0,7.4074074074074066,0.0,0.0,87.5,0.0
CESAR,SVN,3,0,1,1,0.0,0.0,7.4074074074074066,0.0,0.0,87.5,0.0
CESAR,SVN,3,0,1,1,0.0,0.0,7.4074074074074066,0.0,0.0,87.5,2.0
CESC,ESP,4,0,1,1,0.0,0.0,11.11111111111111,0.0,0.0,87.5,2.0
CEVALLOS,ECU,3,0,1,1,0.0,0.0,7.4074074074074066,0.0,0.0,87.5,2.0
CH L OU,CHN,3,0,0,1,0.0,0.0,7.4074074074074066,0.0,0.0,100.0,0.0
CH Y WU,CHN,3,0,0,1,0.0,0.0,7.4074074074074066,0.0,0.0,100.0,0.0
CH YANG,CHN,3,0,0,1,0.0,0.0,7.4074074074074066,0.0,0.0,100.0,0.0
CH. ARNGUIZ,CHI,4,1,1,1,0.25,5.88235294117647,11.11111111111111,6.25,0.0,87.5,2.0
CHA Bum Kun,KOR,3,0,0,1,0.0,0.0,7.4074074074074066,0.0,0.0,100.0,0.0
CHACHO,ESP,3,0,0,1,0.0,0.0,7.4074074074074066,0.0,0.0,100.0,0.0
CHADLI,BEL,5,0,0,1,0.0,0.0,14.814814814814811,0.0,0.0,100.0,0.0
CHALA,ECU,3,0,2,1,0.0,0.0,7.4074074074074066,0.0,0.0,75.0,2.0
CHALKIAS,GRE,3,0,0,1,0.0,0.0,7.4074074074074066,0.0,0.0,100.0,0.0
CHAMBERLAIN,ENG,3,0,0,1,0.0,0.0,7.4074074074074066,0.0,0.0,100.0,0.0
CHAMOT,ARG,7,0,2,2,0.0,0.0,22.22222222222222,0.0,25.0,75.0,1.0
CHANDLER,USA,4,0,0,1,0.0,0.0,11.11111111111111,0.0,0.0,100.0,0.0
CHAOUCHI,ALG,3,0,0,1,0.0,0.0,7.4074074074074066,0.0,0.0,100.0,0.0
CHARISTEAS,GRE,3,0,0,1,0.0,0.0,7.4074074074074066,0.0,0.0,100.0,0.0
CHARLES,TRI,3,0,0,1,0.0,0.0,7.4074074074074066,0.0,0.0,100.0,0.0
CHAVEZ,HON,3,0,1,1,0.0,0.0,7.4074074074074066,0.0,0.0,87.5,2.0
CHEDJOU,CMR,6,0,0,2,0.0,0.0,18.51851851851852,0.0,25.0,100.0,1.0
CHEDLI,TUN,3,0,1,1,0.0,0.0,7.4074074074074066,0.0,0.0,87.5,2.0
CHENDO,ESP,9,0,1,2,0.0,0.0,29.629629629629623,0.0,25.0,87.5,1.0
CHERCHESOV,RUS,3,0,0,1,0.0,0.0,7.4074074074074066,0.0,0.0,100.0,0.0
CHERUNDOLO,USA,12,0,2,3,0.0,0.0,40.74074074074074,0.0,50.0,75.0,3.0
CHICAO,BRA,7,0,1,1,0.0,0.0,22.22222222222222,0.0,0.0,87.5,2.0
CHICO,BRA,6,4,0,1,0.6666666666666666,23.52941176470588,18.51851851851852,16.666666666666664,0.0,100.0,0.0
CHIELLINI,ITA,6,0,1,2,0.0,0.0,18.51851851851852,0.0,25.0,87.5,1.0
CHIKHAOUI,TUN,3,0,1,1,0.0,0.0,7.4074074074074066,0.0,0.0,87.5,2.0
CHILAVERT,PAR,8,0,1,2,0.0,0.0,25.925925925925924,0.0,25.0,87.5,1.0
CHIMBONDA,FRA,7,0,0,1,0.0,0.0,22.22222222222222,0.0,0.0,100.0,0.0
CHINCHILLA,CRC,3,0,0,1,0.0,0.0,7.4074074074074066,0.0,0.0,100.0,0.0
CHING,USA,3,0,0,1,0.0,0.0,7.4074074074074066,0.0,0.0,100.0,0.0
CHIPPERFIELD,AUS,7,0,0,2,0.0,0.0,22.22222222222222,0.0,25.0,100.0,1.0
CHIQUI ARCE,PAR,4,1,1,1,0.25,5.88235294117647,11.11111111111111,6.25,0.0,87.5,2.0
CHO Byung Duk,KOR,3,0,0,1,0.0,0.0,7.4074074074074066,0.0,0.0,100.0,0.0
CHO Jin Ho,KOR,3,0,0,1,0.0,0.0,7.4074074074074066,0.0,0.0,100.0,0.0
CHO Kwang Rae,KOR,3,0,0,1,0.0,0.0,7.4074074074074066,0.0,0.0,100.0,0.0
CHO Min Kook,KOR,6,0,0,2,0.0,0.0,18.51851851851852,0.0,25.0,100.0,1.0
CHO Young Jeung,KOR,3,0,2,1,0.0,0.0,7.4074074074074066,0.0,0.0,75.0,2.0
CHOI Chung Min,KOR,2,0,0,1,0.0,0.0,3.7037037037037033,0.0,0.0,100.0,
CHOI Dae Shik,KOR,3,0,0,1,0.0,0.0,7.4074074074074066,0.0,0.0,100.0,0.0
CHOI In Young,KOR,6,0,0,2,0.0,0.0,18.51851851851852,0.0,25.0,100.0,1.0
CHOI Kang Hee,KOR,3,0,1,1,0.0,0.0,7.4074074074074066,0.0,0.0,87.5,2.0
CHOI Moon Sik,KOR,3,0,0,1,0.0,0.0,7.4074074074074066,0.0,0.0,100.0,0.0
CHOI S. Y.,KOR,3,0,0,1,0.0,0.0,7.4074074074074066,0.0,0.0,100.0,0.0
CHOI Soon Ho,KOR,6,1,1,2,0.1666666666666666,5.88235294117647,18.51851851851852,4.166666666666666,25.0,87.5,1.0
CHOI Y. I.,KOR,3,0,0,1,0.0,0.0,7.4074074074074066,0.0,0.0,100.0,0.0
CHOI Y. S.,KOR,3,0,1,1,0.0,0.0,7.4074074074074066,0.0,0.0,87.5,2.0
CHOI Yung Keun,KOR,2,0,0,1,0.0,0.0,3.7037037037037033,0.0,0.0,100.0,
CHOLEVAS,GRE,4,0,0,1,0.0,0.0,11.11111111111111,0.0,0.0,100.0,0.0
CHONGGUG,KOR,3,0,0,1,0.0,0.0,7.4074074074074066,0.0,0.0,100.0,0.0
CHOUPO - MOTING,CMR,3,0,0,1,0.0,0.0,7.4074074074074066,0.0,0.0,100.0,0.0
CHOUPO-MOTING,CMR,3,0,0,1,0.0,0.0,7.4074074074074066,0.0,0.0,100.0,0.0
CHRISTANVAL,FRA,3,0,0,1,0.0,0.0,7.4074074074074066,0.0,0.0,100.0,0.0
CHRISTIANSEN,DEN,7,0,0,2,0.0,0.0,22.22222222222222,0.0,25.0,100.0,1.0
CHRISTIE,NZL,3,0,0,1,0.0,0.0,7.4074074074074066,0.0,0.0,100.0,0.0
CHU Yung Kwang,KOR,2,0,0,1,0.0,0.0,3.7037037037037033,0.0,0.0,100.0,
CHUGAYNOV,RUS,3,0,0,1,0.0,0.0,7.4074074074074066,0.0,0.0,100.0,0.0
CHUNG Hae Won,KOR,3,0,1,1,0.0,0.0,7.4074074074074066,0.0,0.0,87.5,2.0
CHUNG Jong Son,KOR,3,0,0,1,0.0,0.0,7.4074074074074066,0.0,0.0,100.0,0.0
CHUNG Jong Soo,KOR,6,0,0,2,0.0,0.0,18.51851851851852,0.0,25.0,100.0,1.0
CHUNG Nam Sik,KOR,2,0,0,1,0.0,0.0,3.7037037037037033,0.0,0.0,100.0,
CHUNG Yong Hwan,KOR,6,0,0,2,0.0,0.0,18.51851851851852,0.0,25.0,100.0,1.0
CHUNGYONG,KOR,4,2,1,1,0.5,11.76470588235294,11.11111111111111,12.5,0.0,87.5,2.0
CHUNSOO,KOR,3,1,2,1,0.3333333333333333,5.88235294117647,7.4074074074074066,8.333333333333332,0.0,75.0,2.0
CHUYOUNG,KOR,7,1,1,2,0.1428571428571428,5.88235294117647,22.22222222222222,3.571428571428571,25.0,87.5,1.0
CHYGRYNSKYY,UKR,5,0,0,1,0.0,0.0,14.814814814814811,0.0,0.0,100.0,0.0
CICINHO,BRA,5,0,0,1,0.0,0.0,14.814814814814811,0.0,0.0,100.0,0.0
CILAURREN,ESP,3,0,0,1,0.0,0.0,7.4074074074074066,0.0,0.0,100.0,0.0
CILLESSEN,NED,7,0,0,1,0.0,0.0,22.22222222222222,0.0,0.0,100.0,0.0
CIMAN,BEL,5,0,0,1,0.0,0.0,14.814814814814811,0.0,0.0,100.0,0.0
CIMIROTIC,SVN,3,1,1,1,0.3333333333333333,5.88235294117647,7.4074074074074066,8.333333333333332,0.0,87.5,2.0
CIRIACO,ESP,3,0,0,1,0.0,0.0,7.4074074074074066,0.0,0.0,100.0,0.0
CISSE,FRA,6,0,0,2,0.0,0.0,18.51851851851852,0.0,25.0,100.0,1.0
CISSE,FRA,6,0,0,2,0.0,0.0,18.51851851851852,0.0,25.0,100.0,2.0
CISSE,SEN,5,0,2,1,0.0,0.0,14.814814814814811,0.0,0.0,75.0,1.0
CISSE,SEN,5,0,2,1,0.0,0.0,14.814814814814811,0.0,0.0,75.0,2.0
CISSOKHO,SEN,5,0,0,1,0.0,0.0,14.814814814814811,0.0,0.0,100.0,0.0
CLAPHAM,NZL,3,0,0,1,0.0,0.0,7.4074074074074066,0.0,0.0,100.0,0.0
CLARK,USA,4,0,1,1,0.0,0.0,11.11111111111111,0.0,0.0,87.5,2.0
CLAROS,HON,3,0,0,1,0.0,0.0,7.4074074074074066,0.0,0.0,100.0,0.0
CLASIE,NED,7,0,0,1,0.0,0.0,22.22222222222222,0.0,0.0,100.0,0.0
CLAYTON,TUN,6,0,2,2,0.0,0.0,18.51851851851852,0.0,25.0,75.0,1.0
CLICHY,FRA,3,0,0,1,0.0,0.0,7.4074074074074066,0.0,0.0,100.0,0.0
CLODOALDO,BRA,6,1,0,1,0.1666666666666666,5.88235294117647,18.51851851851852,4.166666666666666,0.0,100.0,0.0
COCO,ITA,4,0,1,1,0.0,0.0,11.11111111111111,0.0,0.0,87.5,2.0
COCU,NED,4,0,0,1,0.0,0.0,11.11111111111111,0.0,0.0,100.0,0.0
COLOCCINI,ARG,5,0,0,1,0.0,0.0,14.814814814814811,0.0,0.0,100.0,0.0
COLTORTI,SUI,4,0,0,1,0.0,0.0,11.11111111111111,0.0,0.0,100.0,0.0
COLY,SEN,5,0,2,1,0.0,0.0,14.814814814814811,0.0,0.0,75.0,2.0
CONNOLLY,IRL,4,0,0,1,0.0,0.0,11.11111111111111,0.0,0.0,100.0,0.0
CONRAD,USA,3,0,0,1,0.0,0.0,7.4074074074074066,0.0,0.0,100.0,0.0
CONTRERAS,CHI,4,0,0,1,0.0,0.0,11.11111111111111,0.0,0.0,100.0,0.0
CONTRERAS,CHI,4,0,0,1,0.0,0.0,11.11111111111111,0.0,0.0,100.0,0.0
CONTRERAS,ESP,5,0,0,1,0.0,0.0,14.814814814814811,0.0,0.0,100.0,0.0
CONTRERAS,ESP,5,0,0,1,0.0,0.0,14.814814814814811,0.0,0.0,100.0,0.0
CONVEY,USA,3,0,0,1,0.0,0.0,7.4074074074074066,0.0,0.0,100.0,0.0
CORDERO,CRC,3,0,0,1,0.0,0.0,7.4074074074074066,0.0,0.0,100.0,0.0
CORDOBA,COL,6,0,0,2,0.0,0.0,18.51851851851852,0.0,25.0,100.0,1.0
CORLUKA,CRO,3,0,1,1,0.0,0.0,7.4074074074074066,0.0,0.0,87.5,2.0
CORNEJO,CHI,4,0,0,1,0.0,0.0,11.11111111111111,0.0,0.0,100.0,0.0
COSTACURTA,ITA,7,0,2,1,0.0,0.0,22.22222222222222,0.0,0.0,75.0,2.0
COSTINHA,POR,7,0,6,1,0.0,0.0,22.22222222222222,0.0,0.0,25.0,2.0
COSTLY,HON,3,1,0,1,0.3333333333333333,5.88235294117647,7.4074074074074066,8.333333333333332,0.0,100.0,0.0
COUPET,FRA,10,0,0,2,0.0,0.0,33.33333333333333,0.0,25.0,100.0,1.0
COURTOIS,BEL,5,0,0,1,0.0,0.0,14.814814814814811,0.0,0.0,100.0,0.0
COUTINHO,BRA,6,0,0,1,0.0,0.0,18.51851851851852,0.0,0.0,100.0,0.0
COVIC,AUS,4,0,0,1,0.0,0.0,11.11111111111111,0.0,0.0,100.0,0.0
COX,TRI,3,0,0,1,0.0,0.0,7.4074074074074066,0.0,0.0,100.0,0.0
CRESPO,ARG,13,4,1,3,0.3076923076923077,23.52941176470588,44.44444444444444,7.6923076923076925,50.0,87.5,3.0
CRIS,BRA,5,0,0,1,0.0,0.0,14.814814814814811,0.0,0.0,100.0,0.0
CRISANTO BOSCH,ESP,3,0,0,1,0.0,0.0,7.4074074074074066,0.0,0.0,100.0,0.0
CRISCITO,ITA,3,0,0,1,0.0,0.0,7.4074074074074066,0.0,0.0,100.0,0.0
CROUCH,ENG,9,1,1,2,0.1111111111111111,5.88235294117647,29.629629629629623,2.7777777777777777,25.0,87.5,1.0
CRUZ,ARG,5,0,1,1,0.0,0.0,14.814814814814811,0.0,0.0,87.5,2.0
CUADRADO,COL,5,0,0,1,0.0,0.0,14.814814814814811,0.0,0.0,100.0,0.0
CUBERO J.,CRC,5,0,1,1,0.0,0.0,14.814814814814811,0.0,0.0,87.5,2.0
CUEVAS,PAR,7,3,0,2,0.4285714285714285,17.647058823529413,22.22222222222222,10.714285714285714,25.0,100.0,1.0
CUFRE,ARG,5,0,0,1,0.0,0.0,14.814814814814811,0.0,0.0,100.0,0.0
CULINA,AUS,7,0,1,2,0.0,0.0,22.22222222222222,0.0,25.0,87.5,1.0
CUNNINGHAM,IRL,4,0,0,1,0.0,0.0,11.11111111111111,0.0,0.0,100.0,0.0
Carl VALENTINE,CAN,3,0,0,1,0.0,0.0,7.4074074074074066,0.0,0.0,100.0,0.0
Carles REXACH,ESP,3,0,0,1,0.0,0.0,7.4074074074074066,0.0,0.0,100.0,0.0
Carlo ANCELOTTI,ITA,11,0,0,2,0.0,0.0,37.03703703703704,0.0,25.0,100.0,1.0
Carlo ANNOVAZZI,ITA,2,0,0,1,0.0,0.0,3.7037037037037033,0.0,0.0,100.0,
Carlo CERESOLI,ITA,4,0,0,1,0.0,0.0,11.11111111111111,0.0,0.0,100.0,0.0
Carlo GALLI,ITA,3,1,0,1,0.3333333333333333,5.88235294117647,7.4074074074074066,8.333333333333332,0.0,100.0,0.0
Carlo MATTREL,ITA,3,0,0,1,0.0,0.0,7.4074074074074066,0.0,0.0,100.0,0.0
Carlo PAROLA,ITA,2,0,0,1,0.0,0.0,3.7037037037037033,0.0,0.0,100.0,
Carlos AGUILERA,URU,8,0,0,2,0.0,0.0,25.925925925925924,0.0,25.0,100.0,1.0
Carlos APONTE,COL,3,0,0,1,0.0,0.0,7.4074074074074066,0.0,0.0,100.0,0.0
Carlos BABINGTON,ARG,6,1,3,1,0.1666666666666666,5.88235294117647,18.51851851851852,4.166666666666666,0.0,62.5,2.0
Carlos BLANCO,MEX,5,0,0,2,0.0,0.0,14.814814814814811,0.0,25.0,100.0,1.0
Carlos BORGES,URU,5,4,0,1,0.8,23.52941176470588,14.814814814814811,20.0,0.0,100.0,0.0
Carlos BORJA,BOL,3,0,1,1,0.0,0.0,7.4074074074074066,0.0,0.0,87.5,2.0
Carlos CABELLERO,HON,3,0,0,1,0.0,0.0,7.4074074074074066,0.0,0.0,100.0,0.0
Carlos CALDERON DE LA BARCA,MEX,3,0,0,1,0.0,0.0,7.4074074074074066,0.0,0.0,100.0,0.0
Carlos CAMPOS,CHI,9,0,0,2,0.0,0.0,29.629629629629623,0.0,25.0,100.0,1.0
Carlos CARUS,MEX,2,0,0,1,0.0,0.0,3.7037037037037033,0.0,0.0,100.0,
Carlos CASZELY,CHI,6,0,2,2,0.0,0.0,18.51851851851852,0.0,25.0,75.0,1.0
Carlos CILLONIZ,PER,2,0,0,1,0.0,0.0,3.7037037037037033,0.0,0.0,100.0,
Carlos CONTRERAS,CHI,6,0,0,1,0.0,0.0,18.51851851851852,0.0,0.0,100.0,0.0
Carlos CORREA,URU,4,0,0,1,0.0,0.0,11.11111111111111,0.0,0.0,100.0,0.0
Carlos DE LOS COBOS,MEX,5,0,1,1,0.0,0.0,14.814814814814811,0.0,0.0,87.5,2.0
Carlos ESTRADA,COL,4,0,0,1,0.0,0.0,11.11111111111111,0.0,0.0,100.0,0.0
Carlos GOMEZ,MEX,3,0,0,1,0.0,0.0,7.4074074074074066,0.0,0.0,100.0,0.0
Carlos GONZALEZ,MEX,3,0,0,1,0.0,0.0,7.4074074074074066,0.0,0.0,100.0,0.0
Carlos GUEVARA,MEX,3,0,0,1,0.0,0.0,7.4074074074074066,0.0,0.0,100.0,0.0
Carlos HERMOSILLO,MEX,9,0,0,2,0.0,0.0,29.629629629629623,0.0,25.0,100.0,1.0
Carlos HOYOS,COL,4,0,0,1,0.0,0.0,11.11111111111111,0.0,0.0,100.0,0.0
Carlos IBANEZ,CHI,3,0,0,1,0.0,0.0,7.4074074074074066,0.0,0.0,100.0,0.0
Carlos LAPETRA,ESP,3,0,0,1,0.0,0.0,7.4074074074074066,0.0,0.0,100.0,0.0
Carlos MUNOZ,MEX,5,0,1,1,0.0,0.0,14.814814814814811,0.0,0.0,87.5,2.0
Carlos OLIVERA,CUB,3,0,0,1,0.0,0.0,7.4074074074074066,0.0,0.0,100.0,0.0
Carlos PAREDES,PAR,4,0,0,1,0.0,0.0,11.11111111111111,0.0,0.0,100.0,0.0
Carlos PEUCELLE,ARG,5,3,0,1,0.6,17.647058823529413,14.814814814814811,15.0,0.0,100.0,0.0
Carlos RECINOS,SLV,3,0,1,1,0.0,0.0,7.4074074074074066,0.0,0.0,87.5,2.0
Carlos REINOSO,CHI,3,0,1,1,0.0,0.0,7.4074074074074066,0.0,0.0,87.5,2.0
Carlos RIOLFO,URU,4,0,0,1,0.0,0.0,11.11111111111111,0.0,0.0,100.0,0.0
Carlos RIVAS,CHI,3,0,0,1,0.0,0.0,7.4074074074074066,0.0,0.0,100.0,0.0
Carlos ROA,ARG,5,0,1,1,0.0,0.0,14.814814814814811,0.0,0.0,87.5,2.0
Carlos ROJAS,CHI,3,0,0,1,0.0,0.0,7.4074074074074066,0.0,0.0,100.0,0.0
Carlos ROMERO,URU,4,0,0,1,0.0,0.0,11.11111111111111,0.0,0.0,100.0,0.0
Carlos SCHNEBERGER,CHI,3,0,0,1,0.0,0.0,7.4074074074074066,0.0,0.0,100.0,0.0
Carlos SEPTIEN,MEX,5,0,0,2,0.0,0.0,14.814814814814811,0.0,25.0,100.0,1.0
Carlos SPADARO,ARG,5,0,0,1,0.0,0.0,14.814814814814811,0.0,0.0,100.0,0.0
Carlos SQUEO,ARG,6,0,0,1,0.0,0.0,18.51851851851852,0.0,0.0,100.0,0.0
Carlos TAPIA,ARG,7,0,0,1,0.0,0.0,22.22222222222222,0.0,0.0,100.0,0.0
Carlos TEJAS,CHI,4,0,0,1,0.0,0.0,11.11111111111111,0.0,0.0,100.0,0.0
Carlos TRUCCO,BOL,3,0,0,1,0.0,0.0,7.4074074074074066,0.0,0.0,100.0,0.0
Carlos VALDERRAMA,COL,4,1,0,1,0.25,5.88235294117647,11.11111111111111,6.25,0.0,100.0,0.0
Carlos VIDAL,CHI,3,2,0,1,0.6666666666666666,11.76470588235294,7.4074074074074066,16.666666666666664,0.0,100.0,0.0
Carmelo SIMEONE,ARG,4,0,0,1,0.0,0.0,11.11111111111111,0.0,0.0,100.0,0.0
Casiano CESPEDES,PAR,2,0,0,1,0.0,0.0,3.7037037037037033,0.0,0.0,100.0,
Casiano CHAVARRIA,BOL,2,0,0,1,0.0,0.0,3.7037037037037033,0.0,0.0,100.0,
Casimiro TORRES,CHI,3,0,0,1,0.0,0.0,7.4074074074074066,0.0,0.0,100.0,0.0
Castor CANTERO,PAR,2,0,0,1,0.0,0.0,3.7037037037037033,0.0,0.0,100.0,
Cayetano CARRERAS SAGUEIR,PAR,2,0,0,1,0.0,0.0,3.7037037037037033,0.0,0.0,100.0,
Cayetano RE,PAR,3,1,0,1,0.3333333333333333,5.88235294117647,7.4074074074074066,8.333333333333332,0.0,100.0,0.0
Cees VAN IERSSEL,NED,7,0,0,1,0.0,0.0,22.22222222222222,0.0,0.0,100.0,0.0
Celestin DELMER,FRA,4,0,0,2,0.0,0.0,11.11111111111111,0.0,25.0,100.0,1.0
Celestin OLIVER,FRA,6,0,0,1,0.0,0.0,18.51851851851852,0.0,0.0,100.0,0.0
Celestine BABAYARO,NGA,4,0,0,1,0.0,0.0,11.11111111111111,0.0,0.0,100.0,0.0
Celso GUITY,HON,3,0,0,1,0.0,0.0,7.4074074074074066,0.0,0.0,100.0,0.0
Celso OTERO,URU,4,0,0,1,0.0,0.0,11.11111111111111,0.0,0.0,100.0,0.0
Cesar CUETO,PER,9,1,0,2,0.1111111111111111,5.88235294117647,29.629629629629623,2.7777777777777777,25.0,100.0,1.0
Cesar ESPINOZA,CHI,3,0,0,1,0.0,0.0,7.4074074074074066,0.0,0.0,100.0,0.0
Cesar GUTIERREZ,HON,3,0,0,1,0.0,0.0,7.4074074074074066,0.0,0.0,100.0,0.0
Cesar LOPEZ FRETES,PAR,2,1,0,1,0.5,5.88235294117647,3.7037037037037033,12.5,0.0,100.0,
Cesar RAMIREZ,PAR,4,0,0,1,0.0,0.0,11.11111111111111,0.0,0.0,100.0,0.0
Cesar RUMINSKI,FRA,2,0,0,1,0.0,0.0,3.7037037037037033,0.0,0.0,100.0,
Cesar VEGA,URU,4,0,0,1,0.0,0.0,11.11111111111111,0.0,0.0,100.0,0.0
Cesar ZABALA,PAR,4,0,0,1,0.0,0.0,11.11111111111111,0.0,0.0,100.0,0.0
Cesare MALDINI,ITA,3,0,0,1,0.0,0.0,7.4074074074074066,0.0,0.0,100.0,0.0
Cestmir PATZEL,TCH,4,0,0,1,0.0,0.0,11.11111111111111,0.0,0.0,100.0,0.0
Cetin ZEYBEK,TUR,3,0,0,1,0.0,0.0,7.4074074074074066,0.0,0.0,100.0,0.0
Chaabane MERZEKANE,ALG,3,0,0,1,0.0,0.0,7.4074074074074066,0.0,0.0,100.0,0.0
Chad DEERING,USA,3,0,0,1,0.0,0.0,7.4074074074074066,0.0,0.0,100.0,0.0
Charles CASALI,SUI,4,0,0,1,0.0,0.0,11.11111111111111,0.0,0.0,100.0,0.0
Charles GEERTS,BEL,2,0,0,1,0.0,0.0,3.7037037037037033,0.0,0.0,100.0,
Charles SIMONS,BEL,1,0,0,1,0.0,0.0,0.0,0.0,0.0,100.0,
Charles TOUBE,CMR,3,0,0,1,0.0,0.0,7.4074074074074066,0.0,0.0,100.0,0.0
Charles VANDEWOUWER,BEL,1,0,0,1,0.0,0.0,0.0,0.0,0.0,100.0,
Charlie COLOMBO,USA,3,0,0,1,0.0,0.0,7.4074074074074066,0.0,0.0,100.0,0.0
Charlie NICHOLAS,SCO,3,0,0,1,0.0,0.0,7.4074074074074066,0.0,0.0,100.0,0.0
Charly ELSENER,SUI,6,0,0,2,0.0,0.0,18.51851851851852,0.0,25.0,100.0,1.0
Chidi NWANU,NGA,4,0,1,1,0.0,0.0,11.11111111111111,0.0,0.0,87.5,2.0
Choukri EL OUAER,TUN,3,0,0,1,0.0,0.0,7.4074074074074066,0.0,0.0,100.0,0.0
Chris HENDERSON,USA,3,0,0,1,0.0,0.0,7.4074074074074066,0.0,0.0,100.0,0.0
Chris MORRIS,IRL,5,0,1,1,0.0,0.0,14.814814814814811,0.0,0.0,87.5,2.0
Chris NICHOLL,NIR,5,0,0,1,0.0,0.0,14.814814814814811,0.0,0.0,100.0,0.0
Chris WADDLE,ENG,12,0,0,2,0.0,0.0,40.74074074074074,0.0,25.0,100.0,1.0
Chris WOODS,ENG,12,0,0,2,0.0,0.0,40.74074074074074,0.0,25.0,100.0,1.0
Christian DAILLY,SCO,3,0,0,1,0.0,0.0,7.4074074074074066,0.0,0.0,100.0,0.0
Christian DALGER,FRA,3,0,0,1,0.0,0.0,7.4074074074074066,0.0,0.0,100.0,0.0
Christian DULCA,ROU,4,0,0,1,0.0,0.0,11.11111111111111,0.0,0.0,100.0,0.0
Christian KAREMBEU,FRA,7,0,1,1,0.0,0.0,22.22222222222222,0.0,0.0,87.5,2.0
Christian KEGLEVITS,AUT,3,0,0,1,0.0,0.0,7.4074074074074066,0.0,0.0,100.0,0.0
Christian LOPEZ,FRA,10,1,0,2,0.1,5.88235294117647,33.33333333333333,2.5,25.0,100.0,1.0
Christian PIOT,BEL,3,0,0,1,0.0,0.0,7.4074074074074066,0.0,0.0,100.0,0.0
Christian VIERI,ITA,5,5,0,1,1.0,29.411764705882355,14.814814814814811,25.0,0.0,100.0,0.0
Christian ZIEGE,GER,5,0,0,1,0.0,0.0,14.814814814814811,0.0,0.0,100.0,0.0
Christophe DUGARRY,FRA,7,1,0,1,0.1428571428571428,5.88235294117647,22.22222222222222,3.571428571428571,0.0,100.0,0.0
Christophe OHREL,SUI,4,0,0,1,0.0,0.0,11.11111111111111,0.0,0.0,100.0,0.0
Christopher DAWES,JAM,3,0,1,1,0.0,0.0,7.4074074074074066,0.0,0.0,87.5,2.0
Christopher HUGHTON,IRL,5,0,0,1,0.0,0.0,14.814814814814811,0.0,0.0,100.0,0.0
Christopher SULLIVAN,USA,3,0,0,1,0.0,0.0,7.4074074074074066,0.0,0.0,100.0,0.0
Christos KARKAMANIS,GRE,3,0,0,1,0.0,0.0,7.4074074074074066,0.0,0.0,100.0,0.0
Ciriaco SFORZA,SUI,4,0,0,1,0.0,0.0,11.11111111111111,0.0,0.0,100.0,0.0
Ciro FERRARA,ITA,7,0,0,1,0.0,0.0,22.22222222222222,0.0,0.0,100.0,0.0
Claes CRONQVIST,SWE,9,0,1,2,0.0,0.0,29.629629629629623,0.0,25.0,87.5,1.0
Clarence SEEDORF,NED,7,0,1,1,0.0,0.0,22.22222222222222,0.0,0.0,87.5,2.0
Claude ABBES,FRA,8,0,0,2,0.0,0.0,25.925925925925924,0.0,25.0,100.0,1.0
Claude BARTHELEMY,HAI,3,0,0,1,0.0,0.0,7.4074074074074066,0.0,0.0,100.0,0.0
Claude PAPI,FRA,3,0,0,1,0.0,0.0,7.4074074074074066,0.0,0.0,100.0,0.0
Claudio BORGHI,ARG,7,0,0,1,0.0,0.0,22.22222222222222,0.0,0.0,100.0,0.0
Claudio CANIGGIA,ARG,11,4,3,2,0.3636363636363636,23.52941176470588,37.03703703703704,9.090909090909092,25.0,62.5,3.0
Claudio GENTILE,ITA,14,0,3,2,0.0,0.0,48.14814814814815,0.0,25.0,62.5,3.0
Claudio JARA,CRC,4,0,1,1,0.0,0.0,11.11111111111111,0.0,0.0,87.5,2.0
Claudio LEZCANO,PAR,3,0,0,1,0.0,0.0,7.4074074074074066,0.0,0.0,100.0,0.0
Claudio LOPEZ,ARG,5,1,0,1,0.2,5.88235294117647,14.814814814814811,5.0,0.0,100.0,0.0
Claudio REYNA,USA,7,0,1,2,0.0,0.0,22.22222222222222,0.0,25.0,87.5,1.0
Claudio SALA,ITA,7,0,0,1,0.0,0.0,22.22222222222222,0.0,0.0,100.0,0.0
Claudio SUAREZ,MEX,4,0,0,1,0.0,0.0,11.11111111111111,0.0,0.0,100.0,0.0
Cle KOOIMAN,USA,4,0,0,1,0.0,0.0,11.11111111111111,0.0,0.0,100.0,0.0
Cliff JONES,WAL,5,0,0,1,0.0,0.0,14.814814814814811,0.0,0.0,100.0,0.0
Cobi JONES,USA,3,0,0,1,0.0,0.0,7.4074074074074066,0.0,0.0,100.0,0.0
Colin BAKER,WAL,5,0,0,1,0.0,0.0,14.814814814814811,0.0,0.0,100.0,0.0
Colin BELL,ENG,4,0,0,1,0.0,0.0,11.11111111111111,0.0,0.0,100.0,0.0
Colin CALDERWOOD,SCO,3,0,0,1,0.0,0.0,7.4074074074074066,0.0,0.0,100.0,0.0
Colin CLARKE,NIR,3,1,0,1,0.3333333333333333,5.88235294117647,7.4074074074074066,8.333333333333332,0.0,100.0,0.0
Colin CURRAN,AUS,3,0,0,1,0.0,0.0,7.4074074074074066,0.0,0.0,100.0,0.0
Colin HENDRY,SCO,3,0,0,1,0.0,0.0,7.4074074074074066,0.0,0.0,100.0,0.0
Colin MC DONALD,ENG,4,0,0,1,0.0,0.0,11.11111111111111,0.0,0.0,100.0,0.0
Colin MILLER,CAN,3,0,0,1,0.0,0.0,7.4074074074074066,0.0,0.0,100.0,0.0
Colin WEBSTER,WAL,5,0,0,1,0.0,0.0,14.814814814814811,0.0,0.0,100.0,0.0
Comunardo NICCOLAI,ITA,6,0,0,1,0.0,0.0,18.51851851851852,0.0,0.0,100.0,0.0
Conduelo PIRIZ,URU,4,0,0,1,0.0,0.0,11.11111111111111,0.0,0.0,100.0,0.0
Conny TORSTENSSON,SWE,9,1,0,2,0.1111111111111111,5.88235294117647,29.629629629629623,2.7777777777777777,25.0,100.0,1.0
Constant HUYSMANS,BEL,2,0,0,1,0.0,0.0,3.7037037037037033,0.0,0.0,100.0,
Constantin GALCA,ROU,9,0,0,2,0.0,0.0,29.629629629629623,0.0,25.0,100.0,1.0
Constantin STANCIU,ROU,2,1,0,1,0.5,5.88235294117647,3.7037037037037033,12.5,0.0,100.0,
Corneel SEYS,BEL,1,0,0,1,0.0,0.0,0.0,0.0,0.0,100.0,
Cornel DINU,ROU,3,0,0,1,0.0,0.0,7.4074074074074066,0.0,0.0,100.0,0.0
Corneliu PAPURA,ROU,5,0,0,1,0.0,0.0,14.814814814814811,0.0,0.0,100.0,0.0
Corneliu ROBE,ROU,2,0,0,1,0.0,0.0,3.7037037037037033,0.0,0.0,100.0,
Coskun TAS,TUR,3,0,0,1,0.0,0.0,7.4074074074074066,0.0,0.0,100.0,0.0
Costant JOACIM,BEL,1,0,0,1,0.0,0.0,0.0,0.0,0.0,100.0,
Costantino URBIETA SOSA,ARG,1,0,0,1,0.0,0.0,0.0,0.0,0.0,100.0,
Craig BURLEY,SCO,3,1,1,1,0.3333333333333333,5.88235294117647,7.4074074074074066,8.333333333333332,0.0,87.5,2.0
Craig LEVEIN,SCO,3,0,0,1,0.0,0.0,7.4074074074074066,0.0,0.0,100.0,0.0
Crescencio GUTIERREZ,MEX,3,0,0,1,0.0,0.0,7.4074074074074066,0.0,0.0,100.0,0.0
Cristobal ORTEGA,MEX,8,0,0,2,0.0,0.0,25.925925925925924,0.0,25.0,100.0,1.0
Curt BERGSTEN,SWE,3,0,0,1,0.0,0.0,7.4074074074074066,0.0,0.0,100.0,0.0
Cyrille MAKANAKY,CMR,5,0,0,1,0.0,0.0,14.814814814814811,0.0,0.0,100.0,0.0
Czeslaw POVOLNY,FRA,2,0,0,1,0.0,0.0,3.7037037037037033,0.0,0.0,100.0,
D R CHA,KOR,7,0,1,1,0.0,0.0,22.22222222222222,0.0,0.0,87.5,2.0
D S HA,KOR,3,0,0,1,0.0,0.0,7.4074074074074066,0.0,0.0,100.0,0.0
D W JI,KOR,3,0,0,1,0.0,0.0,7.4074074074074066,0.0,0.0,100.0,0.0
D. ALVES,BRA,5,0,0,1,0.0,0.0,14.814814814814811,0.0,0.0,100.0,0.0
D. BAGGIO,ITA,5,0,0,1,0.0,0.0,14.814814814814811,0.0,0.0,100.0,0.0
D. BARRETO,PAR,5,0,0,1,0.0,0.0,14.814814814814811,0.0,0.0,100.0,0.0
D. BOATENG,GHA,5,0,0,1,0.0,0.0,14.814814814814811,0.0,0.0,100.0,0.0
D. FERNANDES,POR,4,0,0,1,0.0,0.0,11.11111111111111,0.0,0.0,100.0,0.0
D. FORLAN,URU,4,0,0,1,0.0,0.0,11.11111111111111,0.0,0.0,100.0,0.0
D. GODIN,URU,4,1,1,1,0.25,5.88235294117647,11.11111111111111,6.25,0.0,87.5,2.0
D. KOMBAROV,RUS,3,0,1,1,0.0,0.0,7.4074074074074066,0.0,0.0,87.5,2.0
D. LANZA,ECU,4,0,0,1,0.0,0.0,11.11111111111111,0.0,0.0,100.0,0.0
D. LUGANO,URU,4,0,3,1,0.0,0.0,11.11111111111111,0.0,0.0,62.5,2.0
D. MILITO,ARG,5,0,0,1,0.0,0.0,14.814814814814811,0.0,0.0,100.0,0.0
D. OPARE,GHA,3,0,0,1,0.0,0.0,7.4074074074074066,0.0,0.0,100.0,0.0
D. PEREZ,URU,4,0,0,1,0.0,0.0,11.11111111111111,0.0,0.0,100.0,0.0
D. REYES,MEX,4,0,0,1,0.0,0.0,11.11111111111111,0.0,0.0,100.0,0.0
D. TRISTAN,ESP,5,0,0,1,0.0,0.0,14.814814814814811,0.0,0.0,100.0,0.0
D.FORLAN,URU,3,1,0,1,0.3333333333333333,5.88235294117647,7.4074074074074066,8.333333333333332,0.0,100.0,0.0
D.RODRIGUEZ,URU,3,1,1,1,0.3333333333333333,5.88235294117647,7.4074074074074066,8.333333333333332,0.0,87.5,2.0
D.SILVA,URU,3,0,1,1,0.0,0.0,7.4074074074074066,0.0,0.0,87.5,2.0
DA SILVA,PAR,8,0,0,2,0.0,0.0,25.925925925925924,0.0,25.0,100.0,1.0
DABANOVIC,SVN,3,0,0,1,0.0,0.0,7.4074074074074066,0.0,0.0,100.0,0.0
DAEV,RUS,3,0,0,1,0.0,0.0,7.4074074074074066,0.0,0.0,100.0,0.0
DAF,SEN,5,0,2,1,0.0,0.0,14.814814814814811,0.0,0.0,75.0,2.0
DAMAS,POR,3,0,0,1,0.0,0.0,7.4074074074074066,0.0,0.0,100.0,0.0
DANI,ESP,3,1,0,1,0.3333333333333333,5.88235294117647,7.4074074074074066,8.333333333333332,0.0,100.0,0.0
DANI ALVES,BRA,7,0,2,1,0.0,0.0,22.22222222222222,0.0,0.0,75.0,2.0
DANILO ALVIM,BRA,6,0,0,1,0.0,0.0,18.51851851851852,0.0,0.0,100.0,0.0
DANNY,POR,4,0,0,1,0.0,0.0,11.11111111111111,0.0,0.0,100.0,0.0
DANTE,BRA,7,0,2,1,0.0,0.0,22.22222222222222,0.0,0.0,75.0,2.0
DANTE,BRA,7,0,2,1,0.0,0.0,22.22222222222222,0.0,0.0,75.0,0.0
DANTE,PAR,3,0,0,1,0.0,0.0,7.4074074074074066,0.0,0.0,100.0,2.0
DANTE,PAR,3,0,0,1,0.0,0.0,7.4074074074074066,0.0,0.0,100.0,0.0
DARIO,BRA,6,0,0,1,0.0,0.0,18.51851851851852,0.0,0.0,100.0,0.0
DARMIAN,ITA,3,0,0,1,0.0,0.0,7.4074074074074066,0.0,0.0,100.0,0.0
DAUDA,GHA,3,0,0,1,0.0,0.0,7.4074074074074066,0.0,0.0,100.0,0.0
DAVARI,IRN,3,0,0,1,0.0,0.0,7.4074074074074066,0.0,0.0,100.0,0.0
DAVID DEGEN,SUI,4,0,0,1,0.0,0.0,11.11111111111111,0.0,0.0,100.0,0.0
DAVID LUIZ,BRA,7,4,0,1,0.5714285714285714,23.52941176470588,22.22222222222222,14.285714285714285,0.0,100.0,0.0
DAVID VILLA,ESP,14,7,0,3,0.5,41.17647058823529,48.14814814814815,12.5,50.0,100.0,3.0
DAVIDS,RSA,3,0,0,1,0.0,0.0,7.4074074074074066,0.0,0.0,100.0,0.0
DAVIDSON,AUS,3,0,0,1,0.0,0.0,7.4074074074074066,0.0,0.0,100.0,0.0
DAVIS,USA,4,0,0,1,0.0,0.0,11.11111111111111,0.0,0.0,100.0,0.0
DAWSON,ENG,4,0,0,1,0.0,0.0,11.11111111111111,0.0,0.0,100.0,0.0
DE AVILA,COL,6,0,1,2,0.0,0.0,18.51851851851852,0.0,25.0,87.5,1.0
DE BOECK,BEL,4,0,0,1,0.0,0.0,11.11111111111111,0.0,0.0,100.0,0.0
DE BRUYNE,BEL,5,2,0,1,0.4,11.76470588235294,14.814814814814811,10.0,0.0,100.0,0.0
DE CLER,NED,4,0,1,1,0.0,0.0,11.11111111111111,0.0,0.0,87.5,2.0
DE GEA,ESP,3,0,0,1,0.0,0.0,7.4074074074074066,0.0,0.0,100.0,0.0
DE GUZMAN,NED,7,0,3,1,0.0,0.0,22.22222222222222,0.0,0.0,62.5,2.0
DE JONG,NED,14,0,3,2,0.0,0.0,48.14814814814815,0.0,25.0,62.5,3.0
DE LA CRUZ,ECU,3,0,1,1,0.0,0.0,7.4074074074074066,0.0,0.0,87.5,2.0
DE PEDRO,ESP,5,0,1,1,0.0,0.0,14.814814814814811,0.0,0.0,87.5,2.0
DE ROSSI,ITA,13,1,2,3,0.0769230769230769,5.88235294117647,44.44444444444444,1.9230769230769231,50.0,75.0,3.0
DE SANCTIS,ITA,3,0,0,1,0.0,0.0,7.4074074074074066,0.0,0.0,100.0,0.0
DE SCIGLIO,ITA,3,0,1,1,0.0,0.0,7.4074074074074066,0.0,0.0,87.5,2.0
DE SORDI,BRA,6,0,0,1,0.0,0.0,18.51851851851852,0.0,0.0,100.0,0.0
DE VLIEGER,BEL,4,0,0,1,0.0,0.0,11.11111111111111,0.0,0.0,100.0,0.0
DE VRIJ,NED,7,1,1,1,0.1428571428571428,5.88235294117647,22.22222222222222,3.571428571428571,0.0,87.5,2.0
DE ZEEUW,NED,7,0,0,1,0.0,0.0,22.22222222222222,0.0,0.0,100.0,0.0
DEBUCHY,FRA,5,0,0,1,0.0,0.0,14.814814814814811,0.0,0.0,100.0,0.0
DECO,POR,11,1,5,2,0.0909090909090909,5.88235294117647,37.03703703703704,2.272727272727273,25.0,37.5,3.0
DEDI?,SVN,3,0,1,1,0.0,0.0,7.4074074074074066,0.0,0.0,87.5,2.0
DEFLANDRE,BEL,4,0,0,1,0.0,0.0,11.11111111111111,0.0,0.0,100.0,0.0
DEFOE,ENG,4,1,0,1,0.25,5.88235294117647,11.11111111111111,6.25,0.0,100.0,0.0
DEFOUR,BEL,5,0,1,1,0.0,0.0,14.814814814814811,0.0,0.0,87.5,2.0
DEJAGAH,IRN,3,0,0,1,0.0,0.0,7.4074074074074066,0.0,0.0,100.0,0.0
DEKO,BIH,3,1,0,1,0.3333333333333333,5.88235294117647,7.4074074074074066,8.333333333333332,0.0,100.0,0.0
DEL PIERO,ITA,11,2,0,2,0.1818181818181818,11.76470588235294,37.03703703703704,4.545454545454546,25.0,100.0,1.0
DELGADO,ANG,3,0,1,1,0.0,0.0,7.4074074074074066,0.0,0.0,87.5,2.0
DELGADO,ANG,3,0,1,1,0.0,0.0,7.4074074074074066,0.0,0.0,87.5,2.0
DELGADO,ANG,3,0,1,1,0.0,0.0,7.4074074074074066,0.0,0.0,87.5,0.0
DELGADO,ECU,3,1,1,1,0.3333333333333333,5.88235294117647,7.4074074074074066,8.333333333333332,0.0,87.5,2.0
DELGADO,ECU,3,1,1,1,0.3333333333333333,5.88235294117647,7.4074074074074066,8.333333333333332,0.0,87.5,2.0
DELGADO,ECU,3,1,1,1,0.3333333333333333,5.88235294117647,7.4074074074074066,8.333333333333332,0.0,87.5,0.0
DELGADO,HON,3,0,0,1,0.0,0.0,7.4074074074074066,0.0,0.0,100.0,2.0
DELGADO,HON,3,0,0,1,0.0,0.0,7.4074074074074066,0.0,0.0,100.0,2.0
DELGADO,HON,3,0,0,1,0.0,0.0,7.4074074074074066,0.0,0.0,100.0,0.0
DELVECCHIO,ITA,4,0,0,1,0.0,0.0,11.11111111111111,0.0,0.0,100.0,0.0
DEMBELE,BEL,5,0,1,1,0.0,0.0,14.814814814814811,0.0,0.0,87.5,2.0
DEMEL,CIV,6,0,1,2,0.0,0.0,18.51851851851852,0.0,25.0,87.5,1.0
DEMERIT,USA,4,0,1,1,0.0,0.0,11.11111111111111,0.0,0.0,87.5,2.0
DEMICHELIS,ARG,12,1,2,2,0.0833333333333333,5.88235294117647,40.74074074074074,2.083333333333333,25.0,75.0,1.0
DEMPSEY,USA,11,4,0,3,0.3636363636363636,23.52941176470588,37.03703703703704,9.090909090909092,50.0,100.0,3.0
DENILSON,BRA,17,0,2,3,0.0,0.0,59.25925925925925,0.0,50.0,75.0,3.0
DENISOV,RUS,3,0,0,1,0.0,0.0,7.4074074074074066,0.0,0.0,100.0,0.0
DEQUINHA,BRA,3,0,0,1,0.0,0.0,7.4074074074074066,0.0,0.0,100.0,0.0
DER,POR,3,0,0,1,0.0,0.0,7.4074074074074066,0.0,0.0,100.0,0.0
DERDIYOK,SUI,3,0,0,1,0.0,0.0,7.4074074074074066,0.0,0.0,100.0,0.0
DESAILLY,FRA,3,0,0,1,0.0,0.0,7.4074074074074066,0.0,0.0,100.0,0.0
DHORASOO,FRA,7,0,0,1,0.0,0.0,22.22222222222222,0.0,0.0,100.0,0.0
DI BIAGIO,ITA,4,0,0,1,0.0,0.0,11.11111111111111,0.0,0.0,100.0,0.0
DI LIVIO,ITA,4,0,0,1,0.0,0.0,11.11111111111111,0.0,0.0,100.0,0.0
DI MARIA,ARG,12,2,2,2,0.1666666666666666,11.76470588235294,40.74074074074074,4.166666666666666,25.0,75.0,1.0
DI NATALE,ITA,3,1,0,1,0.3333333333333333,5.88235294117647,7.4074074074074066,8.333333333333332,0.0,100.0,0.0
DIABY,FRA,3,0,1,1,0.0,0.0,7.4074074074074066,0.0,0.0,87.5,2.0
DIALLO,SEN,5,0,0,1,0.0,0.0,14.814814814814811,0.0,0.0,100.0,0.0
DIAMANTINO,POR,3,1,0,1,0.3333333333333333,5.88235294117647,7.4074074074074066,8.333333333333332,0.0,100.0,0.0
DIAO,SEN,5,1,2,1,0.2,5.88235294117647,14.814814814814811,5.0,0.0,75.0,2.0
DIARRA,FRA,7,0,0,1,0.0,0.0,22.22222222222222,0.0,0.0,100.0,0.0
DIATTA,SEN,5,0,0,1,0.0,0.0,14.814814814814811,0.0,0.0,100.0,0.0
DIAZ,CHI,4,0,0,1,0.0,0.0,11.11111111111111,0.0,0.0,100.0,0.0
DIAZ J.,CRC,5,0,2,1,0.0,0.0,14.814814814814811,0.0,0.0,75.0,2.0
DIDA,BRA,25,0,0,4,0.0,0.0,88.88888888888889,0.0,75.0,100.0,3.0
DIDI,BRA,15,3,0,3,0.2,17.647058823529413,51.85185185185185,5.0,50.0,100.0,3.0
DIDULICA,CRO,3,0,0,1,0.0,0.0,7.4074074074074066,0.0,0.0,100.0,0.0
DIEGO COSTA,ESP,3,0,0,1,0.0,0.0,7.4074074074074066,0.0,0.0,100.0,0.0
DIGNE,FRA,5,0,0,1,0.0,0.0,14.814814814814811,0.0,0.0,100.0,0.0
DIKGACOI,RSA,3,0,2,1,0.0,0.0,7.4074074074074066,0.0,0.0,75.0,2.0
DINDANE,CIV,6,1,1,2,0.1666666666666666,5.88235294117647,18.51851851851852,4.166666666666666,25.0,87.5,1.0
DINI?,SVN,3,0,0,1,0.0,0.0,7.4074074074074066,0.0,0.0,100.0,0.0
DINO SANI,BRA,6,0,0,1,0.0,0.0,18.51851851851852,0.0,0.0,100.0,0.0
DIOMANDE,CIV,3,0,0,1,0.0,0.0,7.4074074074074066,0.0,0.0,100.0,0.0
DIOUF,SEN,5,0,1,1,0.0,0.0,14.814814814814811,0.0,0.0,87.5,2.0
DIRCEU,BRA,19,3,1,3,0.1578947368421052,17.647058823529413,66.66666666666666,3.947368421052632,50.0,87.5,3.0
DISKERUD,USA,4,0,0,1,0.0,0.0,11.11111111111111,0.0,0.0,100.0,0.0
DJABOU,ALG,4,3,0,1,0.75,17.647058823529413,11.11111111111111,18.75,0.0,100.0,0.0
DJAKPA,CIV,3,0,0,1,0.0,0.0,7.4074074074074066,0.0,0.0,100.0,0.0
DJALMA SANTOS,BRA,18,0,0,4,0.0,0.0,62.96296296296296,0.0,75.0,100.0,3.0
DJEBBOUR,ALG,3,0,0,1,0.0,0.0,7.4074074074074066,0.0,0.0,100.0,0.0
DJEMBA,CMR,3,0,0,1,0.0,0.0,7.4074074074074066,0.0,0.0,100.0,0.0
DJEUGOUE,CMR,3,0,0,1,0.0,0.0,7.4074074074074066,0.0,0.0,100.0,0.0
DJORKAEFF,FRA,3,0,0,1,0.0,0.0,7.4074074074074066,0.0,0.0,100.0,0.0
DJOUROU,SUI,8,0,2,2,0.0,0.0,25.925925925925924,0.0,25.0,75.0,1.0
DOCA,BRA,2,0,0,1,0.0,0.0,3.7037037037037033,0.0,0.0,100.0,
DOHEON,KOR,3,0,0,1,0.0,0.0,7.4074074074074066,0.0,0.0,100.0,0.0
DOI,JPN,3,0,0,1,0.0,0.0,7.4074074074074066,0.0,0.0,100.0,0.0
DOKHI,KSA,3,0,1,1,0.0,0.0,7.4074074074074066,0.0,0.0,87.5,2.0
DOKHY,KSA,3,0,0,1,0.0,0.0,7.4074074074074066,0.0,0.0,100.0,0.0
DOMINGOS DA GUIA,BRA,5,0,0,1,0.0,0.0,14.814814814814811,0.0,0.0,100.0,0.0
DOMINGUEZ,ECU,3,0,0,1,0.0,0.0,7.4074074074074066,0.0,0.0,100.0,0.0
DOMORAUD,CIV,3,0,4,1,0.0,0.0,7.4074074074074066,0.0,0.0,50.0,2.0
DONGGOOK,KOR,4,0,0,1,0.0,0.0,11.11111111111111,0.0,0.0,100.0,0.0
DONGJIN,KOR,7,0,1,2,0.0,0.0,22.22222222222222,0.0,25.0,87.5,1.0
DONI,BRA,5,0,0,1,0.0,0.0,14.814814814814811,0.0,0.0,100.0,0.0
DONI,BRA,5,0,0,1,0.0,0.0,14.814814814814811,0.0,0.0,100.0,0.0
DONI,ITA,4,0,0,1,0.0,0.0,11.11111111111111,0.0,0.0,100.0,0.0
DONI,ITA,4,0,0,1,0.0,0.0,11.11111111111111,0.0,0.0,100.0,0.0
DONOVAN,USA,12,4,0,3,0.3333333333333333,23.52941176470588,40.74074074074074,8.333333333333332,50.0,100.0,3.0
DOOLEY,USA,4,0,1,1,0.0,0.0,11.11111111111111,0.0,0.0,87.5,2.0
DORIVA,BRA,7,0,0,1,0.0,0.0,22.22222222222222,0.0,0.0,100.0,0.0
DORST,INH,1,0,0,1,0.0,0.0,0.0,0.0,0.0,100.0,
DOS SANTOS,PAR,3,0,1,1,0.0,0.0,7.4074074074074066,0.0,0.0,87.5,2.0
DOS SANTOS,PAR,3,0,1,1,0.0,0.0,7.4074074074074066,0.0,0.0,87.5,0.0
DOS SANTOS,TUN,3,0,0,1,0.0,0.0,7.4074074074074066,0.0,0.0,100.0,2.0
DOS SANTOS,TUN,3,0,0,1,0.0,0.0,7.4074074074074066,0.0,0.0,100.0,0.0
DOSSEVI,TOG,3,0,0,1,0.0,0.0,7.4074074074074066,0.0,0.0,100.0,0.0
DOUMBIA,CIV,3,0,0,1,0.0,0.0,7.4074074074074066,0.0,0.0,100.0,0.0
DOWNING,ENG,5,0,0,1,0.0,0.0,14.814814814814811,0.0,0.0,100.0,0.0
DRAGUTINOVIC,SCG,3,0,1,1,0.0,0.0,7.4074074074074066,0.0,0.0,87.5,2.0
DRAMAN,GHA,4,1,0,1,0.25,5.88235294117647,11.11111111111111,6.25,0.0,100.0,0.0
DRAXLER,GER,7,0,0,1,0.0,0.0,22.22222222222222,0.0,0.0,100.0,0.0
DRMIC,SUI,4,0,0,1,0.0,0.0,11.11111111111111,0.0,0.0,100.0,0.0
DROGBA,CIV,9,2,3,3,0.2222222222222222,11.76470588235294,29.629629629629623,5.555555555555555,50.0,62.5,3.0
DRUMMOND,CRC,3,0,0,1,0.0,0.0,7.4074074074074066,0.0,0.0,100.0,0.0
DRUMMOND J.,CRC,3,0,0,1,0.0,0.0,7.4074074074074066,0.0,0.0,100.0,0.0
DUARTE O.,CRC,5,1,8,1,0.2,5.88235294117647,14.814814814814811,5.0,0.0,0.0,2.0
DUDA,POR,4,0,1,1,0.0,0.0,11.11111111111111,0.0,0.0,87.5,2.0
DUDEK,POL,3,0,0,1,0.0,0.0,7.4074074074074066,0.0,0.0,100.0,0.0
DUDIC,SCG,3,0,1,1,0.0,0.0,7.4074074074074066,0.0,0.0,87.5,2.0
DUDKA,POL,3,0,0,1,0.0,0.0,7.4074074074074066,0.0,0.0,100.0,0.0
DUFF,IRL,4,1,0,1,0.25,5.88235294117647,11.11111111111111,6.25,0.0,100.0,0.0
DUGARRY,FRA,3,0,1,1,0.0,0.0,7.4074074074074066,0.0,0.0,87.5,2.0
DULJAJ,SCG,3,0,1,1,0.0,0.0,7.4074074074074066,0.0,0.0,87.5,2.0
DUMITRESCU,ROU,9,2,1,2,0.2222222222222222,11.76470588235294,29.629629629629623,5.555555555555555,25.0,87.5,1.0
DUNGA,BRA,18,0,2,3,0.0,0.0,62.96296296296296,0.0,50.0,75.0,3.0
DUNNE,IRL,4,0,0,1,0.0,0.0,11.11111111111111,0.0,0.0,100.0,0.0
DURI,KOR,4,0,1,1,0.0,0.0,11.11111111111111,0.0,0.0,87.5,2.0
DURICA,SVK,4,0,1,1,0.0,0.0,11.11111111111111,0.0,0.0,87.5,2.0
DURIE,SCO,3,0,0,1,0.0,0.0,7.4074074074074066,0.0,0.0,100.0,0.0
DURM,GER,7,0,0,1,0.0,0.0,22.22222222222222,0.0,0.0,100.0,0.0
DYER,ENG,5,0,0,1,0.0,0.0,14.814814814814811,0.0,0.0,100.0,0.0
DZAGOEV,RUS,3,0,0,1,0.0,0.0,7.4074074074074066,0.0,0.0,100.0,0.0
DZEMAILI,SUI,8,1,0,2,0.125,5.88235294117647,25.925925925925924,3.125,25.0,100.0,1.0
Daaf DROK,NED,1,0,0,1,0.0,0.0,0.0,0.0,0.0,100.0,
Dagoberto FONTES,URU,6,0,2,1,0.0,0.0,18.51851851851852,0.0,0.0,75.0,2.0
Dale MITCHELL,CAN,3,0,0,1,0.0,0.0,7.4074074074074066,0.0,0.0,100.0,0.0
Dan COE,ROU,3,0,0,1,0.0,0.0,7.4074074074074066,0.0,0.0,100.0,0.0
Dan EGGEN,NOR,7,1,0,2,0.1428571428571428,5.88235294117647,22.22222222222222,3.571428571428571,25.0,100.0,1.0
Dan PETRESCU,ROU,4,1,2,1,0.25,5.88235294117647,11.11111111111111,6.25,0.0,75.0,2.0
Dani SHMULEVICH ROM,ISR,3,0,0,1,0.0,0.0,7.4074074074074066,0.0,0.0,100.0,0.0
Daniel AMOKACHI,NGA,4,0,0,1,0.0,0.0,11.11111111111111,0.0,0.0,100.0,0.0
Daniel BERTONI,ARG,12,4,1,2,0.3333333333333333,23.52941176470588,40.74074074074074,8.333333333333332,25.0,87.5,1.0
Daniel BORIMIROV,BUL,3,0,0,1,0.0,0.0,7.4074074074074066,0.0,0.0,100.0,0.0
Daniel CARNEVALI,ARG,6,0,0,1,0.0,0.0,18.51851851851852,0.0,0.0,100.0,0.0
Daniel FONSECA,URU,4,1,0,1,0.25,5.88235294117647,11.11111111111111,6.25,0.0,100.0,0.0
Daniel KILLER,ARG,7,0,0,1,0.0,0.0,22.22222222222222,0.0,0.0,100.0,0.0
Daniel PASSARELLA,ARG,19,1,2,3,0.0526315789473684,5.88235294117647,66.66666666666666,1.3157894736842104,50.0,75.0,3.0
Daniel PRODAN,ROU,5,0,0,1,0.0,0.0,14.814814814814811,0.0,0.0,100.0,0.0
Daniel TIMOFTE,ROU,4,0,0,1,0.0,0.0,11.11111111111111,0.0,0.0,100.0,0.0
Daniel VEYT,BEL,7,1,1,1,0.1428571428571428,5.88235294117647,22.22222222222222,3.571428571428571,0.0,87.5,2.0
Daniel XUEREB,FRA,7,0,0,1,0.0,0.0,22.22222222222222,0.0,0.0,100.0,0.0
Daniele MASSARO,ITA,14,1,1,2,0.0714285714285714,5.88235294117647,48.14814814814815,1.7857142857142856,25.0,87.5,1.0
Danilo POPIVODA,YUG,6,0,0,1,0.0,0.0,18.51851851851852,0.0,0.0,100.0,0.0
Danny BLANCHFLOWER,NIR,5,0,0,1,0.0,0.0,14.814814814814811,0.0,0.0,100.0,0.0
Danny BLIND,NED,9,0,0,2,0.0,0.0,29.629629629629623,0.0,25.0,100.0,1.0
Danny BOFFIN,BEL,3,0,0,1,0.0,0.0,7.4074074074074066,0.0,0.0,100.0,0.0
Danny McGRAIN,SCO,6,0,0,2,0.0,0.0,18.51851851851852,0.0,25.0,100.0,1.0
Danut LUPU,ROU,4,0,1,1,0.0,0.0,11.11111111111111,0.0,0.0,87.5,2.0
Dany VERLINDEN,BEL,7,0,0,2,0.0,0.0,22.22222222222222,0.0,25.0,100.0,1.0
Dario JARA SAGUIER,PAR,2,0,0,1,0.0,0.0,3.7037037037037033,0.0,0.0,100.0,
Dario ROJAS,BOL,3,0,0,1,0.0,0.0,7.4074074074074066,0.0,0.0,100.0,0.0
Dario SEGOVIA,PAR,3,0,0,1,0.0,0.0,7.4074074074074066,0.0,0.0,100.0,0.0
Dario SIMIC,CRO,7,0,3,1,0.0,0.0,22.22222222222222,0.0,0.0,62.5,2.0
Dariusz DZIEKANOWSKI,POL,4,0,2,1,0.0,0.0,11.11111111111111,0.0,0.0,75.0,2.0
Dariusz KUBICKI,POL,4,0,0,1,0.0,0.0,11.11111111111111,0.0,0.0,100.0,0.0
Darko KOVACEVIC,YUG,4,0,0,1,0.0,0.0,11.11111111111111,0.0,0.0,100.0,0.0
Darko PANCEV,YUG,5,2,1,1,0.4,11.76470588235294,14.814814814814811,10.0,0.0,87.5,2.0
Darren ANDERTON,ENG,4,1,0,1,0.25,5.88235294117647,11.11111111111111,6.25,0.0,100.0,0.0
Darren JACKSON,SCO,3,0,2,1,0.0,0.0,7.4074074074074066,0.0,0.0,75.0,2.0
Darryl POWELL,JAM,3,0,4,1,0.0,0.0,7.4074074074074066,0.0,0.0,50.0,2.0
Dave BEASANT,ENG,6,0,0,1,0.0,0.0,18.51851851851852,0.0,0.0,100.0,0.0
Dave BRIGHT,NZL,3,0,0,1,0.0,0.0,7.4074074074074066,0.0,0.0,100.0,0.0
Dave HARDING,AUS,3,0,0,1,0.0,0.0,7.4074074074074066,0.0,0.0,100.0,0.0
Dave MACKAY,SCO,3,0,0,1,0.0,0.0,7.4074074074074066,0.0,0.0,100.0,0.0
David ACEVEDO,ARG,3,0,0,1,0.0,0.0,7.4074074074074066,0.0,0.0,100.0,0.0
David BATTY,ENG,4,0,0,1,0.0,0.0,11.11111111111111,0.0,0.0,100.0,0.0
David BECKHAM,ENG,4,1,1,1,0.25,5.88235294117647,11.11111111111111,6.25,0.0,87.5,2.0
David BOWEN,WAL,5,0,0,1,0.0,0.0,14.814814814814811,0.0,0.0,100.0,0.0
David BUESO,HON,3,0,0,1,0.0,0.0,7.4074074074074066,0.0,0.0,100.0,0.0
David CABRERA,SLV,3,0,0,1,0.0,0.0,7.4074074074074066,0.0,0.0,100.0,0.0
David CAMPBELL,NIR,3,0,0,1,0.0,0.0,7.4074074074074066,0.0,0.0,100.0,0.0
David COOPER,SCO,3,0,0,1,0.0,0.0,7.4074074074074066,0.0,0.0,100.0,0.0
David EMBE,CMR,3,1,0,1,0.3333333333333333,5.88235294117647,7.4074074074074066,8.333333333333332,0.0,100.0,0.0
David HARVEY,SCO,3,0,0,1,0.0,0.0,7.4074074074074066,0.0,0.0,100.0,0.0
David KARAKO,ISR,3,0,0,1,0.0,0.0,7.4074074074074066,0.0,0.0,100.0,0.0
David KELLY,IRL,9,0,0,2,0.0,0.0,29.629629629629623,0.0,25.0,100.0,1.0
David McCREERY,NIR,8,0,0,2,0.0,0.0,25.925925925925924,0.0,25.0,100.0,1.0
David McPHERSON,SCO,3,0,1,1,0.0,0.0,7.4074074074074066,0.0,0.0,87.5,2.0
David NAREY,SCO,6,1,1,2,0.1666666666666666,5.88235294117647,18.51851851851852,4.166666666666666,25.0,87.5,1.0
David NORMAN,CAN,3,0,0,1,0.0,0.0,7.4074074074074066,0.0,0.0,100.0,0.0
David NYATHI,RSA,3,0,1,1,0.0,0.0,7.4074074074074066,0.0,0.0,87.5,2.0
David O LEARY,IRL,5,0,0,1,0.0,0.0,14.814814814814811,0.0,0.0,100.0,0.0
David PLATT,ENG,7,3,0,1,0.4285714285714285,17.647058823529413,22.22222222222222,10.714285714285714,0.0,100.0,0.0
David PRIMO,ISR,3,0,2,1,0.0,0.0,7.4074074074074066,0.0,0.0,75.0,2.0
David PROVAN,SCO,3,0,0,1,0.0,0.0,7.4074074074074066,0.0,0.0,100.0,0.0
David REGIS,USA,3,0,1,1,0.0,0.0,7.4074074074074066,0.0,0.0,87.5,2.0
David SEAMAN,ENG,5,0,1,2,0.0,0.0,14.814814814814811,0.0,25.0,87.5,1.0
David TREZEGUET,FRA,7,1,0,1,0.1428571428571428,5.88235294117647,22.22222222222222,3.571428571428571,0.0,100.0,0.0
David VANOLE,USA,3,0,0,1,0.0,0.0,7.4074074074074066,0.0,0.0,100.0,0.0
David WEIR,SCO,3,0,0,1,0.0,0.0,7.4074074074074066,0.0,0.0,100.0,0.0
Davie HAY,SCO,3,0,1,1,0.0,0.0,7.4074074074074066,0.0,0.0,87.5,2.0
Davie MATHERS,SCO,2,0,0,1,0.0,0.0,3.7037037037037033,0.0,0.0,100.0,
Davor JOZIC,YUG,5,2,0,1,0.4,11.76470588235294,14.814814814814811,10.0,0.0,100.0,0.0
Davor SUKER,CRO,7,5,1,1,0.7142857142857143,29.411764705882355,22.22222222222222,17.857142857142858,0.0,87.5,2.0
Davor SUKER,CRO,7,5,1,1,0.7142857142857143,29.411764705882355,22.22222222222222,17.857142857142858,0.0,87.5,0.0
Davor SUKER,YUG,5,0,0,1,0.0,0.0,14.814814814814811,0.0,0.0,100.0,2.0
Davor SUKER,YUG,5,0,0,1,0.0,0.0,14.814814814814811,0.0,0.0,100.0,0.0
Dean SEWELL,JAM,3,0,0,1,0.0,0.0,7.4074074074074066,0.0,0.0,100.0,0.0
Dejan GOVEDARICA,YUG,4,0,0,1,0.0,0.0,11.11111111111111,0.0,0.0,100.0,0.0
Dejan SAVICEVIC,YUG,4,0,0,1,0.0,0.0,11.11111111111111,0.0,0.0,100.0,0.0
Dejan STANKOVIC,YUG,4,0,1,1,0.0,0.0,11.11111111111111,0.0,0.0,87.5,2.0
Delfin BENITEZ CACERES,PAR,2,0,0,1,0.0,0.0,3.7037037037037033,0.0,0.0,100.0,
Delio GAMBOA,COL,3,0,0,1,0.0,0.0,7.4074074074074066,0.0,0.0,100.0,0.0
Delron BUCKLEY,RSA,3,0,0,1,0.0,0.0,7.4074074074074066,0.0,0.0,100.0,0.0
Demetrio ALBERTINI,ITA,5,0,0,1,0.0,0.0,14.814814814814811,0.0,0.0,100.0,0.0
Demetrio NEYRA,PER,2,0,0,1,0.0,0.0,3.7037037037037033,0.0,0.0,100.0,
Denis CANIZA,PAR,4,0,0,1,0.0,0.0,11.11111111111111,0.0,0.0,100.0,0.0
Denis HOUF,BEL,2,0,0,1,0.0,0.0,3.7037037037037033,0.0,0.0,100.0,
Denis IRWIN,IRL,4,0,2,1,0.0,0.0,11.11111111111111,0.0,0.0,75.0,2.0
Denis LAW,SCO,3,0,0,1,0.0,0.0,7.4074074074074066,0.0,0.0,100.0,0.0
Denis MILAR,URU,3,0,0,1,0.0,0.0,7.4074074074074066,0.0,0.0,100.0,0.0
Dennis BERGKAMP,NED,7,3,0,1,0.4285714285714285,17.647058823529413,22.22222222222222,10.714285714285714,0.0,100.0,0.0
Dennis WILSHAW,ENG,3,1,0,1,0.3333333333333333,5.88235294117647,7.4074074074074066,8.333333333333332,0.0,100.0,0.0
Deon BURTON,JAM,3,0,1,1,0.0,0.0,7.4074074074074066,0.0,0.0,87.5,2.0
Derek DOUGAN,NIR,5,0,0,1,0.0,0.0,14.814814814814811,0.0,0.0,100.0,0.0
Derek JOHNSTONE,SCO,3,0,0,1,0.0,0.0,7.4074074074074066,0.0,0.0,100.0,0.0
Derek KEVAN,ENG,8,2,0,2,0.25,11.76470588235294,25.925925925925924,6.25,25.0,100.0,1.0
Derek SULLIVAN,WAL,5,0,0,1,0.0,0.0,14.814814814814811,0.0,0.0,100.0,0.0
Derek WHYTE,SCO,3,0,0,1,0.0,0.0,7.4074074074074066,0.0,0.0,100.0,0.0
Des WALKER,ENG,7,0,0,1,0.0,0.0,22.22222222222222,0.0,0.0,100.0,0.0
Desire BOURGEOIS,BEL,1,0,0,1,0.0,0.0,0.0,0.0,0.0,100.0,
Desmond ARMSTRONG,USA,3,0,0,1,0.0,0.0,7.4074074074074066,0.0,0.0,100.0,0.0
Dezso BUNDZSAK,HUN,4,0,0,1,0.0,0.0,11.11111111111111,0.0,0.0,100.0,0.0
Dezso MOLNAR,HUN,4,0,0,1,0.0,0.0,11.11111111111111,0.0,0.0,100.0,0.0
Dick BEEN,NED,1,0,0,1,0.0,0.0,0.0,0.0,0.0,100.0,
Dick NANNINGA,NED,7,1,2,1,0.1428571428571428,5.88235294117647,22.22222222222222,3.571428571428571,0.0,75.0,2.0
Didi HAMANN,GER,5,0,2,1,0.0,0.0,14.814814814814811,0.0,0.0,75.0,2.0
Didier COUECOU,FRA,3,0,0,1,0.0,0.0,7.4074074074074066,0.0,0.0,100.0,0.0
Didier DESCHAMPS,FRA,7,0,3,1,0.0,0.0,22.22222222222222,0.0,0.0,62.5,2.0
Didier SIX,FRA,10,2,1,2,0.2,11.76470588235294,33.33333333333333,5.0,25.0,87.5,1.0
Diego FLORENTIN,PAR,2,0,0,1,0.0,0.0,3.7037037037037033,0.0,0.0,100.0,
Diego MARADONA,ARG,23,8,5,4,0.3478260869565217,47.05882352941176,81.48148148148148,8.695652173913043,75.0,37.5,3.0
Diego SIMEONE,ARG,5,0,1,1,0.0,0.0,14.814814814814811,0.0,0.0,87.5,2.0
Dieter BURDENSKI,FRG,6,0,0,1,0.0,0.0,18.51851851851852,0.0,0.0,100.0,0.0
Dieter HERZOG,FRG,7,0,0,1,0.0,0.0,22.22222222222222,0.0,0.0,100.0,0.0
Dieter HOENESS,FRG,7,0,0,1,0.0,0.0,22.22222222222222,0.0,0.0,100.0,0.0
Dieter MUELLER,FRG,6,2,0,1,0.3333333333333333,11.76470588235294,18.51851851851852,8.333333333333332,0.0,100.0,0.0
Dietmar KUEHBAUER,AUT,3,0,0,1,0.0,0.0,7.4074074074074066,0.0,0.0,100.0,0.0
Dimitar DIMOV,BUL,3,0,0,1,0.0,0.0,7.4074074074074066,0.0,0.0,100.0,0.0
Dimitar KOSTOV,BUL,3,0,0,1,0.0,0.0,7.4074074074074066,0.0,0.0,100.0,0.0
Dimitar LARGOV,BUL,3,0,0,1,0.0,0.0,7.4074074074074066,0.0,0.0,100.0,0.0
Dimitar MARASHLIEV,BUL,3,0,0,1,0.0,0.0,7.4074074074074066,0.0,0.0,100.0,0.0
Dimitar PENEV,BUL,9,0,0,3,0.0,0.0,29.629629629629623,0.0,50.0,100.0,1.0
Dimitar YAKIMOV,BUL,9,0,0,3,0.0,0.0,29.629629629629623,0.0,50.0,100.0,1.0
Dimitri GALIAMIN,RUS,3,0,0,1,0.0,0.0,7.4074074074074066,0.0,0.0,100.0,0.0
Dimitrios SARAVAKOS,GRE,3,0,0,1,0.0,0.0,7.4074074074074066,0.0,0.0,100.0,0.0
Dincer MEHMET,TUR,3,0,0,1,0.0,0.0,7.4074074074074066,0.0,0.0,100.0,0.0
Dinko DERMENDZHIEV,BUL,9,1,1,3,0.1111111111111111,5.88235294117647,29.629629629629623,2.7777777777777777,50.0,87.5,3.0
Dino ZOFF,ITA,23,0,0,4,0.0,0.0,81.48148148148148,0.0,75.0,100.0,3.0
Diogenes DOMINGUEZ,PAR,2,0,0,1,0.0,0.0,3.7037037037037033,0.0,0.0,100.0,
Diogenes LARA,BOL,2,0,0,1,0.0,0.0,3.7037037037037033,0.0,0.0,100.0,
Dionisio MEJIA,MEX,3,0,0,1,0.0,0.0,7.4074074074074066,0.0,0.0,100.0,0.0
Dionizije DVORNIC,YUG,3,0,0,1,0.0,0.0,7.4074074074074066,0.0,0.0,100.0,0.0
Dirk MEDVED,BEL,4,0,0,1,0.0,0.0,11.11111111111111,0.0,0.0,100.0,0.0
Dirk SCHOENAKER,NED,7,0,0,1,0.0,0.0,22.22222222222222,0.0,0.0,100.0,0.0
Ditmar JAKOBS,FRG,7,0,1,1,0.0,0.0,22.22222222222222,0.0,0.0,87.5,2.0
Djamel MENAD,ALG,3,0,0,1,0.0,0.0,7.4074074074074066,0.0,0.0,100.0,0.0
Djamel TLEMCANI,ALG,3,0,0,1,0.0,0.0,7.4074074074074066,0.0,0.0,100.0,0.0
Djamel ZIDANE,ALG,6,1,0,2,0.1666666666666666,5.88235294117647,18.51851851851852,4.166666666666666,25.0,100.0,1.0
Djordje VUJADINOVIC,YUG,3,2,0,1,0.6666666666666666,11.76470588235294,7.4074074074074066,16.666666666666664,0.0,100.0,0.0
Dmitri KHARIN,RUS,3,0,1,1,0.0,0.0,7.4074074074074066,0.0,0.0,87.5,2.0
Dmitri KHLESTOV,RUS,3,0,2,1,0.0,0.0,7.4074074074074066,0.0,0.0,75.0,2.0
Dmitri KUZNETSOV,RUS,3,0,1,1,0.0,0.0,7.4074074074074066,0.0,0.0,87.5,2.0
Dmitri POPOV,RUS,3,0,0,1,0.0,0.0,7.4074074074074066,0.0,0.0,100.0,0.0
Dmitri RADCHENKO,RUS,3,1,0,1,0.3333333333333333,5.88235294117647,7.4074074074074066,8.333333333333332,0.0,100.0,0.0
Dobromir JECHEV,BUL,12,1,1,4,0.0833333333333333,5.88235294117647,40.74074074074074,2.083333333333333,75.0,87.5,3.0
Dobrosav KRSTIC,YUG,4,0,0,1,0.0,0.0,11.11111111111111,0.0,0.0,100.0,0.0
Doctor KHUMALO,RSA,3,0,0,1,0.0,0.0,7.4074074074074066,0.0,0.0,100.0,0.0
Domingo DRUMMOND,HON,3,0,0,1,0.0,0.0,7.4074074074074066,0.0,0.0,100.0,0.0
Domingo GARCIA,PER,2,0,0,1,0.0,0.0,3.7037037037037033,0.0,0.0,100.0,
Domingo PEREZ,URU,7,0,0,2,0.0,0.0,22.22222222222222,0.0,25.0,100.0,1.0
Domingo TEJERA,URU,4,0,0,1,0.0,0.0,11.11111111111111,0.0,0.0,100.0,0.0
Dominique BARATELLI,FRA,10,0,0,2,0.0,0.0,33.33333333333333,0.0,25.0,100.0,1.0
Dominique BATHENAY,FRA,3,0,0,1,0.0,0.0,7.4074074074074066,0.0,0.0,100.0,0.0
Dominique COLONNA,FRA,6,0,0,1,0.0,0.0,18.51851851851852,0.0,0.0,100.0,0.0
Dominique DROPSY,FRA,3,0,0,1,0.0,0.0,7.4074074074074066,0.0,0.0,100.0,0.0
Dominique HERR,SUI,4,0,1,1,0.0,0.0,11.11111111111111,0.0,0.0,87.5,2.0
Dominique ROCHETEAU,FRA,17,4,1,3,0.2352941176470588,23.52941176470588,59.25925925925925,5.88235294117647,50.0,87.5,3.0
Don HOWE,ENG,8,0,0,2,0.0,0.0,25.925925925925924,0.0,25.0,100.0,1.0
Don MASSON,SCO,3,0,0,1,0.0,0.0,7.4074074074074066,0.0,0.0,100.0,0.0
Donald FORD,SCO,3,0,0,1,0.0,0.0,7.4074074074074066,0.0,0.0,100.0,0.0
Donovan RICKETTS,JAM,3,0,0,1,0.0,0.0,7.4074074074074066,0.0,0.0,100.0,0.0
Dorin MATEUT,ROU,4,0,0,1,0.0,0.0,11.11111111111111,0.0,0.0,100.0,0.0
Dorinel MUNTEANU,ROU,4,0,1,1,0.0,0.0,11.11111111111111,0.0,0.0,87.5,2.0
Doug COWIE,SCO,5,0,0,2,0.0,0.0,14.814814814814811,0.0,25.0,100.0,1.0
Doug UTJESENOVIC,AUS,3,0,0,1,0.0,0.0,7.4074074074074066,0.0,0.0,100.0,0.0
Dragan DZAJIC,YUG,6,1,0,1,0.1666666666666666,5.88235294117647,18.51851851851852,4.166666666666666,0.0,100.0,0.0
Dragan MIHAJLOVIC,YUG,3,0,0,1,0.0,0.0,7.4074074074074066,0.0,0.0,100.0,0.0
Dragan PANTELIC,YUG,3,0,0,1,0.0,0.0,7.4074074074074066,0.0,0.0,100.0,0.0
Dragan STOJKOVIC,YUG,4,1,2,1,0.25,5.88235294117647,11.11111111111111,6.25,0.0,75.0,2.0
Dragan TOSIC,YUG,3,0,0,1,0.0,0.0,7.4074074074074066,0.0,0.0,100.0,0.0
Dragoje LEKOVIC,YUG,9,0,0,2,0.0,0.0,29.629629629629623,0.0,25.0,100.0,1.0
Dragoljub BRNOVIC,YUG,5,0,1,1,0.0,0.0,14.814814814814811,0.0,0.0,87.5,2.0
Dragoslav SEKULARAC,YUG,10,0,0,2,0.0,0.0,33.33333333333333,0.0,25.0,100.0,1.0
Dragutin NAJDANOVIC,YUG,3,0,0,1,0.0,0.0,7.4074074074074066,0.0,0.0,100.0,0.0
Drazen JERKOVIC,YUG,10,4,0,2,0.4,23.52941176470588,33.33333333333333,10.0,25.0,100.0,1.0
Drazen LADIC,CRO,7,0,0,1,0.0,0.0,22.22222222222222,0.0,0.0,100.0,0.0
Drazen MUZINIC,YUG,6,0,0,1,0.0,0.0,18.51851851851852,0.0,0.0,100.0,0.0
Driss BAMOUS,MAR,3,0,0,1,0.0,0.0,7.4074074074074066,0.0,0.0,100.0,0.0
Driss BEN ZEKRI,MAR,3,0,0,1,0.0,0.0,7.4074074074074066,0.0,0.0,100.0,0.0
Driss KANOUSSI,MAR,3,0,0,1,0.0,0.0,7.4074074074074066,0.0,0.0,100.0,0.0
Duberty ARAOZ,BOL,1,0,0,1,0.0,0.0,0.0,0.0,0.0,100.0,
Duilio DAVINO,MEX,4,0,1,1,0.0,0.0,11.11111111111111,0.0,0.0,87.5,2.0
Dumitru PAVLOVICI,ROU,2,0,0,1,0.0,0.0,3.7037037037037033,0.0,0.0,100.0,
Dumitru STANGACIU,ROU,4,0,0,1,0.0,0.0,11.11111111111111,0.0,0.0,100.0,0.0
Duncan COLE,NZL,3,0,0,1,0.0,0.0,7.4074074074074066,0.0,0.0,100.0,0.0
Durrent BROWN,JAM,3,0,0,1,0.0,0.0,7.4074074074074066,0.0,0.0,100.0,0.0
Dusan BAJEVIC,YUG,6,3,1,1,0.5,17.647058823529413,18.51851851851852,12.5,0.0,87.5,2.0
E JUAREZ,MEX,4,0,2,1,0.0,0.0,11.11111111111111,0.0,0.0,75.0,2.0
E S CHOI,KOR,7,0,0,1,0.0,0.0,22.22222222222222,0.0,0.0,100.0,0.0
E Y LEE,KOR,7,1,1,1,0.1428571428571428,5.88235294117647,22.22222222222222,3.571428571428571,0.0,87.5,2.0
E. ADDO,GHA,4,0,1,1,0.0,0.0,11.11111111111111,0.0,0.0,87.5,2.0
E. AREVALO RIOS,URU,4,0,1,1,0.0,0.0,11.11111111111111,0.0,0.0,87.5,2.0
E. BARRETO,PAR,5,0,0,1,0.0,0.0,14.814814814814811,0.0,0.0,100.0,0.0
E. CAVANI,URU,4,0,0,1,0.0,0.0,11.11111111111111,0.0,0.0,100.0,0.0
E. MENDEZ,ECU,4,0,1,1,0.0,0.0,11.11111111111111,0.0,0.0,87.5,2.0
E. TENORIO,ECU,7,0,0,2,0.0,0.0,22.22222222222222,0.0,25.0,100.0,1.0
E. VALENCIA,ECU,3,3,1,1,1.0,17.647058823529413,7.4074074074074066,25.0,0.0,87.5,2.0
E. VILLAFUERTE,ECU,4,0,0,1,0.0,0.0,11.11111111111111,0.0,0.0,100.0,0.0
E.HAZARD,BEL,5,0,2,1,0.0,0.0,14.814814814814811,0.0,0.0,75.0,2.0
E.MIRZAPOUR,IRN,3,0,0,1,0.0,0.0,7.4074074074074066,0.0,0.0,100.0,0.0
EBOUE,CIV,6,0,1,2,0.0,0.0,18.51851851851852,0.0,25.0,87.5,1.0
ECHEBERRIA,ESP,3,0,0,1,0.0,0.0,7.4074074074074066,0.0,0.0,100.0,0.0
ECHIEJILE,NGA,3,0,0,1,0.0,0.0,7.4074074074074066,0.0,0.0,100.0,0.0
EDER,BRA,5,2,0,1,0.4,11.76470588235294,14.814814814814811,10.0,0.0,100.0,0.0
EDEVALDO,BRA,5,0,0,1,0.0,0.0,14.814814814814811,0.0,0.0,100.0,0.0
EDILSON,BRA,7,0,0,1,0.0,0.0,22.22222222222222,0.0,0.0,100.0,0.0
EDINHO,BRA,17,1,2,3,0.0588235294117647,5.88235294117647,59.25925925925925,1.4705882352941175,50.0,75.0,3.0
EDIVALDO,BRA,5,0,0,1,0.0,0.0,14.814814814814811,0.0,0.0,100.0,0.0
EDMAN,SWE,8,0,0,2,0.0,0.0,25.925925925925924,0.0,25.0,100.0,1.0
EDMILSON,BRA,7,1,0,1,0.1428571428571428,5.88235294117647,22.22222222222222,3.571428571428571,0.0,100.0,0.0
EDMUNDO,BRA,7,0,0,1,0.0,0.0,22.22222222222222,0.0,0.0,100.0,0.0
EDSON,ANG,3,0,0,1,0.0,0.0,7.4074074074074066,0.0,0.0,100.0,0.0
EDSON,ANG,3,0,0,1,0.0,0.0,7.4074074074074066,0.0,0.0,100.0,0.0
EDSON,BRA,5,0,0,1,0.0,0.0,14.814814814814811,0.0,0.0,100.0,0.0
EDSON,BRA,5,0,0,1,0.0,0.0,14.814814814814811,0.0,0.0,100.0,0.0
EDU,BRA,16,0,0,3,0.0,0.0,55.55555555555556,0.0,50.0,100.0,3.0
EDU,BRA,16,0,0,3,0.0,0.0,55.55555555555556,0.0,50.0,100.0,0.0
EDU,USA,4,0,0,1,0.0,0.0,11.11111111111111,0.0,0.0,100.0,3.0
EDU,USA,4,0,0,1,0.0,0.0,11.11111111111111,0.0,0.0,100.0,0.0
EDUARDO,CRO,3,0,1,1,0.0,0.0,7.4074074074074066,0.0,0.0,87.5,2.0
EDUARDO,CRO,3,0,1,1,0.0,0.0,7.4074074074074066,0.0,0.0,87.5,1.0
EDUARDO,POR,7,0,0,2,0.0,0.0,22.22222222222222,0.0,25.0,100.0,2.0
EDUARDO,POR,7,0,0,2,0.0,0.0,22.22222222222222,0.0,25.0,100.0,1.0
EDWARDS,TRI,3,0,0,1,0.0,0.0,7.4074074074074066,0.0,0.0,100.0,0.0
EGGIMANN,SUI,3,0,0,1,0.0,0.0,7.4074074074074066,0.0,0.0,100.0,0.0
EGUAVOEN,NGA,8,0,2,2,0.0,0.0,25.925925925925924,0.0,25.0,75.0,1.0
EGUREN,URU,7,0,0,1,0.0,0.0,22.22222222222222,0.0,0.0,100.0,0.0
EGWUEKWE,NGA,4,0,0,1,0.0,0.0,11.11111111111111,0.0,0.0,100.0,0.0
EISSA MEER,UAE,3,0,1,1,0.0,0.0,7.4074074074074066,0.0,0.0,87.5,2.0
EJIDE,NGA,10,0,0,3,0.0,0.0,33.33333333333333,0.0,50.0,100.0,1.0
EJIOFOR,NGA,3,0,0,1,0.0,0.0,7.4074074074074066,0.0,0.0,100.0,0.0
EL HADRIOUI,MAR,3,0,1,1,0.0,0.0,7.4074074074074066,0.0,0.0,87.5,2.0
ELADIO,ESP,3,0,0,1,0.0,0.0,7.4074074074074066,0.0,0.0,100.0,0.0
ELANO,BRA,5,2,0,1,0.4,11.76470588235294,14.814814814814811,10.0,0.0,100.0,0.0
ELIA,NED,7,0,0,1,0.0,0.0,22.22222222222222,0.0,0.0,100.0,0.0
ELIGA,SVN,3,0,0,1,0.0,0.0,7.4074074074074066,0.0,0.0,100.0,0.0
ELLIOTT,NZL,3,0,0,1,0.0,0.0,7.4074074074074066,0.0,0.0,100.0,0.0
ELMANDER,SWE,4,0,0,1,0.0,0.0,11.11111111111111,0.0,0.0,100.0,0.0
ELOY,ESP,5,1,0,1,0.2,5.88235294117647,14.814814814814811,5.0,0.0,100.0,0.0
ELY DO AMPARO,BRA,9,0,0,2,0.0,0.0,29.629629629629623,0.0,25.0,100.0,1.0
ELZO,BRA,5,0,0,1,0.0,0.0,14.814814814814811,0.0,0.0,100.0,0.0
EMANA,CMR,3,0,0,1,0.0,0.0,7.4074074074074066,0.0,0.0,100.0,0.0
EMENIKE,NGA,4,0,0,1,0.0,0.0,11.11111111111111,0.0,0.0,100.0,0.0
EMERSON,BRA,12,0,1,2,0.0,0.0,40.74074074074074,0.0,25.0,87.5,1.0
EMERTON,AUS,7,0,6,2,0.0,0.0,22.22222222222222,0.0,25.0,25.0,2.0
EMILIO,HON,3,0,0,1,0.0,0.0,7.4074074074074066,0.0,0.0,100.0,0.0
EMRE,TUR,7,1,3,1,0.1428571428571428,5.88235294117647,22.22222222222222,3.571428571428571,0.0,62.5,2.0
EMRE ASIK,TUR,7,0,2,1,0.0,0.0,22.22222222222222,0.0,0.0,75.0,2.0
EN H ZHANG,CHN,3,0,0,1,0.0,0.0,7.4074074074074066,0.0,0.0,100.0,0.0
ENCISO,PAR,4,0,1,1,0.0,0.0,11.11111111111111,0.0,0.0,87.5,2.0
ENDO,JPN,10,1,2,3,0.1,5.88235294117647,33.33333333333333,2.5,50.0,75.0,3.0
ENEVOLDSEN,DEN,3,0,0,1,0.0,0.0,7.4074074074074066,0.0,0.0,100.0,0.0
ENGLEBERT,BEL,4,0,0,1,0.0,0.0,11.11111111111111,0.0,0.0,100.0,0.0
ENOH,CMR,3,0,1,1,0.0,0.0,7.4074074074074066,0.0,0.0,87.5,2.0
ENYEAMA,NGA,10,0,1,3,0.0,0.0,33.33333333333333,0.0,50.0,87.5,3.0
EPALLE,CMR,3,0,0,1,0.0,0.0,7.4074074074074066,0.0,0.0,100.0,0.0
ERASSA,TOG,3,0,0,1,0.0,0.0,7.4074074074074066,0.0,0.0,100.0,0.0
ERAZO,ECU,3,0,1,1,0.0,0.0,7.4074074074074066,0.0,0.0,87.5,2.0
ERGIC,SCG,3,0,0,1,0.0,0.0,7.4074074074074066,0.0,0.0,100.0,0.0
ERGUN,TUR,7,0,1,1,0.0,0.0,22.22222222222222,0.0,0.0,87.5,2.0
ERIKSEN,DEN,3,0,0,1,0.0,0.0,7.4074074074074066,0.0,0.0,100.0,0.0
ERNESTO,POR,6,0,0,1,0.0,0.0,18.51851851851852,0.0,0.0,100.0,0.0
ESCOBER,HON,6,0,0,2,0.0,0.0,18.51851851851852,0.0,25.0,100.0,1.0
ESHCHENKO,RUS,3,0,0,1,0.0,0.0,7.4074074074074066,0.0,0.0,100.0,0.0
ESPINOZA,ECU,3,0,0,1,0.0,0.0,7.4074074074074066,0.0,0.0,100.0,0.0
ESPINOZA,ECU,3,0,0,1,0.0,0.0,7.4074074074074066,0.0,0.0,100.0,1.0
ESPINOZA,HON,6,0,0,2,0.0,0.0,18.51851851851852,0.0,25.0,100.0,0.0
ESPINOZA,HON,6,0,0,2,0.0,0.0,18.51851851851852,0.0,25.0,100.0,1.0
ESSEDIRI,TUN,3,0,0,1,0.0,0.0,7.4074074074074066,0.0,0.0,100.0,0.0
ESSIEN,GHA,7,0,2,2,0.0,0.0,22.22222222222222,0.0,25.0,75.0,1.0
ESTRADA,CHI,4,0,4,1,0.0,0.0,11.11111111111111,0.0,0.0,50.0,2.0
ESTRADA,CHI,4,0,4,1,0.0,0.0,11.11111111111111,0.0,0.0,50.0,0.0
ESTRADA,COL,3,0,0,1,0.0,0.0,7.4074074074074066,0.0,0.0,100.0,2.0
ESTRADA,COL,3,0,0,1,0.0,0.0,7.4074074074074066,0.0,0.0,100.0,0.0
ETAM,CMR,3,0,1,1,0.0,0.0,7.4074074074074066,0.0,0.0,87.5,2.0
ETO'O,CMR,9,1,0,3,0.1111111111111111,5.88235294117647,29.629629629629623,2.7777777777777777,50.0,100.0,1.0
ETOO,CMR,3,1,0,1,0.3333333333333333,5.88235294117647,7.4074074074074066,8.333333333333332,0.0,100.0,0.0
ETUHU,NGA,3,0,0,1,0.0,0.0,7.4074074074074066,0.0,0.0,100.0,0.0
ETXEBERRA,ESP,3,0,0,1,0.0,0.0,7.4074074074074066,0.0,0.0,100.0,0.0
EULYONG,KOR,3,0,0,1,0.0,0.0,7.4074074074074066,0.0,0.0,100.0,0.0
EUSEBIO (Eusebio da Silva Ferreira),POR,6,5,1,1,0.8333333333333334,29.411764705882355,18.51851851851852,20.833333333333336,0.0,87.5,2.0
EVERALDO,BRA,6,0,0,1,0.0,0.0,18.51851851851852,0.0,0.0,100.0,0.0
EVRA,FRA,8,0,2,2,0.0,0.0,25.925925925925924,0.0,25.0,75.0,1.0
EYONG,CMR,3,0,0,1,0.0,0.0,7.4074074074074066,0.0,0.0,100.0,0.0
Eamonn BANNON,SCO,3,0,1,1,0.0,0.0,7.4074074074074066,0.0,0.0,87.5,2.0
Earnie STEWART,USA,3,0,0,1,0.0,0.0,7.4074074074074066,0.0,0.0,100.0,0.0
Ebbe SAND,DEN,5,1,0,1,0.2,5.88235294117647,14.814814814814811,5.0,0.0,100.0,0.0
Eberardo VILLALOBOS,CHI,3,0,0,1,0.0,0.0,7.4074074074074066,0.0,0.0,100.0,0.0
Eberhard VOGEL,GDR,6,0,1,1,0.0,0.0,18.51851851851852,0.0,0.0,87.5,2.0
Ebrahim KASSEMPOOR,IRN,3,0,0,1,0.0,0.0,7.4074074074074066,0.0,0.0,100.0,0.0
Ed CZERKIEWICZ,USA,1,0,0,1,0.0,0.0,0.0,0.0,0.0,100.0,
Ed McILVENNY,USA,3,0,0,1,0.0,0.0,7.4074074074074066,0.0,0.0,100.0,0.0
Ed SOUZA,USA,3,0,0,1,0.0,0.0,7.4074074074074066,0.0,0.0,100.0,0.0
Eddie BAILY,ENG,3,0,0,1,0.0,0.0,7.4074074074074066,0.0,0.0,100.0,0.0
Eddie CLAMP,ENG,4,0,0,1,0.0,0.0,11.11111111111111,0.0,0.0,100.0,0.0
Eddie HOPKINSON,ENG,4,0,0,1,0.0,0.0,11.11111111111111,0.0,0.0,100.0,0.0
Eddie McGOLDRICK,IRL,4,0,0,1,0.0,0.0,11.11111111111111,0.0,0.0,100.0,0.0
Eddie POPE,USA,3,0,1,1,0.0,0.0,7.4074074074074066,0.0,0.0,87.5,2.0
Eddie TURNBULL,SCO,3,0,0,1,0.0,0.0,7.4074074074074066,0.0,0.0,100.0,0.0
Eddy ANTOINE,HAI,3,0,0,1,0.0,0.0,7.4074074074074066,0.0,0.0,100.0,0.0
Eddy TREIJTEL,NED,7,0,0,1,0.0,0.0,22.22222222222222,0.0,0.0,100.0,0.0
Edelmiro AREVALO,PAR,3,0,0,1,0.0,0.0,7.4074074074074066,0.0,0.0,100.0,0.0
Edgar AGUILERA,PAR,4,0,0,1,0.0,0.0,11.11111111111111,0.0,0.0,100.0,0.0
Edgar DAVIDS,NED,7,1,2,1,0.1428571428571428,5.88235294117647,22.22222222222222,3.571428571428571,0.0,75.0,2.0
Edgardo BAUZA,ARG,7,0,0,1,0.0,0.0,22.22222222222222,0.0,0.0,100.0,0.0
Edgardo GONZALEZ,URU,3,0,0,1,0.0,0.0,7.4074074074074066,0.0,0.0,100.0,0.0
Edhem SLJIVO,YUG,3,0,1,1,0.0,0.0,7.4074074074074066,0.0,0.0,87.5,2.0
Edmond BARAFFE,FRA,3,0,0,1,0.0,0.0,7.4074074074074066,0.0,0.0,100.0,0.0
Edmond DELFOUR,FRA,6,0,0,3,0.0,0.0,18.51851851851852,0.0,50.0,100.0,1.0
Edmond ENOKA,CMR,3,0,0,1,0.0,0.0,7.4074074074074066,0.0,0.0,100.0,0.0
Edmond LOICHOT,SUI,2,0,0,1,0.0,0.0,3.7037037037037033,0.0,0.0,100.0,
Edmund CONEN,GER,4,4,0,1,1.0,23.52941176470588,11.11111111111111,25.0,0.0,100.0,0.0
Edmund GIEMSA,POL,1,0,0,1,0.0,0.0,0.0,0.0,0.0,100.0,
Edmund TWORZ,POL,1,0,0,1,0.0,0.0,0.0,0.0,0.0,100.0,
Edmundo PIAGGIO,ARG,5,0,0,1,0.0,0.0,14.814814814814811,0.0,0.0,100.0,0.0
Eduard DUBINSKI,URS,4,0,0,1,0.0,0.0,11.11111111111111,0.0,0.0,100.0,0.0
Eduard KRIEGER,AUT,6,0,0,1,0.0,0.0,18.51851851851852,0.0,0.0,100.0,0.0
Eduard MALOFEYEV,URS,6,3,0,1,0.5,17.647058823529413,18.51851851851852,12.5,0.0,100.0,0.0
Eduard MARKAROV,URS,6,0,0,1,0.0,0.0,18.51851851851852,0.0,0.0,100.0,0.0
Eduardo ACEVEDO,URU,4,0,1,1,0.0,0.0,11.11111111111111,0.0,0.0,87.5,2.0
Eduardo ASTENGO,PER,2,0,0,1,0.0,0.0,3.7037037037037033,0.0,0.0,100.0,
Eduardo BONVALLET,CHI,3,0,0,1,0.0,0.0,7.4074074074074066,0.0,0.0,100.0,0.0
Eduardo ESPINOZA,MEX,4,0,0,1,0.0,0.0,11.11111111111111,0.0,0.0,100.0,0.0
Eduardo GUTIERREZ,BOL,1,0,0,1,0.0,0.0,0.0,0.0,0.0,100.0,
Eduardo LAING,HON,3,1,0,1,0.3333333333333333,5.88235294117647,7.4074074074074066,8.333333333333332,0.0,100.0,0.0
Eduardo MALASQUEZ,PER,3,0,0,1,0.0,0.0,7.4074074074074066,0.0,0.0,100.0,0.0
Eduardo NINO,COL,4,0,0,1,0.0,0.0,11.11111111111111,0.0,0.0,100.0,0.0
Eduardo PEREIRA,URU,4,0,0,1,0.0,0.0,11.11111111111111,0.0,0.0,100.0,0.0
Eduardo RAMOS,MEX,3,0,0,1,0.0,0.0,7.4074074074074066,0.0,0.0,100.0,0.0
Eduardo REYES ORTIZ,BOL,2,0,0,1,0.0,0.0,3.7037037037037033,0.0,0.0,100.0,
Edward MADEJSKI,POL,1,0,0,1,0.0,0.0,0.0,0.0,0.0,100.0,
Edwin VAN DER SAR,NED,5,0,0,1,0.0,0.0,14.814814814814811,0.0,0.0,100.0,0.0
Efan EKOKU,NGA,4,0,0,1,0.0,0.0,11.11111111111111,0.0,0.0,100.0,0.0
Efrain AMEZCUA,MEX,3,0,0,1,0.0,0.0,7.4074074074074066,0.0,0.0,100.0,0.0
Efrain SANCHEZ,COL,3,0,0,1,0.0,0.0,7.4074074074074066,0.0,0.0,100.0,0.0
Egisto PANDOLFINI,ITA,5,1,0,2,0.2,5.88235294117647,14.814814814814811,5.0,25.0,100.0,1.0
Egon JONSSON,SWE,5,0,0,1,0.0,0.0,14.814814814814811,0.0,0.0,100.0,0.0
Eike IMMEL,FRG,14,0,0,2,0.0,0.0,48.14814814814815,0.0,25.0,100.0,1.0
Eisuke NAKANISHI,JPN,3,0,2,1,0.0,0.0,7.4074074074074066,0.0,0.0,75.0,2.0
Eivar WIDLUND,SWE,2,0,0,1,0.0,0.0,3.7037037037037033,0.0,0.0,100.0,
Eladio REYES,PER,4,0,0,1,0.0,0.0,11.11111111111111,0.0,0.0,100.0,0.0
Eladio ROJAS,CHI,6,2,0,1,0.3333333333333333,11.76470588235294,18.51851851851852,8.333333333333332,0.0,100.0,0.0
Eli BEN RIMOZ,ISR,3,0,0,1,0.0,0.0,7.4074074074074066,0.0,0.0,100.0,0.0
Elias ATMATZIDIS,GRE,3,0,0,1,0.0,0.0,7.4074074074074066,0.0,0.0,100.0,0.0
Elias FIGUEROA,CHI,9,0,0,3,0.0,0.0,29.629629629629623,0.0,50.0,100.0,1.0
Elias MUNOZ,MEX,3,0,0,1,0.0,0.0,7.4074074074074066,0.0,0.0,100.0,0.0
Eligio Antonio INSFRAN,PAR,3,0,0,1,0.0,0.0,7.4074074074074066,0.0,0.0,100.0,0.0
Eligio ECHAGUE,PAR,3,0,0,1,0.0,0.0,7.4074074074074066,0.0,0.0,100.0,0.0
Elioro PAREDES,PAR,2,0,0,1,0.0,0.0,3.7037037037037033,0.0,0.0,100.0,
Eliseo ALVAREZ,URU,7,0,0,2,0.0,0.0,22.22222222222222,0.0,25.0,100.0,1.0
Eliseo INSFRAN,PAR,3,0,0,1,0.0,0.0,7.4074074074074066,0.0,0.0,100.0,0.0
Eliseo MOURINO,ARG,3,0,0,1,0.0,0.0,7.4074074074074066,0.0,0.0,100.0,0.0
Eliseo PRADO,ARG,3,0,0,1,0.0,0.0,7.4074074074074066,0.0,0.0,100.0,0.0
Eliseo RIVERO,URU,4,0,0,1,0.0,0.0,11.11111111111111,0.0,0.0,100.0,0.0
Elmer Angel ACEVEDO,SLV,3,0,0,1,0.0,0.0,7.4074074074074066,0.0,0.0,100.0,0.0
Eloy CAMPOS,PER,4,0,0,1,0.0,0.0,11.11111111111111,0.0,0.0,100.0,0.0
Ely TACCHELLA,SUI,6,0,0,2,0.0,0.0,18.51851851851852,0.0,25.0,100.0,1.0
Emeka EZEUGO,NGA,4,0,0,1,0.0,0.0,11.11111111111111,0.0,0.0,100.0,0.0
Emerich DEMBROVSCHI,ROU,3,1,0,1,0.3333333333333333,5.88235294117647,7.4074074074074066,8.333333333333332,0.0,100.0,0.0
Emerich VOGL,ROU,3,0,0,2,0.0,0.0,7.4074074074074066,0.0,25.0,100.0,1.0
Emil KOSTADINOV,BUL,3,1,0,1,0.3333333333333333,5.88235294117647,7.4074074074074066,8.333333333333332,0.0,100.0,0.0
Emil KREMENLIEV,BUL,7,0,4,1,0.0,0.0,22.22222222222222,0.0,0.0,50.0,2.0
Emil PAZICKY,TCH,2,0,0,1,0.0,0.0,3.7037037037037033,0.0,0.0,100.0,
Emil SANDOI,ROU,4,0,0,1,0.0,0.0,11.11111111111111,0.0,0.0,100.0,0.0
Emile MBOUH,CMR,8,0,3,2,0.0,0.0,25.925925925925924,0.0,25.0,62.5,1.0
Emile STIJNEN,BEL,1,0,0,1,0.0,0.0,0.0,0.0,0.0,100.0,
Emile VEINANTE,FRA,6,1,0,3,0.1666666666666666,5.88235294117647,18.51851851851852,4.166666666666666,50.0,100.0,1.0
Emilio ALVAREZ,URU,7,0,0,2,0.0,0.0,22.22222222222222,0.0,25.0,100.0,1.0
Emilio BUTRAGUENO,ESP,9,4,0,2,0.4444444444444444,23.52941176470588,29.629629629629623,11.11111111111111,25.0,100.0,1.0
Emilio CAPRILE,ITA,2,0,0,1,0.0,0.0,3.7037037037037033,0.0,0.0,100.0,
Emilio RECOBA,URU,4,0,0,1,0.0,0.0,11.11111111111111,0.0,0.0,100.0,0.0
Emlyn HUGHES,ENG,4,0,0,1,0.0,0.0,11.11111111111111,0.0,0.0,100.0,0.0
Emmanuel AMUNEKE,NGA,4,2,1,1,0.5,11.76470588235294,11.11111111111111,12.5,0.0,87.5,2.0
Emmanuel KUNDE,CMR,8,0,0,2,0.0,0.0,25.925925925925924,0.0,25.0,100.0,1.0
Emmanuel MABOANG,CMR,8,0,0,2,0.0,0.0,25.925925925925924,0.0,25.0,100.0,1.0
Emmanuel PETIT,FRA,7,2,1,1,0.2857142857142857,11.76470588235294,22.22222222222222,7.142857142857142,0.0,87.5,2.0
Emmanuel SANON,HAI,3,2,0,1,0.6666666666666666,11.76470588235294,7.4074074074074066,16.666666666666664,0.0,100.0,0.0
Engelbert KRAUS,FRG,4,0,0,1,0.0,0.0,11.11111111111111,0.0,0.0,100.0,0.0
Enrico ALBERTOSI,ITA,15,0,0,4,0.0,0.0,51.85185185185185,0.0,75.0,100.0,3.0
Enrico CHIESA,ITA,5,0,0,1,0.0,0.0,14.814814814814811,0.0,0.0,100.0,0.0
Enrique AVALOS,PAR,2,0,0,1,0.0,0.0,3.7037037037037033,0.0,0.0,100.0,
Enrique BALLESTRERO,URU,4,0,0,1,0.0,0.0,11.11111111111111,0.0,0.0,100.0,0.0
Enrique BORJA,MEX,7,1,0,2,0.1428571428571428,5.88235294117647,22.22222222222222,3.571428571428571,25.0,100.0,1.0
Enrique CHAZARRETA,ARG,6,0,0,1,0.0,0.0,18.51851851851852,0.0,0.0,100.0,0.0
Enrique CHIMENTO,ARG,1,0,0,1,0.0,0.0,0.0,0.0,0.0,100.0,
Enrique COLLAR,ESP,3,0,0,1,0.0,0.0,7.4074074074074066,0.0,0.0,100.0,0.0
Enrique GUAITA,ITA,5,1,0,1,0.2,5.88235294117647,14.814814814814811,5.0,0.0,100.0,0.0
Enrique LOPEZ ZARZA,MEX,3,0,0,1,0.0,0.0,7.4074074074074066,0.0,0.0,100.0,0.0
Enrique SAURA,ESP,5,1,0,1,0.2,5.88235294117647,14.814814814814811,5.0,0.0,100.0,0.0
Enrique SESMA,MEX,3,0,0,1,0.0,0.0,7.4074074074074066,0.0,0.0,100.0,0.0
Enrique WOLFF,ARG,6,0,0,1,0.0,0.0,18.51851851851852,0.0,0.0,100.0,0.0
Enver HADZIABDIC,YUG,6,0,2,1,0.0,0.0,18.51851851851852,0.0,0.0,75.0,2.0
Enver MARIC,YUG,6,0,0,1,0.0,0.0,18.51851851851852,0.0,0.0,100.0,0.0
Enzo ESCOBAR,CHI,3,0,0,1,0.0,0.0,7.4074074074074066,0.0,0.0,100.0,0.0
Enzo FRANCESCOLI,URU,8,0,2,2,0.0,0.0,25.925925925925924,0.0,25.0,75.0,1.0
Enzo ROBOTTI,ITA,3,0,0,1,0.0,0.0,7.4074074074074066,0.0,0.0,100.0,0.0
Enzo SCIFO,BEL,14,3,0,3,0.2142857142857142,17.647058823529413,48.14814814814815,5.357142857142857,50.0,100.0,3.0
Enzo TROSSERO,ARG,5,0,0,1,0.0,0.0,14.814814814814811,0.0,0.0,100.0,0.0
Ephrem MBOM,CMR,3,0,0,1,0.0,0.0,7.4074074074074066,0.0,0.0,100.0,0.0
Eraldo MONZEGLIO,ITA,9,0,0,2,0.0,0.0,29.629629629629623,0.0,25.0,100.0,1.0
Eraldo PECCI,ITA,7,0,0,1,0.0,0.0,22.22222222222222,0.0,0.0,100.0,0.0
Erdem NACI,TUR,3,0,0,1,0.0,0.0,7.4074074074074066,0.0,0.0,100.0,0.0
Eric CALDOW,SCO,3,0,0,1,0.0,0.0,7.4074074074074066,0.0,0.0,100.0,0.0
Eric DEFLANDRE,BEL,3,0,1,1,0.0,0.0,7.4074074074074066,0.0,0.0,87.5,2.0
Eric EICHMANN,USA,3,0,0,1,0.0,0.0,7.4074074074074066,0.0,0.0,100.0,0.0
Eric GERETS,BEL,16,0,4,3,0.0,0.0,55.55555555555556,0.0,50.0,50.0,3.0
Eric VAN MEIR,BEL,7,0,0,2,0.0,0.0,22.22222222222222,0.0,25.0,100.0,1.0
Eric WYNALDA,USA,6,0,1,2,0.0,0.0,18.51851851851852,0.0,25.0,87.5,1.0
Erich BEER,FRG,6,0,0,1,0.0,0.0,18.51851851851852,0.0,0.0,100.0,0.0
Erich HAMANN,GDR,6,0,1,1,0.0,0.0,18.51851851851852,0.0,0.0,87.5,2.0
Erich JUSKOWIAK,FRG,6,0,1,1,0.0,0.0,18.51851851851852,0.0,0.0,87.5,2.0
Erich OBERMAYER,AUT,11,1,1,2,0.0909090909090909,5.88235294117647,37.03703703703704,2.272727272727273,25.0,87.5,1.0
Erich PROBST,AUT,5,6,0,1,1.2,35.294117647058826,14.814814814814811,30.0,0.0,100.0,0.0
Erich SCHAEDLER,SCO,3,0,0,1,0.0,0.0,7.4074074074074066,0.0,0.0,100.0,0.0
Erik ALMGREN,SWE,3,0,0,1,0.0,0.0,7.4074074074074066,0.0,0.0,100.0,0.0
Erik GRANATH,SWE,2,0,0,1,0.0,0.0,3.7037037037037033,0.0,0.0,100.0,
Erik HOFTUN,NOR,4,0,0,1,0.0,0.0,11.11111111111111,0.0,0.0,100.0,0.0
Erik MYKLAND,NOR,4,0,1,1,0.0,0.0,11.11111111111111,0.0,0.0,87.5,2.0
Erik NILSSON,SWE,8,0,0,2,0.0,0.0,25.925925925925924,0.0,25.0,100.0,1.0
Erik PERSSON,SWE,3,0,0,1,0.0,0.0,7.4074074074074066,0.0,0.0,100.0,0.0
Erik THORSTVEDT,NOR,3,0,0,1,0.0,0.0,7.4074074074074066,0.0,0.0,100.0,0.0
Erland JOHNSEN,NOR,3,0,1,1,0.0,0.0,7.4074074074074066,0.0,0.0,87.5,2.0
Ermes MUCCINELLI,ITA,5,1,0,2,0.2,5.88235294117647,14.814814814814811,5.0,25.0,100.0,1.0
Ermindo ONEGA,ARG,4,1,0,1,0.25,5.88235294117647,11.11111111111111,6.25,0.0,100.0,0.0
Ernest EBONGUE,CMR,3,0,0,1,0.0,0.0,7.4074074074074066,0.0,0.0,100.0,0.0
Ernest LEHNER,GER,6,2,0,2,0.3333333333333333,11.76470588235294,18.51851851851852,8.333333333333332,25.0,100.0,1.0
Ernest LIBERATI,FRA,3,0,0,1,0.0,0.0,7.4074074074074066,0.0,0.0,100.0,0.0
Ernest SCHULTZ,FRA,2,0,0,1,0.0,0.0,3.7037037037037033,0.0,0.0,100.0,
Ernest WILIMOWSKI,POL,1,4,0,1,4.0,23.52941176470588,0.0,100.0,0.0,100.0,
Ernesto ALBARRACIN,ARG,1,0,0,1,0.0,0.0,0.0,0.0,0.0,100.0,
Ernesto APARICIO,SLV,3,0,0,1,0.0,0.0,7.4074074074074066,0.0,0.0,100.0,0.0
Ernesto BELIS,ARG,1,1,0,1,1.0,5.88235294117647,0.0,25.0,0.0,100.0,
Ernesto CHAPARRO,CHI,3,0,0,1,0.0,0.0,7.4074074074074066,0.0,0.0,100.0,0.0
Ernesto CISNEROS,MEX,3,0,0,1,0.0,0.0,7.4074074074074066,0.0,0.0,100.0,0.0
Ernesto LABARTHE,PER,6,0,0,1,0.0,0.0,18.51851851851852,0.0,0.0,100.0,0.0
Ernesto MASCHERONI,URU,4,0,0,1,0.0,0.0,11.11111111111111,0.0,0.0,100.0,0.0
Ernesto VIDAL,URU,4,1,0,1,0.25,5.88235294117647,11.11111111111111,6.25,0.0,100.0,0.0
Ernie BRANDTS,NED,7,2,0,1,0.2857142857142857,11.76470588235294,22.22222222222222,7.142857142857142,0.0,100.0,0.0
Ernie CAMPBELL,AUS,3,0,0,1,0.0,0.0,7.4074074074074066,0.0,0.0,100.0,0.0
Ernie COPLAND,SCO,2,0,0,1,0.0,0.0,3.7037037037037033,0.0,0.0,100.0,
Erno SOLYMOSI,HUN,4,1,0,1,0.25,5.88235294117647,11.11111111111111,6.25,0.0,100.0,0.0
Ernst AIGNER,AUT,3,0,0,1,0.0,0.0,7.4074074074074066,0.0,0.0,100.0,0.0
Ernst ALBRECHT,GER,4,0,0,1,0.0,0.0,11.11111111111111,0.0,0.0,100.0,0.0
Ernst ANDERSSON,SWE,2,0,0,1,0.0,0.0,3.7037037037037033,0.0,0.0,100.0,
Ernst BAUMEISTER,AUT,11,0,0,2,0.0,0.0,37.03703703703704,0.0,25.0,100.0,1.0
Ernst FRICK,SUI,2,0,0,1,0.0,0.0,3.7037037037037033,0.0,0.0,100.0,
Ernst HAPPEL,AUT,8,0,0,2,0.0,0.0,25.925925925925924,0.0,25.0,100.0,1.0
Ernst HUFSCHMID,SUI,2,0,0,1,0.0,0.0,3.7037037037037033,0.0,0.0,100.0,
Ernst JEAN-JOSEPH,HAI,3,0,0,1,0.0,0.0,7.4074074074074066,0.0,0.0,100.0,0.0
Ernst KOZLICEK,AUT,3,0,0,1,0.0,0.0,7.4074074074074066,0.0,0.0,100.0,0.0
Ernst LOERTSCHER,SUI,3,0,0,1,0.0,0.0,7.4074074074074066,0.0,0.0,100.0,0.0
Ernst OCWIRK,AUT,5,2,0,1,0.4,11.76470588235294,14.814814814814811,10.0,0.0,100.0,0.0
Ernst STOJASPAL,AUT,5,2,0,1,0.4,11.76470588235294,14.814814814814811,10.0,0.0,100.0,0.0
Erol KESKIN,TUR,3,1,0,1,0.3333333333333333,5.88235294117647,7.4074074074074066,8.333333333333332,0.0,100.0,0.0
Ervin KATNIC,YUG,3,0,0,1,0.0,0.0,7.4074074074074066,0.0,0.0,100.0,0.0
Erwin BALLABIO,SUI,3,0,0,1,0.0,0.0,7.4074074074074066,0.0,0.0,100.0,0.0
Erwin FUCHSBICHLER,AUT,6,0,0,1,0.0,0.0,18.51851851851852,0.0,0.0,100.0,0.0
Erwin HOCHSTRASSER,SUI,2,0,0,1,0.0,0.0,3.7037037037037033,0.0,0.0,100.0,
Erwin KOEMAN,NED,4,0,0,1,0.0,0.0,11.11111111111111,0.0,0.0,100.0,0.0
Erwin NYC,POL,1,0,0,1,0.0,0.0,0.0,0.0,0.0,100.0,
Erwin SANCHEZ,BOL,3,1,0,1,0.3333333333333333,5.88235294117647,7.4074074074074066,8.333333333333332,0.0,100.0,0.0
Erwin VAN DEN DAELE,BEL,3,0,0,1,0.0,0.0,7.4074074074074066,0.0,0.0,100.0,0.0
Erwin VANDENBERGH,BEL,12,2,0,2,0.1666666666666666,11.76470588235294,40.74074074074074,4.166666666666666,25.0,100.0,1.0
Espen BAARDSEN,NOR,4,0,0,1,0.0,0.0,11.11111111111111,0.0,0.0,100.0,0.0
Estanislao BASORA,ESP,6,4,0,1,0.6666666666666666,23.52941176470588,18.51851851851852,16.666666666666664,0.0,100.0,0.0
Etienne MATTLER,FRA,6,0,0,3,0.0,0.0,18.51851851851852,0.0,50.0,100.0,1.0
Eufemio CABRAL,PAR,4,0,0,1,0.0,0.0,11.11111111111111,0.0,0.0,100.0,0.0
Eugen MEIER,SUI,7,0,0,2,0.0,0.0,22.22222222222222,0.0,25.0,100.0,1.0
Eugen RUPF,SUI,3,0,0,1,0.0,0.0,7.4074074074074066,0.0,0.0,100.0,0.0
Eugen WALASCHEK,SUI,3,1,0,1,0.3333333333333333,5.88235294117647,7.4074074074074066,8.333333333333332,0.0,100.0,0.0
Eugene EKEKE,CMR,5,1,0,1,0.2,5.88235294117647,14.814814814814811,5.0,0.0,100.0,0.0
Eugene PARLIER,SUI,4,0,0,1,0.0,0.0,11.11111111111111,0.0,0.0,100.0,0.0
Eugenio CORRODI,SUI,3,0,0,1,0.0,0.0,7.4074074074074066,0.0,0.0,100.0,0.0
Eugenio LEAL,ESP,3,0,1,1,0.0,0.0,7.4074074074074066,0.0,0.0,87.5,2.0
Eulogio MARTINEZ,ESP,3,0,0,1,0.0,0.0,7.4074074074074066,0.0,0.0,100.0,0.0
Eusebio ACASUZO,PER,3,0,0,1,0.0,0.0,7.4074074074074066,0.0,0.0,100.0,0.0
Eusebio DIAZ,PAR,2,0,0,1,0.0,0.0,3.7037037037037033,0.0,0.0,100.0,
Eusebio ESCOBAR,COL,3,0,0,1,0.0,0.0,7.4074074074074066,0.0,0.0,100.0,0.0
Eusebio TEJERA,URU,9,0,0,2,0.0,0.0,29.629629629629623,0.0,25.0,100.0,1.0
Eustaquio CHAMORRO,PAR,2,0,0,1,0.0,0.0,3.7037037037037033,0.0,0.0,100.0,
Evaristo ISASI,PAR,4,0,0,1,0.0,0.0,11.11111111111111,0.0,0.0,100.0,0.0
Evgeni LOVCHEV,URS,4,0,1,1,0.0,0.0,11.11111111111111,0.0,0.0,87.5,2.0
Evgeni YANCHOVSKI,BUL,3,0,0,1,0.0,0.0,7.4074074074074066,0.0,0.0,100.0,0.0
Ewald CEBULA,POL,1,0,0,1,0.0,0.0,0.0,0.0,0.0,100.0,
Ewald DYTKO,POL,1,0,0,1,0.0,0.0,0.0,0.0,0.0,100.0,
Ezio PASCUTTI,ITA,6,0,0,2,0.0,0.0,18.51851851851852,0.0,25.0,100.0,1.0
F RODRIGUEZ,MEX,4,0,1,1,0.0,0.0,11.11111111111111,0.0,0.0,87.5,2.0
F. AL-MEHALLEL,KSA,3,0,0,1,0.0,0.0,7.4074074074074066,0.0,0.0,100.0,0.0
F. AMIN,KSA,7,2,2,2,0.2857142857142857,11.76470588235294,22.22222222222222,7.142857142857142,25.0,75.0,1.0
F. BORJA,ECU,4,0,0,1,0.0,0.0,11.11111111111111,0.0,0.0,100.0,0.0
F. COENTRO,POR,7,0,1,2,0.0,0.0,22.22222222222222,0.0,25.0,87.5,1.0
F. COUTO,POR,3,0,0,1,0.0,0.0,7.4074074074074066,0.0,0.0,100.0,0.0
F. FERNANDEZ,ARG,7,0,0,1,0.0,0.0,22.22222222222222,0.0,0.0,100.0,0.0
F. FONSECA,MEX,4,1,1,1,0.25,5.88235294117647,11.11111111111111,6.25,0.0,87.5,2.0
F. GABRIEL,MEX,4,0,0,1,0.0,0.0,11.11111111111111,0.0,0.0,100.0,0.0
F. J. RODRIGUEZ,MEX,4,0,1,1,0.0,0.0,11.11111111111111,0.0,0.0,87.5,2.0
F. MUSLERA,URU,4,0,1,1,0.0,0.0,11.11111111111111,0.0,0.0,87.5,2.0
F. PALENCIA,MEX,4,0,0,1,0.0,0.0,11.11111111111111,0.0,0.0,100.0,0.0
F. RODRIGUEZ,MEX,4,0,0,1,0.0,0.0,11.11111111111111,0.0,0.0,100.0,0.0
F. SARITAMA,ECU,4,0,0,1,0.0,0.0,11.11111111111111,0.0,0.0,100.0,0.0
F. TORRES,ESP,4,2,0,1,0.5,11.76470588235294,11.11111111111111,12.5,0.0,100.0,0.0
F. de BOER,NED,12,0,1,2,0.0,0.0,40.74074074074074,0.0,25.0,87.5,1.0
F.CARINI,URU,3,0,1,1,0.0,0.0,7.4074074074074066,0.0,0.0,87.5,2.0
F.ELDUAYEN,URU,3,0,0,1,0.0,0.0,7.4074074074074066,0.0,0.0,100.0,0.0
F.MAGALLANES,URU,3,0,0,1,0.0,0.0,7.4074074074074066,0.0,0.0,100.0,0.0
F.MEIRA,POR,7,0,0,1,0.0,0.0,22.22222222222222,0.0,0.0,100.0,0.0
F.O NEIL,URU,3,0,0,1,0.0,0.0,7.4074074074074066,0.0,0.0,100.0,0.0
F.ZANDI,IRN,3,0,1,1,0.0,0.0,7.4074074074074066,0.0,0.0,87.5,2.0
FABIANSKI,POL,3,0,0,1,0.0,0.0,7.4074074074074066,0.0,0.0,100.0,0.0
FABREGAS,ESP,7,0,0,1,0.0,0.0,22.22222222222222,0.0,0.0,100.0,0.0
FAE,CIV,3,0,0,1,0.0,0.0,7.4074074074074066,0.0,0.0,100.0,0.0
FAHAD ABDULRAHMAN,UAE,3,0,0,1,0.0,0.0,7.4074074074074066,0.0,0.0,100.0,0.0
FAHAD KHAMEES,UAE,3,0,0,1,0.0,0.0,7.4074074074074066,0.0,0.0,100.0,0.0
FALCAO,BRA,10,3,1,2,0.3,17.647058823529413,33.33333333333333,7.5,25.0,87.5,1.0
FALLON,NZL,3,0,1,1,0.0,0.0,7.4074074074074066,0.0,0.0,87.5,2.0
FARNERUD,SWE,4,0,0,1,0.0,0.0,11.11111111111111,0.0,0.0,100.0,0.0
FATIH AKYEL,TUR,7,0,1,1,0.0,0.0,22.22222222222222,0.0,0.0,87.5,2.0
FAUSTO,BRA,2,0,0,1,0.0,0.0,3.7037037037037033,0.0,0.0,100.0,
FAYZULIN,RUS,3,0,0,1,0.0,0.0,7.4074074074074066,0.0,0.0,100.0,0.0
FBREGAS,ESP,3,0,0,1,0.0,0.0,7.4074074074074066,0.0,0.0,100.0,0.0
FEDE,ESP,3,0,0,1,0.0,0.0,7.4074074074074066,0.0,0.0,100.0,0.0
FEDERICI,AUS,3,0,0,1,0.0,0.0,7.4074074074074066,0.0,0.0,100.0,0.0
FEGHOULI,ALG,4,0,0,1,0.0,0.0,11.11111111111111,0.0,0.0,100.0,0.0
FEILHABER,USA,4,0,0,1,0.0,0.0,11.11111111111111,0.0,0.0,100.0,0.0
FEJZI?,BIH,3,0,0,1,0.0,0.0,7.4074074074074066,0.0,0.0,100.0,0.0
FELIPE MELO,BRA,5,0,2,1,0.0,0.0,14.814814814814811,0.0,0.0,75.0,2.0
FELIX,BRA,6,0,0,1,0.0,0.0,18.51851851851852,0.0,0.0,100.0,0.0
FELLAINI,BEL,5,1,0,1,0.2,5.88235294117647,14.814814814814811,5.0,0.0,100.0,0.0
FER,NED,7,1,0,1,0.1428571428571428,5.88235294117647,22.22222222222222,3.571428571428571,0.0,100.0,0.0
FERDINAND,ENG,10,1,1,2,0.1,5.88235294117647,33.33333333333333,2.5,25.0,87.5,1.0
FERNANDES,SUI,7,1,3,2,0.1428571428571428,5.88235294117647,22.22222222222222,3.571428571428571,25.0,62.5,1.0
FERNANDEZ,CHI,4,0,2,1,0.0,0.0,11.11111111111111,0.0,0.0,75.0,2.0
FERNANDEZ,CHI,4,0,2,1,0.0,0.0,11.11111111111111,0.0,0.0,75.0,0.0
FERNANDEZ,ECU,3,0,0,1,0.0,0.0,7.4074074074074066,0.0,0.0,100.0,2.0
FERNANDEZ,ECU,3,0,0,1,0.0,0.0,7.4074074074074066,0.0,0.0,100.0,0.0
FERNANDINHO,BRA,7,1,2,1,0.1428571428571428,5.88235294117647,22.22222222222222,3.571428571428571,0.0,75.0,2.0
FERNANDO,ESP,4,0,0,1,0.0,0.0,11.11111111111111,0.0,0.0,100.0,0.0
FERNANDO CRUZ,POR,6,0,0,1,0.0,0.0,18.51851851851852,0.0,0.0,100.0,0.0
FERNANDO GIUDICELLI,BRA,2,0,0,1,0.0,0.0,3.7037037037037033,0.0,0.0,100.0,
FERREIRA PINTO,POR,6,0,0,1,0.0,0.0,18.51851851851852,0.0,0.0,100.0,0.0
FERRER,ESP,8,0,2,2,0.0,0.0,25.925925925925924,0.0,25.0,75.0,1.0
FESTA,POR,6,0,0,1,0.0,0.0,18.51851851851852,0.0,0.0,100.0,0.0
FETFATZIDIS,GRE,4,0,0,1,0.0,0.0,11.11111111111111,0.0,0.0,100.0,0.0
FEUDJOU,CMR,3,0,0,1,0.0,0.0,7.4074074074074066,0.0,0.0,100.0,0.0
FIDELIS,BRA,3,0,0,1,0.0,0.0,7.4074074074074066,0.0,0.0,100.0,0.0
FIERRO,CHI,4,0,0,1,0.0,0.0,11.11111111111111,0.0,0.0,100.0,0.0
FIGO,POR,10,0,1,2,0.0,0.0,33.33333333333333,0.0,25.0,87.5,1.0
FIGUEIREDO,ANG,3,0,0,1,0.0,0.0,7.4074074074074066,0.0,0.0,100.0,0.0
FIGUEROA,HON,6,0,0,2,0.0,0.0,18.51851851851852,0.0,25.0,100.0,1.0
FILEKOVI?,SVN,3,0,0,1,0.0,0.0,7.4074074074074066,0.0,0.0,100.0,0.0
FILIMONOV,RUS,3,0,0,1,0.0,0.0,7.4074074074074066,0.0,0.0,100.0,0.0
FINDLEY,USA,4,0,2,1,0.0,0.0,11.11111111111111,0.0,0.0,75.0,2.0
FINIDI,NGA,8,1,0,2,0.125,5.88235294117647,25.925925925925924,3.125,25.0,100.0,1.0
FINNAN,IRL,4,0,1,1,0.0,0.0,11.11111111111111,0.0,0.0,87.5,2.0
FLVIO,ANG,2,0,0,1,0.0,0.0,3.7037037037037033,0.0,0.0,100.0,
FOE,CMR,3,0,1,1,0.0,0.0,7.4074074074074066,0.0,0.0,87.5,2.0
FONSECA,CRC,3,0,0,1,0.0,0.0,7.4074074074074066,0.0,0.0,100.0,0.0
FONSECA D.,CRC,3,0,1,1,0.0,0.0,7.4074074074074066,0.0,0.0,87.5,2.0
FONTANA,BRA,6,0,0,1,0.0,0.0,18.51851851851852,0.0,0.0,100.0,0.0
FORLAN,URU,7,4,0,1,0.5714285714285714,23.52941176470588,22.22222222222222,14.285714285714285,0.0,100.0,0.0
FORSON R.,TOG,3,0,0,1,0.0,0.0,7.4074074074074066,0.0,0.0,100.0,0.0
FORSTER,ENG,3,0,0,1,0.0,0.0,7.4074074074074066,0.0,0.0,100.0,0.0
FORTES,BRA,2,0,0,1,0.0,0.0,3.7037037037037033,0.0,0.0,100.0,
FORTUNE,RSA,3,0,0,1,0.0,0.0,7.4074074074074066,0.0,0.0,100.0,0.0
FOSTER,ENG,3,0,0,1,0.0,0.0,7.4074074074074066,0.0,0.0,100.0,0.0
FOUZI,KSA,3,0,0,1,0.0,0.0,7.4074074074074066,0.0,0.0,100.0,0.0
FOWLER,ENG,5,0,0,1,0.0,0.0,14.814814814814811,0.0,0.0,100.0,0.0
FRANCIS W.,CRC,5,0,0,1,0.0,0.0,14.814814814814811,0.0,0.0,100.0,0.0
FRANCISCO,ESP,5,0,0,1,0.0,0.0,14.814814814814811,0.0,0.0,100.0,0.0
FRANCO,ARG,5,0,0,1,0.0,0.0,14.814814814814811,0.0,0.0,100.0,0.0
FRANCO,ARG,5,0,0,1,0.0,0.0,14.814814814814811,0.0,0.0,100.0,2.0
FRANCO,PAR,4,0,1,1,0.0,0.0,11.11111111111111,0.0,0.0,87.5,0.0
FRANCO,PAR,4,0,1,1,0.0,0.0,11.11111111111111,0.0,0.0,87.5,2.0
FRANJIC,AUS,3,0,0,1,0.0,0.0,7.4074074074074066,0.0,0.0,100.0,0.0
FRECHAUT,POR,3,0,1,1,0.0,0.0,7.4074074074074066,0.0,0.0,87.5,2.0
FRED,BRA,12,2,0,2,0.1666666666666666,11.76470588235294,40.74074074074074,4.166666666666666,25.0,100.0,1.0
FREDERICO,POR,3,0,0,1,0.0,0.0,7.4074074074074066,0.0,0.0,100.0,0.0
FREI,SUI,7,2,1,2,0.2857142857142857,11.76470588235294,22.22222222222222,7.142857142857142,25.0,87.5,1.0
FRIACA,BRA,6,1,0,1,0.1666666666666666,5.88235294117647,18.51851851851852,4.166666666666666,0.0,100.0,0.0
FRIEDEL,USA,5,0,1,1,0.0,0.0,14.814814814814811,0.0,0.0,87.5,2.0
FRIEDRICH,GER,14,1,3,2,0.0714285714285714,5.88235294117647,48.14814814814815,1.7857142857142856,25.0,62.5,3.0
FRINGS,GER,14,1,3,2,0.0714285714285714,5.88235294117647,48.14814814814815,1.7857142857142856,25.0,62.5,3.0
FUCILE,URU,7,0,2,1,0.0,0.0,22.22222222222222,0.0,0.0,75.0,2.0
FUENTES,CHI,4,0,1,1,0.0,0.0,11.11111111111111,0.0,0.0,87.5,2.0
FUENZALIDA,CHI,4,0,0,1,0.0,0.0,11.11111111111111,0.0,0.0,100.0,0.0
FUKUNISHI,JPN,7,0,0,2,0.0,0.0,22.22222222222222,0.0,25.0,100.0,1.0
FUTRE,POR,3,0,0,1,0.0,0.0,7.4074074074074066,0.0,0.0,100.0,0.0
Fabian CANCELARICH,ARG,7,0,0,1,0.0,0.0,22.22222222222222,0.0,0.0,100.0,0.0
Fabian ESTAY,CHI,4,0,1,1,0.0,0.0,11.11111111111111,0.0,0.0,87.5,2.0
Fabien BARTHEZ,FRA,7,0,0,1,0.0,0.0,22.22222222222222,0.0,0.0,100.0,0.0
Fabio CANNAVARO,ITA,5,0,1,1,0.0,0.0,14.814814814814811,0.0,0.0,87.5,2.0
Fabio CAPELLO,ITA,3,1,0,1,0.3333333333333333,5.88235294117647,7.4074074074074066,8.333333333333332,0.0,100.0,0.0
Fabrizio POLETTI,ITA,6,0,0,1,0.0,0.0,18.51851851851852,0.0,0.0,100.0,0.0
Fadel JILAL,MAR,4,0,0,1,0.0,0.0,11.11111111111111,0.0,0.0,100.0,0.0
Fadil MEGHARIA,ALG,3,0,0,1,0.0,0.0,7.4074074074074066,0.0,0.0,100.0,0.0
Fahad AL BISHI,KSA,4,0,0,1,0.0,0.0,11.11111111111111,0.0,0.0,100.0,0.0
Fahad AL GHESHEYAN,KSA,4,1,0,1,0.25,5.88235294117647,11.11111111111111,6.25,0.0,100.0,0.0
Fahad AL MEHALEL,KSA,4,0,0,1,0.0,0.0,11.11111111111111,0.0,0.0,100.0,0.0
Fahrudin JUSUFI,YUG,6,0,0,1,0.0,0.0,18.51851851851852,0.0,0.0,100.0,0.0
Fahrudin OMEROVIC,YUG,5,0,0,1,0.0,0.0,14.814814814814811,0.0,0.0,100.0,0.0
Faisal AL DAKHIL,KUW,3,1,0,1,0.3333333333333333,5.88235294117647,7.4074074074074066,8.333333333333332,0.0,100.0,0.0
Faouzi MANSOURI,ALG,6,0,2,2,0.0,0.0,18.51851851851852,0.0,25.0,75.0,1.0
Faruk HADZIBEGIC,YUG,5,0,0,1,0.0,0.0,14.814814814814811,0.0,0.0,100.0,0.0
Faryd MONDRAGON,COL,3,0,0,1,0.0,0.0,7.4074074074074066,0.0,0.0,100.0,0.0
Fathi CHEBEL,ALG,3,0,0,1,0.0,0.0,7.4074074074074066,0.0,0.0,100.0,0.0
Fathi MATAR,KUW,3,0,1,1,0.0,0.0,7.4074074074074066,0.0,0.0,87.5,2.0
Faustino ALONSO,PAR,4,0,0,1,0.0,0.0,11.11111111111111,0.0,0.0,100.0,0.0
Fawzi BENKHALIDI,ALG,3,0,0,1,0.0,0.0,7.4074074074074066,0.0,0.0,100.0,0.0
Fay COYLE,NIR,5,0,0,1,0.0,0.0,14.814814814814811,0.0,0.0,100.0,0.0
Faycal BEN AHMED,TUN,3,0,0,1,0.0,0.0,7.4074074074074066,0.0,0.0,100.0,0.0
Federico EDWARDS,ARG,3,0,0,1,0.0,0.0,7.4074074074074066,0.0,0.0,100.0,0.0
Federico SACCHI,ARG,3,0,0,1,0.0,0.0,7.4074074074074066,0.0,0.0,100.0,0.0
Federico VAIRO,ARG,3,0,0,1,0.0,0.0,7.4074074074074066,0.0,0.0,100.0,0.0
Federico WILDE,ARG,1,0,0,1,0.0,0.0,0.0,0.0,0.0,100.0,
Felice BOREL,ITA,5,0,0,1,0.0,0.0,14.814814814814811,0.0,0.0,100.0,0.0
Felice SOLDINI,SUI,3,0,0,1,0.0,0.0,7.4074074074074066,0.0,0.0,100.0,0.0
Feliciano RIVILLA,ESP,6,0,0,2,0.0,0.0,18.51851851851852,0.0,25.0,100.0,1.0
Felipe MINAMBRES,ESP,5,0,0,1,0.0,0.0,14.814814814814811,0.0,0.0,100.0,0.0
Felipe OLIVARES,MEX,3,0,0,1,0.0,0.0,7.4074074074074066,0.0,0.0,100.0,0.0
Felipe REVELEZ,URU,4,0,0,1,0.0,0.0,11.11111111111111,0.0,0.0,100.0,0.0
Felipe ROSAS,MEX,3,0,0,1,0.0,0.0,7.4074074074074066,0.0,0.0,100.0,0.0
Felipe RUVALCABA,MEX,6,0,0,2,0.0,0.0,18.51851851851852,0.0,25.0,100.0,1.0
Felipe ZETTER,MEX,3,0,0,1,0.0,0.0,7.4074074074074066,0.0,0.0,100.0,0.0
Felix CRUZ,MEX,5,0,0,1,0.0,0.0,14.814814814814811,0.0,0.0,100.0,0.0
Felix FERNANDEZ,MEX,4,0,0,1,0.0,0.0,11.11111111111111,0.0,0.0,100.0,0.0
Felix HEALEY,NIR,5,0,0,1,0.0,0.0,14.814814814814811,0.0,0.0,100.0,0.0
Felix MAGATH,FRG,14,0,1,2,0.0,0.0,48.14814814814815,0.0,25.0,87.5,1.0
Felix SALINAS,PER,4,0,0,1,0.0,0.0,11.11111111111111,0.0,0.0,100.0,0.0
Felix WELKENHUYSEN,BEL,1,0,0,1,0.0,0.0,0.0,0.0,0.0,100.0,
Ferdinand DAUCIK,TCH,3,0,0,1,0.0,0.0,7.4074074074074066,0.0,0.0,100.0,0.0
Ferdinando RIVA,SUI,4,0,0,1,0.0,0.0,11.11111111111111,0.0,0.0,100.0,0.0
Ferenc BENE,HUN,4,4,0,1,1.0,23.52941176470588,11.11111111111111,25.0,0.0,100.0,0.0
Ferenc CSONGRADI,HUN,3,0,0,1,0.0,0.0,7.4074074074074066,0.0,0.0,100.0,0.0
Ferenc FULOP,HUN,3,0,0,1,0.0,0.0,7.4074074074074066,0.0,0.0,100.0,0.0
Ferenc MACHOS,HUN,5,0,0,1,0.0,0.0,14.814814814814811,0.0,0.0,100.0,0.0
Ferenc MESZAROS,HUN,6,0,0,2,0.0,0.0,18.51851851851852,0.0,25.0,100.0,1.0
Ferenc PUSKAS,ESP,3,0,0,1,0.0,0.0,7.4074074074074066,0.0,0.0,100.0,0.0
Ferenc PUSKAS,ESP,3,0,0,1,0.0,0.0,7.4074074074074066,0.0,0.0,100.0,0.0
Ferenc PUSKAS,HUN,5,4,0,1,0.8,23.52941176470588,14.814814814814811,20.0,0.0,100.0,0.0
Ferenc PUSKAS,HUN,5,4,0,1,0.8,23.52941176470588,14.814814814814811,20.0,0.0,100.0,0.0
Ferenc SAS,HUN,4,0,0,1,0.0,0.0,11.11111111111111,0.0,0.0,100.0,0.0
Ferenc SIPOS,HUN,12,0,1,3,0.0,0.0,40.74074074074074,0.0,50.0,87.5,3.0
Ferenc SZOJKA,HUN,9,0,0,2,0.0,0.0,29.629629629629623,0.0,25.0,100.0,1.0
Ferid CHOUCHANE,TUN,3,0,0,1,0.0,0.0,7.4074074074074066,0.0,0.0,100.0,0.0
Fernand ADAMS,BEL,2,0,0,1,0.0,0.0,3.7037037037037033,0.0,0.0,100.0,
Fernand BUYLE,BEL,1,0,0,1,0.0,0.0,0.0,0.0,0.0,100.0,
Fernand JACCARD,SUI,2,0,0,1,0.0,0.0,3.7037037037037033,0.0,0.0,100.0,
Fernando ALVEZ,URU,8,0,2,2,0.0,0.0,25.925925925925924,0.0,25.0,75.0,1.0
Fernando CACERES,ARG,4,0,2,1,0.0,0.0,11.11111111111111,0.0,0.0,75.0,2.0
Fernando CAMPOS,CHI,3,0,0,1,0.0,0.0,7.4074074074074066,0.0,0.0,100.0,0.0
Fernando CLAVIJO,USA,4,0,5,1,0.0,0.0,11.11111111111111,0.0,0.0,37.5,2.0
Fernando DE NAPOLI,ITA,11,0,1,2,0.0,0.0,37.03703703703704,0.0,25.0,87.5,1.0
Fernando HIERRO,ESP,4,0,0,1,0.0,0.0,11.11111111111111,0.0,0.0,100.0,0.0
Fernando MORENA,URU,3,0,0,1,0.0,0.0,7.4074074074074066,0.0,0.0,100.0,0.0
Fernando OLIVELLA,ESP,3,0,0,1,0.0,0.0,7.4074074074074066,0.0,0.0,100.0,0.0
Fernando PATERNOSTER,ARG,5,0,0,1,0.0,0.0,14.814814814814811,0.0,0.0,100.0,0.0
Fernando QUIRARTE,MEX,5,2,1,1,0.4,11.76470588235294,14.814814814814811,10.0,0.0,87.5,2.0
Fernando REDONDO,ARG,4,0,1,1,0.0,0.0,11.11111111111111,0.0,0.0,87.5,2.0
Fernando RIERA,CHI,3,1,0,1,0.3333333333333333,5.88235294117647,7.4074074074074066,8.333333333333332,0.0,100.0,0.0
Fernando ROLDAN,CHI,3,0,0,1,0.0,0.0,7.4074074074074066,0.0,0.0,100.0,0.0
Filip DE WILDE,BEL,11,0,0,3,0.0,0.0,37.03703703703704,0.0,50.0,100.0,3.0
Filippo INZAGHI,ITA,5,0,0,1,0.0,0.0,14.814814814814811,0.0,0.0,100.0,0.0
Fitzroy SIMPSON,JAM,3,0,0,1,0.0,0.0,7.4074074074074066,0.0,0.0,100.0,0.0
Flavius DOMIDE,ROU,3,0,0,1,0.0,0.0,7.4074074074074066,0.0,0.0,100.0,0.0
Flemming CHRISTENSEN,DEN,4,0,0,1,0.0,0.0,11.11111111111111,0.0,0.0,100.0,0.0
Florea DUMITRACHE,ROU,3,1,0,1,0.3333333333333333,5.88235294117647,7.4074074074074066,8.333333333333332,0.0,100.0,0.0
Florencio AMARILLA,PAR,3,1,0,1,0.3333333333333333,5.88235294117647,7.4074074074074066,8.333333333333332,0.0,100.0,0.0
Florian ALBERT,HUN,8,4,0,2,0.5,23.52941176470588,25.925925925925924,12.5,25.0,100.0,1.0
Florin PRUNEA,ROU,4,0,0,1,0.0,0.0,11.11111111111111,0.0,0.0,100.0,0.0
Florin RADUCIOIU,ROU,9,4,2,2,0.4444444444444444,23.52941176470588,29.629629629629623,11.11111111111111,25.0,75.0,1.0
Francesco GRAZIANI,ITA,14,1,0,2,0.0714285714285714,5.88235294117647,48.14814814814815,1.7857142857142856,25.0,100.0,1.0
Francesco JANICH,ITA,6,0,0,2,0.0,0.0,18.51851851851852,0.0,25.0,100.0,1.0
Francesco MORIERO,ITA,5,0,1,1,0.0,0.0,14.814814814814811,0.0,0.0,87.5,2.0
Francesco MORINI,ITA,3,0,0,1,0.0,0.0,7.4074074074074066,0.0,0.0,100.0,0.0
Francesco RIZZO,ITA,3,0,0,1,0.0,0.0,7.4074074074074066,0.0,0.0,100.0,0.0
Francesco TOLDO,ITA,5,0,0,1,0.0,0.0,14.814814814814811,0.0,0.0,100.0,0.0
Francis LEE,ENG,4,0,2,1,0.0,0.0,11.11111111111111,0.0,0.0,75.0,2.0
Francis RYAN,USA,1,0,0,1,0.0,0.0,0.0,0.0,0.0,100.0,
Francisco AGUIRRE,PAR,2,0,0,1,0.0,0.0,3.7037037037037033,0.0,0.0,100.0,
Francisco ALCARAZ,PAR,4,0,0,1,0.0,0.0,11.11111111111111,0.0,0.0,100.0,0.0
Francisco CAMERA,URU,6,0,0,1,0.0,0.0,18.51851851851852,0.0,0.0,100.0,0.0
Francisco CARRASCO,ESP,5,0,0,1,0.0,0.0,14.814814814814811,0.0,0.0,100.0,0.0
Francisco CASTREJON,MEX,4,0,0,1,0.0,0.0,11.11111111111111,0.0,0.0,100.0,0.0
Francisco CRUZ,MEX,5,0,0,1,0.0,0.0,14.814814814814811,0.0,0.0,100.0,0.0
Francisco FLORES,MEX,3,0,0,1,0.0,0.0,7.4074074074074066,0.0,0.0,100.0,0.0
Francisco GARZA GUTIERREZ,MEX,3,0,0,1,0.0,0.0,7.4074074074074066,0.0,0.0,100.0,0.0
Francisco GENTO,ESP,6,0,0,2,0.0,0.0,18.51851851851852,0.0,25.0,100.0,1.0
Francisco HERNANDEZ,MEX,3,0,0,1,0.0,0.0,7.4074074074074066,0.0,0.0,100.0,0.0
Francisco HERNANDEZ,MEX,3,0,0,1,0.0,0.0,7.4074074074074066,0.0,0.0,100.0,0.0
Francisco HERNANDEZ,SLV,3,0,0,1,0.0,0.0,7.4074074074074066,0.0,0.0,100.0,0.0
Francisco HERNANDEZ,SLV,3,0,0,1,0.0,0.0,7.4074074074074066,0.0,0.0,100.0,0.0
Francisco JARA,MEX,3,0,0,1,0.0,0.0,7.4074074074074066,0.0,0.0,100.0,0.0
Francisco MONTES,MEX,4,0,0,1,0.0,0.0,11.11111111111111,0.0,0.0,100.0,0.0
Francisco OSORTO,SLV,3,0,2,1,0.0,0.0,7.4074074074074066,0.0,0.0,75.0,2.0
Francisco ROJAS,CHI,4,0,2,1,0.0,0.0,11.11111111111111,0.0,0.0,75.0,2.0
Francisco RUA,ARG,1,0,0,1,0.0,0.0,0.0,0.0,0.0,100.0,
Francisco SA,ARG,6,0,0,1,0.0,0.0,18.51851851851852,0.0,0.0,100.0,0.0
Francisco SOSA,PAR,2,0,0,1,0.0,0.0,3.7037037037037033,0.0,0.0,100.0,
Francisco URIA,ESP,3,0,0,1,0.0,0.0,7.4074074074074066,0.0,0.0,100.0,0.0
Francisco URROZ,CHI,3,0,0,1,0.0,0.0,7.4074074074074066,0.0,0.0,100.0,0.0
Francisco URRUTICOECHEA,ESP,13,0,0,3,0.0,0.0,44.44444444444444,0.0,50.0,100.0,3.0
Francisco VALDES,CHI,6,0,0,2,0.0,0.0,18.51851851851852,0.0,25.0,100.0,1.0
Francisco VARALLO,ARG,5,1,0,1,0.2,5.88235294117647,14.814814814814811,5.0,0.0,100.0,0.0
Francisco VILLARROYA,ESP,4,0,1,1,0.0,0.0,11.11111111111111,0.0,0.0,87.5,2.0
Francisco ZULUAGA,COL,3,0,0,1,0.0,0.0,7.4074074074074066,0.0,0.0,100.0,0.0
Franco BARESI,ITA,21,0,0,3,0.0,0.0,74.07407407407408,0.0,50.0,100.0,3.0
Franco CAUSIO,ITA,17,1,0,3,0.0588235294117647,5.88235294117647,59.25925925925925,1.4705882352941175,50.0,100.0,3.0
Franco NAVARRO,PER,3,0,0,1,0.0,0.0,7.4074074074074066,0.0,0.0,100.0,0.0
Franco SELVAGGI,ITA,7,0,0,1,0.0,0.0,22.22222222222222,0.0,0.0,100.0,0.0
Franco TANCREDI,ITA,4,0,0,1,0.0,0.0,11.11111111111111,0.0,0.0,100.0,0.0
Francois BOURBOTTE,FRA,2,0,0,1,0.0,0.0,3.7037037037037033,0.0,0.0,100.0,
Francois BRACCI,FRA,3,0,0,1,0.0,0.0,7.4074074074074066,0.0,0.0,100.0,0.0
Francois DE VRIES,BEL,1,0,0,1,0.0,0.0,0.0,0.0,0.0,100.0,
Francois JANSSENS,BEL,3,0,0,1,0.0,0.0,7.4074074074074066,0.0,0.0,100.0,0.0
Francois NDOUMBE LEA,CMR,3,0,0,1,0.0,0.0,7.4074074074074066,0.0,0.0,100.0,0.0
Francois OMAM-BIYIK,CMR,8,1,0,2,0.125,5.88235294117647,25.925925925925924,3.125,25.0,100.0,1.0
Francois REMETTER,FRA,8,0,0,2,0.0,0.0,25.925925925925924,0.0,25.0,100.0,1.0
Francois VAN DER ELST,BEL,4,0,0,1,0.0,0.0,11.11111111111111,0.0,0.0,100.0,0.0
Franjo VLADIC,YUG,6,0,0,1,0.0,0.0,18.51851851851852,0.0,0.0,100.0,0.0
Frank ARNESEN,DEN,4,0,2,1,0.0,0.0,11.11111111111111,0.0,0.0,75.0,2.0
Frank BORGHI,USA,3,0,0,1,0.0,0.0,7.4074074074074066,0.0,0.0,100.0,0.0
Frank GRAY,SCO,3,0,0,1,0.0,0.0,7.4074074074074066,0.0,0.0,100.0,0.0
Frank KLOPAS,USA,4,0,0,1,0.0,0.0,11.11111111111111,0.0,0.0,100.0,0.0
Frank LEBOEUF,FRA,7,0,0,1,0.0,0.0,22.22222222222222,0.0,0.0,100.0,0.0
Frank MILL,FRG,7,0,0,1,0.0,0.0,22.22222222222222,0.0,0.0,100.0,0.0
Frank McAVENNIE,SCO,3,0,0,1,0.0,0.0,7.4074074074074066,0.0,0.0,100.0,0.0
Frank RIJKAARD,NED,9,0,4,2,0.0,0.0,29.629629629629623,0.0,25.0,50.0,2.0
Frank SECHEHAYE,SUI,2,0,0,1,0.0,0.0,3.7037037037037033,0.0,0.0,100.0,
Frank SINCLAIR,JAM,3,0,0,1,0.0,0.0,7.4074074074074066,0.0,0.0,100.0,0.0
Frank STAPLETON,IRL,5,0,0,1,0.0,0.0,14.814814814814811,0.0,0.0,100.0,0.0
Frank VAN HATTUM,NZL,3,0,0,1,0.0,0.0,7.4074074074074066,0.0,0.0,100.0,0.0
Frank VAUGHN,USA,3,0,0,1,0.0,0.0,7.4074074074074066,0.0,0.0,100.0,0.0
Frank VERCAUTEREN,BEL,12,1,0,2,0.0833333333333333,5.88235294117647,40.74074074074074,2.083333333333333,25.0,100.0,1.0
Frank WALLACE,USA,3,1,0,1,0.3333333333333333,5.88235294117647,7.4074074074074066,8.333333333333332,0.0,100.0,0.0
Frank WELS,NED,2,0,0,2,0.0,0.0,3.7037037037037033,0.0,25.0,100.0,
Frankie HEJDUK,USA,3,0,1,1,0.0,0.0,7.4074074074074066,0.0,0.0,87.5,2.0
Franky VAN DER ELST,BEL,14,0,1,3,0.0,0.0,48.14814814814815,0.0,50.0,87.5,3.0
Frans GOMMERS,BEL,1,0,0,1,0.0,0.0,0.0,0.0,0.0,100.0,
Frans HOGENBIRK,NED,1,0,0,1,0.0,0.0,0.0,0.0,0.0,100.0,
Frans HUKON,INH,1,0,0,1,0.0,0.0,0.0,0.0,0.0,100.0,
Frans MEENG,INH,1,0,0,1,0.0,0.0,0.0,0.0,0.0,100.0,
Frans PEERAER,BEL,1,0,0,1,0.0,0.0,0.0,0.0,0.0,100.0,
Frans VAN DER VEEN,NED,1,0,0,1,0.0,0.0,0.0,0.0,0.0,100.0,
Frantisek JAKUBEC,TCH,3,0,0,1,0.0,0.0,7.4074074074074066,0.0,0.0,100.0,0.0
Frantisek JUNEK,TCH,4,0,0,1,0.0,0.0,11.11111111111111,0.0,0.0,100.0,0.0
Frantisek PLANICKA,TCH,7,0,0,2,0.0,0.0,22.22222222222222,0.0,25.0,100.0,1.0
Frantisek SAFRANEK,TCH,6,0,0,2,0.0,0.0,18.51851851851852,0.0,25.0,100.0,1.0
Frantisek SCHMUCKER,TCH,6,0,0,1,0.0,0.0,18.51851851851852,0.0,0.0,100.0,0.0
Frantisek STAMBACHER,TCH,3,0,0,1,0.0,0.0,7.4074074074074066,0.0,0.0,100.0,0.0
Frantisek STRAKA,TCH,5,0,2,1,0.0,0.0,14.814814814814811,0.0,0.0,75.0,2.0
Frantisek SVOBODA,TCH,4,1,0,1,0.25,5.88235294117647,11.11111111111111,6.25,0.0,100.0,0.0
Frantisek VESELY,TCH,3,0,0,1,0.0,0.0,7.4074074074074066,0.0,0.0,100.0,0.0
Franz BECKENBAUER,FRG,19,5,2,3,0.2631578947368421,29.411764705882355,66.66666666666666,6.578947368421052,50.0,75.0,3.0
Franz CISAR,AUT,4,0,0,1,0.0,0.0,11.11111111111111,0.0,0.0,100.0,0.0
Franz DIENERT,GER,4,0,0,1,0.0,0.0,11.11111111111111,0.0,0.0,100.0,0.0
Franz OBERACHER,AUT,6,0,0,1,0.0,0.0,18.51851851851852,0.0,0.0,100.0,0.0
Franz PELIKAN,AUT,5,0,0,1,0.0,0.0,14.814814814814811,0.0,0.0,100.0,0.0
Franz SWOBODA,AUT,3,0,0,1,0.0,0.0,7.4074074074074066,0.0,0.0,100.0,0.0
Franz WAGNER,AUT,4,0,0,1,0.0,0.0,11.11111111111111,0.0,0.0,100.0,0.0
Franz WAGNER,GER,2,0,0,1,0.0,0.0,3.7037037037037033,0.0,0.0,100.0,0.0
Franz WOHLFAHRT,AUT,3,0,0,1,0.0,0.0,7.4074074074074066,0.0,0.0,100.0,0.0
Fred MARTIN,SCO,2,0,0,1,0.0,0.0,3.7037037037037033,0.0,0.0,100.0,
Freddy RINCON,COL,4,1,0,1,0.25,5.88235294117647,11.11111111111111,6.25,0.0,100.0,0.0
Fredy BICKEL,SUI,6,1,0,2,0.1666666666666666,5.88235294117647,18.51851851851852,4.166666666666666,25.0,100.0,1.0
Friedel LUTZ,FRG,6,0,0,1,0.0,0.0,18.51851851851852,0.0,0.0,100.0,0.0
Friederich FRANZL,AUT,4,0,0,1,0.0,0.0,11.11111111111111,0.0,0.0,100.0,0.0
Friedl KONCILIA,AUT,11,0,0,2,0.0,0.0,37.03703703703704,0.0,25.0,100.0,1.0
Fritz ANDRE,HAI,3,0,0,1,0.0,0.0,7.4074074074074066,0.0,0.0,100.0,0.0
Fritz BUCHLOH,GER,6,0,0,2,0.0,0.0,18.51851851851852,0.0,25.0,100.0,1.0
Fritz HERKENRATH,FRG,6,0,0,1,0.0,0.0,18.51851851851852,0.0,0.0,100.0,0.0
Fritz KEHL,SUI,3,0,0,1,0.0,0.0,7.4074074074074066,0.0,0.0,100.0,0.0
Fritz KELLER,FRA,1,0,0,1,0.0,0.0,0.0,0.0,0.0,100.0,
Fritz KUENZLI,SUI,3,0,0,1,0.0,0.0,7.4074074074074066,0.0,0.0,100.0,0.0
Fritz LABAND,FRG,6,0,0,1,0.0,0.0,18.51851851851852,0.0,0.0,100.0,0.0
Fritz LEANDRE,HAI,3,0,1,1,0.0,0.0,7.4074074074074066,0.0,0.0,87.5,2.0
Fritz MORF,SUI,3,0,0,1,0.0,0.0,7.4074074074074066,0.0,0.0,100.0,0.0
Fritz SZEPAN,GER,6,0,0,2,0.0,0.0,18.51851851851852,0.0,25.0,100.0,1.0
Fritz WAGNER,SUI,3,0,0,1,0.0,0.0,7.4074074074074066,0.0,0.0,100.0,0.0
Fritz WALTER,FRG,12,1,0,2,0.0833333333333333,5.88235294117647,40.74074074074074,2.083333333333333,25.0,100.0,1.0
Frode GRODAS,NOR,3,0,0,1,0.0,0.0,7.4074074074074066,0.0,0.0,100.0,0.0
Fryedryk SZERFKE,POL,1,0,0,1,0.0,0.0,0.0,0.0,0.0,100.0,
Fulvio COLLOVATI,ITA,11,0,1,2,0.0,0.0,37.03703703703704,0.0,25.0,87.5,1.0
Fulvio NESTI,ITA,3,1,0,1,0.3333333333333333,5.88235294117647,7.4074074074074066,8.333333333333332,0.0,100.0,0.0
G DOS SANTOS,MEX,4,0,0,1,0.0,0.0,11.11111111111111,0.0,0.0,100.0,0.0
G FRANCO,MEX,4,0,1,1,0.0,0.0,11.11111111111111,0.0,0.0,87.5,2.0
G OCHOA,MEX,4,0,0,1,0.0,0.0,11.11111111111111,0.0,0.0,100.0,0.0
G TORRADO,MEX,4,0,1,1,0.0,0.0,11.11111111111111,0.0,0.0,87.5,2.0
G W YU,CHN,3,0,0,1,0.0,0.0,7.4074074074074066,0.0,0.0,100.0,0.0
G. CABALLERO,MEX,4,0,0,1,0.0,0.0,11.11111111111111,0.0,0.0,100.0,0.0
G. DOS SANTOS,MEX,4,2,0,1,0.5,11.76470588235294,11.11111111111111,12.5,0.0,100.0,0.0
G. ESPINOZA,ECU,4,0,0,1,0.0,0.0,11.11111111111111,0.0,0.0,100.0,0.0
G. FAULHABER,INH,1,0,0,1,0.0,0.0,0.0,0.0,0.0,100.0,
G. FRANCO,MEX,4,0,0,1,0.0,0.0,11.11111111111111,0.0,0.0,100.0,0.0
G. IVANOV,BUL,3,0,0,1,0.0,0.0,7.4074074074074066,0.0,0.0,100.0,0.0
G. KELLY,IRL,4,0,0,1,0.0,0.0,11.11111111111111,0.0,0.0,100.0,0.0
G. NEVILLE,ENG,5,0,0,1,0.0,0.0,14.814814814814811,0.0,0.0,100.0,0.0
G. OCHOA,MEX,8,0,0,2,0.0,0.0,25.925925925925924,0.0,25.0,100.0,1.0
G. PINEDA,MEX,4,0,1,1,0.0,0.0,11.11111111111111,0.0,0.0,87.5,2.0
G. RAMIREZ,URU,4,0,0,1,0.0,0.0,11.11111111111111,0.0,0.0,100.0,0.0
G. SAKAI,JPN,3,0,0,1,0.0,0.0,7.4074074074074066,0.0,0.0,100.0,0.0
G. SILVA,BRA,5,0,0,1,0.0,0.0,14.814814814814811,0.0,0.0,100.0,0.0
G. TORRADO,MEX,8,1,3,2,0.125,5.88235294117647,25.925925925925924,3.125,25.0,62.5,1.0
G. VAN DEN BURGH,INH,1,0,0,1,0.0,0.0,0.0,0.0,0.0,100.0,
G. VILLA,MEX,4,0,0,1,0.0,0.0,11.11111111111111,0.0,0.0,100.0,0.0
G.DE LOS SANTOS,URU,3,0,0,1,0.0,0.0,7.4074074074074066,0.0,0.0,100.0,0.0
G.GUIGOU,URU,3,0,0,1,0.0,0.0,7.4074074074074066,0.0,0.0,100.0,0.0
G.MENDEZ,URU,3,0,1,1,0.0,0.0,7.4074074074074066,0.0,0.0,87.5,2.0
G.MUNUA,URU,3,0,0,1,0.0,0.0,7.4074074074074066,0.0,0.0,100.0,0.0
G.SILVA,BRA,5,0,0,1,0.0,0.0,14.814814814814811,0.0,0.0,100.0,0.0
G.SORONDO,URU,3,0,0,1,0.0,0.0,7.4074074074074066,0.0,0.0,100.0,0.0
G.VARELA,URU,3,0,0,1,0.0,0.0,7.4074074074074066,0.0,0.0,100.0,0.0
GABRIEL,NGA,4,0,0,1,0.0,0.0,11.11111111111111,0.0,0.0,100.0,0.0
GABRIEL ALONSO,ESP,6,0,0,1,0.0,0.0,18.51851851851852,0.0,0.0,100.0,0.0
GABSI,TUN,3,0,2,1,0.0,0.0,7.4074074074074066,0.0,0.0,75.0,2.0
GAGO,ARG,7,0,0,1,0.0,0.0,22.22222222222222,0.0,0.0,100.0,0.0
GAINZA,ESP,6,0,0,1,0.0,0.0,18.51851851851852,0.0,0.0,100.0,0.0
GAJSER,SVN,3,0,0,1,0.0,0.0,7.4074074074074066,0.0,0.0,100.0,0.0
GALASEK,CZE,3,0,0,1,0.0,0.0,7.4074074074074066,0.0,0.0,100.0,0.0
GALEKOVIC,AUS,6,0,0,2,0.0,0.0,18.51851851851852,0.0,25.0,100.0,1.0
GALIC,SVN,3,0,0,1,0.0,0.0,7.4074074074074066,0.0,0.0,100.0,0.0
GALLARDO,ARG,3,0,0,1,0.0,0.0,7.4074074074074066,0.0,0.0,100.0,0.0
GALLAS,FRA,10,0,0,2,0.0,0.0,33.33333333333333,0.0,25.0,100.0,1.0
GALLEGO,ESP,3,0,0,1,0.0,0.0,7.4074074074074066,0.0,0.0,100.0,0.0
GAMAN,KSA,3,0,0,1,0.0,0.0,7.4074074074074066,0.0,0.0,100.0,0.0
GAMARRA,PAR,16,0,0,4,0.0,0.0,55.55555555555556,0.0,75.0,100.0,3.0
GAMBOA C.,CRC,5,0,0,1,0.0,0.0,14.814814814814811,0.0,0.0,100.0,0.0
GANCARCZYK,POL,3,0,0,1,0.0,0.0,7.4074074074074066,0.0,0.0,100.0,0.0
GAOUAOUI,ALG,3,0,0,1,0.0,0.0,7.4074074074074066,0.0,0.0,100.0,0.0
GARAY,ARG,7,0,2,1,0.0,0.0,22.22222222222222,0.0,0.0,75.0,2.0
GARAY,ARG,7,0,2,1,0.0,0.0,22.22222222222222,0.0,0.0,75.0,0.0
GARAY,ESP,3,0,0,1,0.0,0.0,7.4074074074074066,0.0,0.0,100.0,2.0
GARAY,ESP,3,0,0,1,0.0,0.0,7.4074074074074066,0.0,0.0,100.0,0.0
GARCE,ARG,5,0,0,1,0.0,0.0,14.814814814814811,0.0,0.0,100.0,0.0
GARCIA,AUS,3,0,0,1,0.0,0.0,7.4074074074074066,0.0,0.0,100.0,0.0
GARCIA,AUS,3,0,0,1,0.0,0.0,7.4074074074074066,0.0,0.0,100.0,0.0
GARCIA,AUS,3,0,0,1,0.0,0.0,7.4074074074074066,0.0,0.0,100.0,2.0
GARCIA,HON,3,0,0,1,0.0,0.0,7.4074074074074066,0.0,0.0,100.0,0.0
GARCIA,HON,3,0,0,1,0.0,0.0,7.4074074074074066,0.0,0.0,100.0,0.0
GARCIA,HON,3,0,0,1,0.0,0.0,7.4074074074074066,0.0,0.0,100.0,2.0
GARCIA,MEX,8,2,5,2,0.25,11.76470588235294,25.925925925925924,6.25,25.0,37.5,0.0
GARCIA,MEX,8,2,5,2,0.25,11.76470588235294,25.925925925925924,6.25,25.0,37.5,0.0
GARCIA,MEX,8,2,5,2,0.25,11.76470588235294,25.925925925925924,6.25,25.0,37.5,2.0
GARCIA ASPE,MEX,4,0,2,1,0.0,0.0,11.11111111111111,0.0,0.0,75.0,2.0
GARGANO,URU,7,0,0,1,0.0,0.0,22.22222222222222,0.0,0.0,100.0,0.0
GARRIDO,HON,3,0,1,1,0.0,0.0,7.4074074074074066,0.0,0.0,87.5,2.0
GARRINCHA,BRA,15,5,1,3,0.3333333333333333,29.411764705882355,51.85185185185185,8.333333333333332,50.0,87.5,3.0
GATTUSO,ITA,14,0,2,3,0.0,0.0,48.14814814814815,0.0,50.0,75.0,3.0
GAVILAN,PAR,7,0,1,2,0.0,0.0,22.22222222222222,0.0,25.0,87.5,1.0
GAVRANCIC,SCG,3,0,2,1,0.0,0.0,7.4074074074074066,0.0,0.0,75.0,2.0
GAVRANOVIC,SUI,4,0,0,1,0.0,0.0,11.11111111111111,0.0,0.0,100.0,0.0
GAXA,RSA,3,0,0,1,0.0,0.0,7.4074074074074066,0.0,0.0,100.0,0.0
GBOHOUO,CIV,3,0,0,1,0.0,0.0,7.4074074074074066,0.0,0.0,100.0,0.0
GEKAS,GRE,7,0,0,2,0.0,0.0,22.22222222222222,0.0,25.0,100.0,1.0
GEREMI,CMR,3,0,1,1,0.0,0.0,7.4074074074074066,0.0,0.0,87.5,2.0
GERMANO,BRA,1,0,0,1,0.0,0.0,0.0,0.0,0.0,100.0,0.0
GERMANO,POR,6,0,0,1,0.0,0.0,18.51851851851852,0.0,0.0,100.0,0.0
GERRARD,ENG,12,3,3,3,0.25,17.647058823529413,40.74074074074074,6.25,50.0,62.5,3.0
GERSON,BRA,9,1,1,2,0.1111111111111111,5.88235294117647,29.629629629629623,2.7777777777777777,25.0,87.5,1.0
GERVINHO,CIV,6,2,0,2,0.3333333333333333,11.76470588235294,18.51851851851852,8.333333333333332,25.0,100.0,1.0
GHASEM. H,IRN,3,0,0,1,0.0,0.0,7.4074074074074066,0.0,0.0,100.0,0.0
GHEZZAL,ALG,3,0,4,1,0.0,0.0,7.4074074074074066,0.0,0.0,50.0,2.0
GHILAS,ALG,4,0,1,1,0.0,0.0,11.11111111111111,0.0,0.0,87.5,2.0
GHODBANE,TUN,3,0,0,1,0.0,0.0,7.4074074074074066,0.0,0.0,100.0,0.0
GHODHBANE,TUN,3,0,1,1,0.0,0.0,7.4074074074074066,0.0,0.0,87.5,2.0
GHOULAM,ALG,4,0,0,1,0.0,0.0,11.11111111111111,0.0,0.0,100.0,0.0
GIGNAC,FRA,3,0,0,1,0.0,0.0,7.4074074074074066,0.0,0.0,100.0,0.0
GIL,BRA,7,0,0,1,0.0,0.0,22.22222222222222,0.0,0.0,100.0,0.0
GILARDINO,ITA,10,1,0,2,0.1,5.88235294117647,33.33333333333333,2.5,25.0,100.0,1.0
GILBERTO,BRA,17,1,2,3,0.0588235294117647,5.88235294117647,59.25925925925925,1.4705882352941175,50.0,75.0,3.0
GILMAR (Gilmar Dos Santos Neves),BRA,15,0,0,3,0.0,0.0,51.85185185185185,0.0,50.0,100.0,3.0
GILMAR RINALDI,BRA,7,0,0,1,0.0,0.0,22.22222222222222,0.0,0.0,100.0,0.0
GINTER,GER,7,0,0,1,0.0,0.0,22.22222222222222,0.0,0.0,100.0,0.0
GIOVANNI,BRA,7,0,0,1,0.0,0.0,22.22222222222222,0.0,0.0,100.0,0.0
GIROUD,FRA,5,1,0,1,0.2,5.88235294117647,14.814814814814811,5.0,0.0,100.0,0.0
GIVEN,IRL,4,0,0,1,0.0,0.0,11.11111111111111,0.0,0.0,100.0,0.0
GIVET,FRA,7,0,0,1,0.0,0.0,22.22222222222222,0.0,0.0,100.0,0.0
GIZA,POL,3,0,0,1,0.0,0.0,7.4074074074074066,0.0,0.0,100.0,0.0
GLEN,TRI,3,0,0,1,0.0,0.0,7.4074074074074066,0.0,0.0,100.0,0.0
GLOWACKI,POL,3,0,0,1,0.0,0.0,7.4074074074074066,0.0,0.0,100.0,0.0
GLUSHAKOV,RUS,3,0,1,1,0.0,0.0,7.4074074074074066,0.0,0.0,87.5,2.0
GLYKOS,GRE,4,0,0,1,0.0,0.0,11.11111111111111,0.0,0.0,100.0,0.0
GNANHOUAN,CIV,3,0,0,1,0.0,0.0,7.4074074074074066,0.0,0.0,100.0,0.0
GODIN,URU,7,0,0,1,0.0,0.0,22.22222222222222,0.0,0.0,100.0,0.0
GOHOURI,CIV,3,0,0,1,0.0,0.0,7.4074074074074066,0.0,0.0,100.0,0.0
GOIKO,ESP,5,0,2,1,0.0,0.0,14.814814814814811,0.0,0.0,75.0,2.0
GOIKOETXEA,ESP,5,2,1,1,0.4,11.76470588235294,14.814814814814811,10.0,0.0,87.5,2.0
GOMES,BRA,5,0,0,1,0.0,0.0,14.814814814814811,0.0,0.0,100.0,0.0
GOMES,BRA,5,0,0,1,0.0,0.0,14.814814814814811,0.0,0.0,100.0,2.0
GOMES,POR,3,0,1,1,0.0,0.0,7.4074074074074066,0.0,0.0,87.5,0.0
GOMES,POR,3,0,1,1,0.0,0.0,7.4074074074074066,0.0,0.0,87.5,2.0
GOMEZ,CRC,3,2,1,1,0.6666666666666666,11.76470588235294,7.4074074074074066,16.666666666666664,0.0,87.5,2.0
GOMEZ,CRC,3,2,1,1,0.6666666666666666,11.76470588235294,7.4074074074074066,16.666666666666664,0.0,87.5,0.0
GOMEZ,CRC,3,2,1,1,0.6666666666666666,11.76470588235294,7.4074074074074066,16.666666666666664,0.0,87.5,0.0
GOMEZ,CRC,3,2,1,1,0.6666666666666666,11.76470588235294,7.4074074074074066,16.666666666666664,0.0,87.5,0.0
GOMEZ,CRC,3,2,1,1,0.6666666666666666,11.76470588235294,7.4074074074074066,16.666666666666664,0.0,87.5,0.0
GOMEZ,ECU,3,0,0,1,0.0,0.0,7.4074074074074066,0.0,0.0,100.0,2.0
GOMEZ,ECU,3,0,0,1,0.0,0.0,7.4074074074074066,0.0,0.0,100.0,0.0
GOMEZ,ECU,3,0,0,1,0.0,0.0,7.4074074074074066,0.0,0.0,100.0,0.0
GOMEZ,ECU,3,0,0,1,0.0,0.0,7.4074074074074066,0.0,0.0,100.0,0.0
GOMEZ,ECU,3,0,0,1,0.0,0.0,7.4074074074074066,0.0,0.0,100.0,0.0
GOMEZ,GER,7,0,0,1,0.0,0.0,22.22222222222222,0.0,0.0,100.0,2.0
GOMEZ,GER,7,0,0,1,0.0,0.0,22.22222222222222,0.0,0.0,100.0,0.0
GOMEZ,GER,7,0,0,1,0.0,0.0,22.22222222222222,0.0,0.0,100.0,0.0
GOMEZ,GER,7,0,0,1,0.0,0.0,22.22222222222222,0.0,0.0,100.0,0.0
GOMEZ,GER,7,0,0,1,0.0,0.0,22.22222222222222,0.0,0.0,100.0,0.0
GOMEZ,PAR,3,0,0,1,0.0,0.0,7.4074074074074066,0.0,0.0,100.0,2.0
GOMEZ,PAR,3,0,0,1,0.0,0.0,7.4074074074074066,0.0,0.0,100.0,0.0
GOMEZ,PAR,3,0,0,1,0.0,0.0,7.4074074074074066,0.0,0.0,100.0,0.0
GOMEZ,PAR,3,0,0,1,0.0,0.0,7.4074074074074066,0.0,0.0,100.0,0.0
GOMEZ,PAR,3,0,0,1,0.0,0.0,7.4074074074074066,0.0,0.0,100.0,0.0
GOMEZ,USA,4,0,0,1,0.0,0.0,11.11111111111111,0.0,0.0,100.0,2.0
GOMEZ,USA,4,0,0,1,0.0,0.0,11.11111111111111,0.0,0.0,100.0,0.0
GOMEZ,USA,4,0,0,1,0.0,0.0,11.11111111111111,0.0,0.0,100.0,0.0
GOMEZ,USA,4,0,0,1,0.0,0.0,11.11111111111111,0.0,0.0,100.0,0.0
GOMEZ,USA,4,0,0,1,0.0,0.0,11.11111111111111,0.0,0.0,100.0,0.0
GOMEZ R.,CRC,3,1,1,1,0.3333333333333333,5.88235294117647,7.4074074074074066,8.333333333333332,0.0,87.5,2.0
GONALVES,BRA,7,0,0,1,0.0,0.0,22.22222222222222,0.0,0.0,100.0,0.0
GONDA,JPN,3,0,0,1,0.0,0.0,7.4074074074074066,0.0,0.0,100.0,0.0
GONZALEZ,ARG,8,0,2,2,0.0,0.0,25.925925925925924,0.0,25.0,75.0,1.0
GONZALEZ,ARG,8,0,2,2,0.0,0.0,25.925925925925924,0.0,25.0,75.0,2.0
GONZALEZ,USA,4,0,1,1,0.0,0.0,11.11111111111111,0.0,0.0,87.5,1.0
GONZALEZ,USA,4,0,1,1,0.0,0.0,11.11111111111111,0.0,0.0,87.5,2.0
GONZALEZ G.,CRC,5,0,3,1,0.0,0.0,14.814814814814811,0.0,0.0,62.5,2.0
GONZALEZ L.,CRC,3,0,1,1,0.0,0.0,7.4074074074074066,0.0,0.0,87.5,2.0
GONZALVO II,ESP,6,0,0,1,0.0,0.0,18.51851851851852,0.0,0.0,100.0,0.0
GONZALVO III,ESP,6,0,0,1,0.0,0.0,18.51851851851852,0.0,0.0,100.0,0.0
GOODSON,USA,4,0,0,1,0.0,0.0,11.11111111111111,0.0,0.0,100.0,0.0
GOOR,BEL,4,0,0,1,0.0,0.0,11.11111111111111,0.0,0.0,100.0,0.0
GOPANE,RSA,2,0,0,1,0.0,0.0,3.7037037037037033,0.0,0.0,100.0,
GOROSTIZA,ESP,3,0,0,1,0.0,0.0,7.4074074074074066,0.0,0.0,100.0,0.0
GOSSO,CIV,3,0,0,1,0.0,0.0,7.4074074074074066,0.0,0.0,100.0,0.0
GOURCUFF,FRA,3,0,1,1,0.0,0.0,7.4074074074074066,0.0,0.0,87.5,2.0
GOVOU,FRA,10,0,0,2,0.0,0.0,33.33333333333333,0.0,25.0,100.0,1.0
GRACIA,ESP,3,0,0,1,0.0,0.0,7.4074074074074066,0.0,0.0,100.0,0.0
GRADEL,CIV,3,0,0,1,0.0,0.0,7.4074074074074066,0.0,0.0,100.0,0.0
GRAFITE,BRA,5,0,0,1,0.0,0.0,14.814814814814811,0.0,0.0,100.0,0.0
GRANADOS O.,CRC,5,0,2,1,0.0,0.0,14.814814814814811,0.0,0.0,75.0,2.0
GRANAT,RUS,3,0,0,1,0.0,0.0,7.4074074074074066,0.0,0.0,100.0,0.0
GRAVESEN,DEN,4,0,0,1,0.0,0.0,11.11111111111111,0.0,0.0,100.0,0.0
GRAY,TRI,3,0,1,1,0.0,0.0,7.4074074074074066,0.0,0.0,87.5,2.0
GREEN,ENG,4,0,0,1,0.0,0.0,11.11111111111111,0.0,0.0,100.0,0.0
GREEN,ENG,4,0,0,1,0.0,0.0,11.11111111111111,0.0,0.0,100.0,0.0
GREEN,USA,4,2,0,1,0.5,11.76470588235294,11.11111111111111,12.5,0.0,100.0,0.0
GREEN,USA,4,2,0,1,0.5,11.76470588235294,11.11111111111111,12.5,0.0,100.0,0.0
GRELLA,AUS,7,0,2,2,0.0,0.0,22.22222222222222,0.0,25.0,75.0,1.0
GRICHTING,SUI,7,0,1,2,0.0,0.0,22.22222222222222,0.0,25.0,87.5,1.0
GRIEZMANN,FRA,5,0,0,1,0.0,0.0,14.814814814814811,0.0,0.0,100.0,0.0
GRNKJR,DEN,3,0,0,1,0.0,0.0,7.4074074074074066,0.0,0.0,100.0,0.0
GRODS,NOR,4,0,0,1,0.0,0.0,11.11111111111111,0.0,0.0,100.0,0.0
GROKREUTZ,GER,7,0,0,1,0.0,0.0,22.22222222222222,0.0,0.0,100.0,0.0
GRONKJAER,DEN,4,0,0,1,0.0,0.0,11.11111111111111,0.0,0.0,100.0,0.0
GROSSO,ITA,7,1,1,1,0.1428571428571428,5.88235294117647,22.22222222222222,3.571428571428571,0.0,87.5,2.0
GRUEZO,ECU,3,0,0,1,0.0,0.0,7.4074074074074066,0.0,0.0,100.0,0.0
GRYGERA,CZE,3,0,1,1,0.0,0.0,7.4074074074074066,0.0,0.0,87.5,2.0
GTZE,GER,7,3,0,1,0.4285714285714285,17.647058823529413,22.22222222222222,10.714285714285714,0.0,100.0,0.0
GU Sang Bum,KOR,6,0,0,2,0.0,0.0,18.51851851851852,0.0,25.0,100.0,1.0
GUAGUA,ECU,3,0,0,1,0.0,0.0,7.4074074074074066,0.0,0.0,100.0,0.0
GUARIN,COL,5,0,1,1,0.0,0.0,14.814814814814811,0.0,0.0,87.5,2.0
GUEDIOURA,ALG,3,0,0,1,0.0,0.0,7.4074074074074066,0.0,0.0,100.0,0.0
GUEMAMDIA,TUN,3,0,1,1,0.0,0.0,7.4074074074074066,0.0,0.0,87.5,2.0
GUERRON,ECU,3,0,1,1,0.0,0.0,7.4074074074074066,0.0,0.0,87.5,2.0
GUEVARRA,HON,3,0,0,1,0.0,0.0,7.4074074074074066,0.0,0.0,100.0,0.0
GUSIEV,UKR,5,0,0,1,0.0,0.0,14.814814814814811,0.0,0.0,100.0,0.0
GUSIN,UKR,5,0,0,1,0.0,0.0,14.814814814814811,0.0,0.0,100.0,0.0
GUTIRREZ,CHI,4,0,0,1,0.0,0.0,11.11111111111111,0.0,0.0,100.0,0.0
GUZAN,USA,8,0,0,2,0.0,0.0,25.925925925925924,0.0,25.0,100.0,1.0
GYGAX,SUI,4,0,0,1,0.0,0.0,11.11111111111111,0.0,0.0,100.0,0.0
Gabelo CONEJO,CRC,4,0,0,1,0.0,0.0,11.11111111111111,0.0,0.0,100.0,0.0
Gabor POLOSKEI,HUN,3,2,0,1,0.6666666666666666,11.76470588235294,7.4074074074074066,16.666666666666664,0.0,100.0,0.0
Gabor SZABO,HUN,2,0,0,1,0.0,0.0,3.7037037037037033,0.0,0.0,100.0,
Gabriel BATISTUTA,ARG,5,3,0,1,0.6,17.647058823529413,14.814814814814811,15.0,0.0,100.0,0.0
Gabriel CALDERON,ARG,12,0,0,2,0.0,0.0,40.74074074074074,0.0,25.0,100.0,1.0
Gabriel DE MICHELE,FRA,3,0,0,1,0.0,0.0,7.4074074074074066,0.0,0.0,100.0,0.0
Gabriel GOMEZ,COL,7,0,2,2,0.0,0.0,22.22222222222222,0.0,25.0,75.0,1.0
Gabriel NUNEZ,MEX,3,0,0,1,0.0,0.0,7.4074074074074066,0.0,0.0,100.0,0.0
Gabriele ORIALI,ITA,7,0,2,1,0.0,0.0,22.22222222222222,0.0,0.0,75.0,2.0
Gaetano SCIREA,ITA,18,0,2,3,0.0,0.0,62.96296296296296,0.0,50.0,75.0,3.0
Galimzyan KHUSAINOV,URS,10,0,1,2,0.0,0.0,33.33333333333333,0.0,25.0,87.5,1.0
Gamal ABDELHAMID,EGY,3,0,0,1,0.0,0.0,7.4074074074074066,0.0,0.0,100.0,0.0
Garba LAWAL,NGA,4,0,0,1,0.0,0.0,11.11111111111111,0.0,0.0,100.0,0.0
Gareth SOUTHGATE,ENG,4,0,0,1,0.0,0.0,11.11111111111111,0.0,0.0,100.0,0.0
Gary A. STEVENS,ENG,5,0,0,1,0.0,0.0,14.814814814814811,0.0,0.0,100.0,0.0
Gary BAILEY,ENG,5,0,0,1,0.0,0.0,14.814814814814811,0.0,0.0,100.0,0.0
Gary GILLESPIE,SCO,3,0,0,1,0.0,0.0,7.4074074074074066,0.0,0.0,100.0,0.0
Gary KELLY,IRL,4,0,1,1,0.0,0.0,11.11111111111111,0.0,0.0,87.5,2.0
Gary LINEKER,ENG,12,8,0,2,0.6666666666666666,47.05882352941176,40.74074074074074,16.666666666666664,25.0,100.0,1.0
Gary MANUEL,AUS,3,0,0,1,0.0,0.0,7.4074074074074066,0.0,0.0,100.0,0.0
Gary McALLISTER,SCO,3,0,0,1,0.0,0.0,7.4074074074074066,0.0,0.0,100.0,0.0
Gary NEVILLE,ENG,4,0,0,1,0.0,0.0,11.11111111111111,0.0,0.0,100.0,0.0
Gary STEVENS,ENG,12,0,0,2,0.0,0.0,40.74074074074074,0.0,25.0,100.0,1.0
Gaston TAUMENT,NED,5,1,0,1,0.2,5.88235294117647,14.814814814814811,5.0,0.0,100.0,0.0
Gavril BALINT,ROU,4,2,0,1,0.5,11.76470588235294,11.11111111111111,12.5,0.0,100.0,0.0
Gejus VAN DER MEULEN,NED,1,0,0,1,0.0,0.0,0.0,0.0,0.0,100.0,
Genaro SERMENO,SLV,3,0,0,1,0.0,0.0,7.4074074074074066,0.0,0.0,100.0,0.0
Gennadi GUSAROV,URS,9,0,0,2,0.0,0.0,29.629629629629623,0.0,25.0,100.0,1.0
Gennadi LITOVCHENKO,URS,7,0,0,2,0.0,0.0,22.22222222222222,0.0,25.0,100.0,1.0
Gennadi LOGOFET,URS,4,0,1,1,0.0,0.0,11.11111111111111,0.0,0.0,87.5,2.0
Gennadi MOROZOV,URS,4,0,0,1,0.0,0.0,11.11111111111111,0.0,0.0,100.0,0.0
Gennadi YEVRYUZHIKHIN,URS,4,0,0,1,0.0,0.0,11.11111111111111,0.0,0.0,100.0,0.0
Genrikh FEDOSOV,URS,5,0,0,1,0.0,0.0,14.814814814814811,0.0,0.0,100.0,0.0
Geoff COOMBES,USA,3,0,0,1,0.0,0.0,7.4074074074074066,0.0,0.0,100.0,0.0
Geoff HURST,ENG,10,5,0,2,0.5,29.411764705882355,33.33333333333333,12.5,25.0,100.0,1.0
Georg BRAUN,AUT,4,0,0,1,0.0,0.0,11.11111111111111,0.0,0.0,100.0,0.0
Georg STOLLENWERK,FRG,6,0,0,1,0.0,0.0,18.51851851851852,0.0,0.0,100.0,0.0
George BORBA,ISR,3,0,0,1,0.0,0.0,7.4074074074074066,0.0,0.0,100.0,0.0
George BURLEY,SCO,3,0,0,1,0.0,0.0,7.4074074074074066,0.0,0.0,100.0,0.0
George COHEN,ENG,6,0,0,1,0.0,0.0,18.51851851851852,0.0,0.0,100.0,0.0
George DUNLOP,NIR,5,0,0,1,0.0,0.0,14.814814814814811,0.0,0.0,100.0,0.0
George EASTHAM,ENG,10,0,0,2,0.0,0.0,33.33333333333333,0.0,25.0,100.0,1.0
George HAMILTON,SCO,2,0,0,1,0.0,0.0,3.7037037037037033,0.0,0.0,100.0,
George MOORHOUSE,USA,4,0,0,2,0.0,0.0,11.11111111111111,0.0,25.0,100.0,1.0
George PAKOS,CAN,3,0,0,1,0.0,0.0,7.4074074074074066,0.0,0.0,100.0,0.0
George WOOD,SCO,3,0,0,1,0.0,0.0,7.4074074074074066,0.0,0.0,100.0,0.0
Georges AEBY,SUI,3,0,0,1,0.0,0.0,7.4074074074074066,0.0,0.0,100.0,0.0
Georges BEAUCOURT,FRA,1,0,0,1,0.0,0.0,0.0,0.0,0.0,100.0,
Georges BREGY,SUI,4,1,1,1,0.25,5.88235294117647,11.11111111111111,6.25,0.0,87.5,2.0
Georges CARNUS,FRA,3,0,0,1,0.0,0.0,7.4074074074074066,0.0,0.0,100.0,0.0
Georges GRUN,BEL,15,1,2,3,0.0666666666666666,5.88235294117647,51.85185185185185,1.6666666666666667,50.0,75.0,3.0
Georges HEYLENS,BEL,3,0,0,1,0.0,0.0,7.4074074074074066,0.0,0.0,100.0,0.0
Georges MOUYEME,CMR,3,0,0,1,0.0,0.0,7.4074074074074066,0.0,0.0,100.0,0.0
Georges PUTMANS,BEL,1,0,0,1,0.0,0.0,0.0,0.0,0.0,100.0,
Georges STUBER,SUI,7,0,0,2,0.0,0.0,22.22222222222222,0.0,25.0,100.0,1.0
Georges VERRIEST,FRA,1,0,0,1,0.0,0.0,0.0,0.0,0.0,100.0,
Georges VUILLEUMIER,SUI,3,0,0,1,0.0,0.0,7.4074074074074066,0.0,0.0,100.0,0.0
Georgi ASPARUKHOV,BUL,9,1,0,3,0.1111111111111111,5.88235294117647,29.629629629629623,2.7777777777777777,50.0,100.0,1.0
Georgi BACHEV,BUL,3,0,1,1,0.0,0.0,7.4074074074074066,0.0,0.0,87.5,2.0
Georgi CHOKHELI,URS,4,0,0,1,0.0,0.0,11.11111111111111,0.0,0.0,100.0,0.0
Georgi DENEV,BUL,3,0,1,1,0.0,0.0,7.4074074074074066,0.0,0.0,87.5,2.0
Georgi DIMITROV,BUL,4,0,0,1,0.0,0.0,11.11111111111111,0.0,0.0,100.0,0.0
Georgi GEORGIEV,BUL,7,0,0,1,0.0,0.0,22.22222222222222,0.0,0.0,100.0,0.0
Georgi KAMENSKI,BUL,3,0,0,1,0.0,0.0,7.4074074074074066,0.0,0.0,100.0,0.0
Georgi NAIDENOV,BUL,6,0,0,2,0.0,0.0,18.51851851851852,0.0,25.0,100.0,1.0
Georgi NIKOLOV,BUL,3,0,0,1,0.0,0.0,7.4074074074074066,0.0,0.0,100.0,0.0
Georgi POPOV,BUL,3,0,0,1,0.0,0.0,7.4074074074074066,0.0,0.0,100.0,0.0
Georgi SICHINAVA,URS,6,0,0,1,0.0,0.0,18.51851851851852,0.0,0.0,100.0,0.0
Georgi SOKOLOV,BUL,3,1,0,1,0.3333333333333333,5.88235294117647,7.4074074074074066,8.333333333333332,0.0,100.0,0.0
Georgi YORDANOV,BUL,4,0,0,1,0.0,0.0,11.11111111111111,0.0,0.0,100.0,0.0
Geovanis CASSIANI,COL,4,0,0,1,0.0,0.0,11.11111111111111,0.0,0.0,100.0,0.0
Geovanni JARA,CRC,4,0,0,1,0.0,0.0,11.11111111111111,0.0,0.0,100.0,0.0
Gerald GLATZMAYER,AUT,3,0,1,1,0.0,0.0,7.4074074074074066,0.0,0.0,87.5,2.0
Gerald MESSLENDER,AUT,5,0,0,1,0.0,0.0,14.814814814814811,0.0,0.0,100.0,0.0
Gerald PEYTON,IRL,5,0,0,1,0.0,0.0,14.814814814814811,0.0,0.0,100.0,0.0
Gerald VANENBURG,NED,4,0,0,1,0.0,0.0,11.11111111111111,0.0,0.0,100.0,0.0
Gerald VEARNCOMBE,WAL,5,0,0,1,0.0,0.0,14.814814814814811,0.0,0.0,100.0,0.0
Gerard DELBEKE,BEL,2,0,0,1,0.0,0.0,3.7037037037037033,0.0,0.0,100.0,
Gerard HAUSSER,FRA,3,1,0,1,0.3333333333333333,5.88235294117647,7.4074074074074066,8.333333333333332,0.0,100.0,0.0
Gerard JANVION,FRA,10,0,0,2,0.0,0.0,33.33333333333333,0.0,25.0,100.0,1.0
Gerard JOSEPH,HAI,3,0,0,1,0.0,0.0,7.4074074074074066,0.0,0.0,100.0,0.0
Gerard PLESSERS,BEL,5,0,0,1,0.0,0.0,14.814814814814811,0.0,0.0,100.0,0.0
Gerard SOLER,FRA,7,1,1,1,0.1428571428571428,5.88235294117647,22.22222222222222,3.571428571428571,0.0,87.5,2.0
Gerard WODARZ,POL,1,0,0,1,0.0,0.0,0.0,0.0,0.0,100.0,
Gerardo LUGO,MEX,3,0,0,1,0.0,0.0,7.4074074074074066,0.0,0.0,100.0,0.0
Gerardo ROMERO,PAR,2,0,0,1,0.0,0.0,3.7037037037037033,0.0,0.0,100.0,
Gerd KISCHE,GDR,6,0,2,1,0.0,0.0,18.51851851851852,0.0,0.0,75.0,2.0
Gerd MUELLER,FRG,13,13,2,2,1.0,76.47058823529412,44.44444444444444,25.0,25.0,75.0,3.0
Gerd ZEWE,FRG,6,0,0,1,0.0,0.0,18.51851851851852,0.0,0.0,100.0,0.0
Gerhard BREITENBERGER,AUT,6,0,0,1,0.0,0.0,18.51851851851852,0.0,0.0,100.0,0.0
Gerhard HANAPPI,AUT,8,0,0,2,0.0,0.0,25.925925925925924,0.0,25.0,100.0,1.0
Gerhard LUSENTI,SUI,3,0,0,1,0.0,0.0,7.4074074074074066,0.0,0.0,100.0,0.0
Gerhard RODAX,AUT,3,1,0,1,0.3333333333333333,5.88235294117647,7.4074074074074066,8.333333333333332,0.0,100.0,0.0
German ACEROS,COL,3,1,0,1,0.3333333333333333,5.88235294117647,7.4074074074074066,8.333333333333332,0.0,100.0,0.0
German APUKTHIN,URS,5,0,0,1,0.0,0.0,14.814814814814811,0.0,0.0,100.0,0.0
German BURGOS,ARG,5,0,0,1,0.0,0.0,14.814814814814811,0.0,0.0,100.0,0.0
German CHAVARRIA,CRC,4,0,0,1,0.0,0.0,11.11111111111111,0.0,0.0,100.0,0.0
German LEGUIA,PER,9,0,0,2,0.0,0.0,29.629629629629623,0.0,25.0,100.0,1.0
Gernot JURTIN,AUT,5,0,0,1,0.0,0.0,14.814814814814811,0.0,0.0,100.0,0.0
Geronimo BARBADILLO,PER,3,0,0,1,0.0,0.0,7.4074074074074066,0.0,0.0,100.0,0.0
Gerry ARMSTRONG,NIR,8,3,0,2,0.375,17.647058823529413,25.925925925925924,9.375,25.0,100.0,1.0
Gerry BYRNE,ENG,6,0,0,1,0.0,0.0,18.51851851851852,0.0,0.0,100.0,0.0
Gerry GRAY,CAN,3,0,0,1,0.0,0.0,7.4074074074074066,0.0,0.0,100.0,0.0
Gerry HITCHENS,ENG,4,1,0,1,0.25,5.88235294117647,11.11111111111111,6.25,0.0,100.0,0.0
Gert VERHEYEN,BEL,3,0,1,1,0.0,0.0,7.4074074074074066,0.0,0.0,87.5,2.0
Geza GULYAS,HUN,5,0,0,1,0.0,0.0,14.814814814814811,0.0,0.0,100.0,0.0
Geza KALOCSAY,TCH,4,0,0,1,0.0,0.0,11.11111111111111,0.0,0.0,100.0,0.0
Geza TOLDI,HUN,6,3,0,2,0.5,17.647058823529413,18.51851851851852,12.5,25.0,100.0,1.0
Ghafoor JAHANI,IRN,3,0,0,1,0.0,0.0,7.4074074074074066,0.0,0.0,100.0,0.0
Ghandi SAID,MAR,3,0,0,1,0.0,0.0,7.4074074074074066,0.0,0.0,100.0,0.0
Ghanim MUBARAK,UAE,3,0,0,1,0.0,0.0,7.4074074074074066,0.0,0.0,100.0,0.0
Gharib AMZINE,MAR,3,0,0,1,0.0,0.0,7.4074074074074066,0.0,0.0,100.0,0.0
Gheorghe ALBU,ROU,1,0,0,1,0.0,0.0,0.0,0.0,0.0,100.0,
Gheorghe CIOLAC,ROU,1,0,0,1,0.0,0.0,0.0,0.0,0.0,100.0,
Gheorghe CRAIOVEANU,ROU,4,0,0,1,0.0,0.0,11.11111111111111,0.0,0.0,100.0,0.0
Gheorghe GORNEA,ROU,3,0,0,1,0.0,0.0,7.4074074074074066,0.0,0.0,100.0,0.0
Gheorghe HAGI,ROU,4,0,1,1,0.0,0.0,11.11111111111111,0.0,0.0,87.5,2.0
Gheorghe LILIAC,ROU,4,0,0,1,0.0,0.0,11.11111111111111,0.0,0.0,100.0,0.0
Gheorghe MIHALI,ROU,5,0,1,1,0.0,0.0,14.814814814814811,0.0,0.0,87.5,2.0
Gheorghe RASINARU,ROU,2,0,0,1,0.0,0.0,3.7037037037037033,0.0,0.0,100.0,
Gheorghe TATARU,ROU,3,0,0,1,0.0,0.0,7.4074074074074066,0.0,0.0,100.0,0.0
Giacinto FACCHETTI,ITA,12,0,0,3,0.0,0.0,40.74074074074074,0.0,50.0,100.0,3.0
Giacomo BULGARELLI,ITA,6,2,0,2,0.3333333333333333,11.76470588235294,18.51851851851852,8.333333333333332,25.0,100.0,1.0
Giacomo LOSI,ITA,3,0,0,1,0.0,0.0,7.4074074074074066,0.0,0.0,100.0,0.0
Giacomo MARI,ITA,5,0,0,2,0.0,0.0,14.814814814814811,0.0,25.0,100.0,1.0
Giampaolo MENICHELLI,ITA,3,0,0,1,0.0,0.0,7.4074074074074066,0.0,0.0,100.0,0.0
Giampiero BONIPERTI,ITA,5,1,0,2,0.2,5.88235294117647,14.814814814814811,5.0,25.0,100.0,1.0
Giampiero COMBI,ITA,5,0,0,1,0.0,0.0,14.814814814814811,0.0,0.0,100.0,0.0
Giampiero MARINI,ITA,7,0,1,1,0.0,0.0,22.22222222222222,0.0,0.0,87.5,2.0
Giancarlo ANTOGNONI,ITA,14,0,1,2,0.0,0.0,48.14814814814815,0.0,25.0,87.5,1.0
Giancarlo DE SISTI,ITA,6,0,1,1,0.0,0.0,18.51851851851852,0.0,0.0,87.5,2.0
Giancarlo MAROCCHI,ITA,7,0,0,1,0.0,0.0,22.22222222222222,0.0,0.0,100.0,0.0
Gianfranco LEONCINI,ITA,3,0,0,1,0.0,0.0,7.4074074074074066,0.0,0.0,100.0,0.0
Gianfranco ZOLA,ITA,7,0,1,1,0.0,0.0,22.22222222222222,0.0,0.0,87.5,2.0
Gianluca PAGLIUCA,ITA,12,0,0,2,0.0,0.0,40.74074074074074,0.0,25.0,100.0,1.0
Gianluca PESSOTTO,ITA,5,0,0,1,0.0,0.0,14.814814814814811,0.0,0.0,100.0,0.0
Gianluca VIALLI,ITA,11,0,0,2,0.0,0.0,37.03703703703704,0.0,25.0,100.0,1.0
Gianluigi BUFFON,ITA,5,0,0,1,0.0,0.0,14.814814814814811,0.0,0.0,100.0,0.0
Gianni RIVERA,ITA,15,3,1,4,0.2,17.647058823529413,51.85185185185185,5.0,75.0,87.5,3.0
Giannis KALITZAKIS,GRE,3,0,1,1,0.0,0.0,7.4074074074074066,0.0,0.0,87.5,2.0
Gigi RIVA,ITA,9,3,0,2,0.3333333333333333,17.647058823529413,29.629629629629623,8.333333333333332,25.0,100.0,1.0
Gilbert BODART,BEL,11,0,0,2,0.0,0.0,37.03703703703704,0.0,25.0,100.0,1.0
Gilbert FESSELET,SUI,4,0,0,1,0.0,0.0,11.11111111111111,0.0,0.0,100.0,0.0
Gilbert MERRICK,ENG,3,0,0,1,0.0,0.0,7.4074074074074066,0.0,0.0,100.0,0.0
Gilbert REY,SUI,3,0,0,1,0.0,0.0,7.4074074074074066,0.0,0.0,100.0,0.0
Gilberto YEARWOOD,HON,3,0,1,1,0.0,0.0,7.4074074074074066,0.0,0.0,87.5,2.0
Gildardo GOMEZ,COL,4,0,0,1,0.0,0.0,11.11111111111111,0.0,0.0,100.0,0.0
Gino CAPPELLO,ITA,5,0,0,2,0.0,0.0,14.814814814814811,0.0,25.0,100.0,1.0
Gino COLAUSSI,ITA,4,4,0,1,1.0,23.52941176470588,11.11111111111111,25.0,0.0,100.0,0.0
Gino GARDASSANICH,USA,3,0,0,1,0.0,0.0,7.4074074074074066,0.0,0.0,100.0,0.0
Gino PARIANI,USA,3,1,0,1,0.3333333333333333,5.88235294117647,7.4074074074074066,8.333333333333332,0.0,100.0,0.0
Gino PIVATELLI,ITA,3,0,0,1,0.0,0.0,7.4074074074074066,0.0,0.0,100.0,0.0
Giora SPIEGEL,ISR,3,0,0,1,0.0,0.0,7.4074074074074066,0.0,0.0,100.0,0.0
Giorgio CHINAGLIA,ITA,3,0,0,1,0.0,0.0,7.4074074074074066,0.0,0.0,100.0,0.0
Giorgio FERRINI,ITA,3,0,1,1,0.0,0.0,7.4074074074074066,0.0,0.0,87.5,2.0
Giorgio GHEZZI,ITA,3,0,0,1,0.0,0.0,7.4074074074074066,0.0,0.0,100.0,0.0
Giorgio PUIA,ITA,6,0,0,1,0.0,0.0,18.51851851851852,0.0,0.0,100.0,0.0
Giotis TSALOUCHIDIS,GRE,3,0,1,1,0.0,0.0,7.4074074074074066,0.0,0.0,87.5,2.0
Giovanni FERRARI,ITA,9,2,0,2,0.2222222222222222,11.76470588235294,29.629629629629623,5.555555555555555,25.0,100.0,1.0
Giovanni GALLI,ITA,11,0,0,2,0.0,0.0,37.03703703703704,0.0,25.0,100.0,1.0
Giovanni GIACOMAZZI,ITA,3,0,0,1,0.0,0.0,7.4074074074074066,0.0,0.0,100.0,0.0
Giovanni LODETTI,ITA,3,0,0,1,0.0,0.0,7.4074074074074066,0.0,0.0,100.0,0.0
Giovanni TRAPATTONI,ITA,3,0,0,1,0.0,0.0,7.4074074074074066,0.0,0.0,100.0,0.0
Giovanni VIOLA,ITA,3,0,0,1,0.0,0.0,7.4074074074074066,0.0,0.0,100.0,0.0
Giuseppe BARESI,ITA,4,0,0,1,0.0,0.0,11.11111111111111,0.0,0.0,100.0,0.0
Giuseppe BERGOMI,ITA,23,0,3,4,0.0,0.0,81.48148148148148,0.0,75.0,62.5,3.0
Giuseppe BOSSI,SUI,2,0,0,1,0.0,0.0,3.7037037037037033,0.0,0.0,100.0,
Giuseppe CASARI,ITA,2,0,0,1,0.0,0.0,3.7037037037037033,0.0,0.0,100.0,
Giuseppe CAVANNA,ITA,5,0,0,1,0.0,0.0,14.814814814814811,0.0,0.0,100.0,0.0
Giuseppe DOSSENA,ITA,7,0,0,1,0.0,0.0,22.22222222222222,0.0,0.0,100.0,0.0
Giuseppe FURINO,ITA,6,0,0,1,0.0,0.0,18.51851851851852,0.0,0.0,100.0,0.0
Giuseppe GALDERISI,ITA,4,0,0,1,0.0,0.0,11.11111111111111,0.0,0.0,100.0,0.0
Giuseppe GIANNINI,ITA,7,1,1,1,0.1428571428571428,5.88235294117647,22.22222222222222,3.571428571428571,0.0,87.5,2.0
Giuseppe MEAZZA,ITA,9,2,0,2,0.2222222222222222,11.76470588235294,29.629629629629623,5.555555555555555,25.0,100.0,1.0
Giuseppe MORO,ITA,2,0,0,1,0.0,0.0,3.7037037037037033,0.0,0.0,100.0,
Giuseppe SABADINI,ITA,3,0,0,1,0.0,0.0,7.4074074074074066,0.0,0.0,100.0,0.0
Giuseppe SIGNORI,ITA,7,0,1,1,0.0,0.0,22.22222222222222,0.0,0.0,87.5,2.0
Giuseppe WILSON,ITA,3,0,0,1,0.0,0.0,7.4074074074074066,0.0,0.0,100.0,0.0
Givili NODIYA,URS,4,0,1,1,0.0,0.0,11.11111111111111,0.0,0.0,87.5,2.0
Glen ADAM,NZL,3,0,0,1,0.0,0.0,7.4074074074074066,0.0,0.0,100.0,0.0
Glen DE BOECK,BEL,3,0,0,1,0.0,0.0,7.4074074074074066,0.0,0.0,100.0,0.0
Glen DODS,NZL,3,0,0,1,0.0,0.0,7.4074074074074066,0.0,0.0,100.0,0.0
Glenn HODDLE,ENG,10,0,0,2,0.0,0.0,33.33333333333333,0.0,25.0,100.0,1.0
Glenn HYSEN,SWE,3,0,0,1,0.0,0.0,7.4074074074074066,0.0,0.0,100.0,0.0
Glenn STROMBERG,SWE,3,1,1,1,0.3333333333333333,5.88235294117647,7.4074074074074066,8.333333333333332,0.0,87.5,2.0
Goran DJOROVIC,YUG,4,0,1,1,0.0,0.0,11.11111111111111,0.0,0.0,87.5,2.0
Goran HAGBERG,SWE,9,0,0,2,0.0,0.0,29.629629629629623,0.0,25.0,100.0,1.0
Goran JURIC,CRO,7,0,0,1,0.0,0.0,22.22222222222222,0.0,0.0,100.0,0.0
Goran NICKLASSON,SWE,3,0,0,1,0.0,0.0,7.4074074074074066,0.0,0.0,100.0,0.0
Goran SORLOTH,NOR,3,0,1,1,0.0,0.0,7.4074074074074066,0.0,0.0,87.5,2.0
Goran VLAOVIC,CRO,7,1,0,1,0.1428571428571428,5.88235294117647,22.22222222222222,3.571428571428571,0.0,100.0,0.0
Gordan IROVIC,YUG,4,0,0,1,0.0,0.0,11.11111111111111,0.0,0.0,100.0,0.0
Gordan VIDOVIC,BEL,3,0,1,1,0.0,0.0,7.4074074074074066,0.0,0.0,87.5,2.0
Gordon BANKS,ENG,14,0,0,3,0.0,0.0,48.14814814814815,0.0,50.0,100.0,3.0
Gordon DURIE,SCO,3,0,1,1,0.0,0.0,7.4074074074074066,0.0,0.0,87.5,2.0
Gordon McQUEEN,SCO,6,0,0,2,0.0,0.0,18.51851851851852,0.0,25.0,100.0,1.0
Gordon STRACHAN,SCO,6,1,0,2,0.1666666666666666,5.88235294117647,18.51851851851852,4.166666666666666,25.0,100.0,1.0
Gosho GINCHEV,BUL,3,0,0,1,0.0,0.0,7.4074074074074066,0.0,0.0,100.0,0.0
Gosta DUNKER,SWE,2,1,0,1,0.5,5.88235294117647,3.7037037037037033,12.5,0.0,100.0,
Gosta LOFGREN,SWE,6,0,0,1,0.0,0.0,18.51851851851852,0.0,0.0,100.0,0.0
Graeme LE SAUX,ENG,4,0,0,1,0.0,0.0,11.11111111111111,0.0,0.0,100.0,0.0
Graeme RUTJES,NED,4,0,0,1,0.0,0.0,11.11111111111111,0.0,0.0,100.0,0.0
Graeme SHARP,SCO,3,0,0,1,0.0,0.0,7.4074074074074066,0.0,0.0,100.0,0.0
Graeme SOUNESS,SCO,9,1,1,3,0.1111111111111111,5.88235294117647,29.629629629629623,2.7777777777777777,50.0,87.5,3.0
Graham LEGGATT,SCO,3,0,0,1,0.0,0.0,7.4074074074074066,0.0,0.0,100.0,0.0
Graham RIX,ENG,5,0,0,1,0.0,0.0,14.814814814814811,0.0,0.0,100.0,0.0
Grant TURNER,NZL,3,0,0,1,0.0,0.0,7.4074074074074066,0.0,0.0,100.0,0.0
Gratian SEPI,ROU,1,0,0,1,0.0,0.0,0.0,0.0,0.0,100.0,
Gregoire MBIDA,CMR,3,1,0,1,0.3333333333333333,5.88235294117647,7.4074074074074066,8.333333333333332,0.0,100.0,0.0
Gregorio GOMEZ,MEX,3,0,0,1,0.0,0.0,7.4074074074074066,0.0,0.0,100.0,0.0
Gregory ION,CAN,3,0,0,1,0.0,0.0,7.4074074074074066,0.0,0.0,100.0,0.0
Grzegorz LATO,POL,20,10,0,3,0.5,58.82352941176471,70.37037037037037,12.5,50.0,100.0,3.0
Guadalupe VELAZQUEZ,MEX,3,0,0,1,0.0,0.0,7.4074074074074066,0.0,0.0,100.0,0.0
Guenter BERNARD,FRG,6,0,0,1,0.0,0.0,18.51851851851852,0.0,0.0,100.0,0.0
Guenter HERMANN,FRG,4,0,0,1,0.0,0.0,11.11111111111111,0.0,0.0,100.0,0.0
Guenter NETZER,FRG,7,0,0,1,0.0,0.0,22.22222222222222,0.0,0.0,100.0,0.0
Guenther HERMANN,FRG,7,0,0,1,0.0,0.0,22.22222222222222,0.0,0.0,100.0,0.0
Guido BUCHWALD,FRG,7,0,0,1,0.0,0.0,22.22222222222222,0.0,0.0,100.0,0.0
Guido BUCHWALD,FRG,7,0,0,1,0.0,0.0,22.22222222222222,0.0,0.0,100.0,0.0
Guido BUCHWALD,GER,5,0,0,1,0.0,0.0,14.814814814814811,0.0,0.0,100.0,0.0
Guido BUCHWALD,GER,5,0,0,1,0.0,0.0,14.814814814814811,0.0,0.0,100.0,0.0
Guido GRATTON,ITA,3,0,0,1,0.0,0.0,7.4074074074074066,0.0,0.0,100.0,0.0
Guido MASETTI,ITA,9,0,0,2,0.0,0.0,29.629629629629623,0.0,25.0,100.0,1.0
Guido VINCENZI,ITA,3,0,0,1,0.0,0.0,7.4074074074074066,0.0,0.0,100.0,0.0
Guillame BIEGANSKI,FRA,2,0,0,1,0.0,0.0,3.7037037037037033,0.0,0.0,100.0,
Guillermo ARELLANO,CHI,3,0,0,1,0.0,0.0,7.4074074074074066,0.0,0.0,100.0,0.0
Guillermo CASTRO,SLV,3,0,0,1,0.0,0.0,7.4074074074074066,0.0,0.0,100.0,0.0
Guillermo DIAZ,CHI,3,0,0,1,0.0,0.0,7.4074074074074066,0.0,0.0,100.0,0.0
Guillermo ESCALADA,URU,3,0,0,1,0.0,0.0,7.4074074074074066,0.0,0.0,100.0,0.0
Guillermo HERNANDEZ,MEX,7,0,0,2,0.0,0.0,22.22222222222222,0.0,25.0,100.0,1.0
Guillermo LA ROSA,PER,9,1,0,2,0.1111111111111111,5.88235294117647,29.629629629629623,2.7777777777777777,25.0,100.0,1.0
Guillermo MENDIZABAL,MEX,3,0,0,1,0.0,0.0,7.4074074074074066,0.0,0.0,100.0,0.0
Guillermo ORTIZ,MEX,3,0,0,1,0.0,0.0,7.4074074074074066,0.0,0.0,100.0,0.0
Guillermo PAEZ,CHI,3,0,1,1,0.0,0.0,7.4074074074074066,0.0,0.0,87.5,2.0
Guillermo RAGAZZONE,SLV,3,0,0,1,0.0,0.0,7.4074074074074066,0.0,0.0,100.0,0.0
Guillermo RIVEROS,CHI,3,0,0,1,0.0,0.0,7.4074074074074066,0.0,0.0,100.0,0.0
Guillermo SAAVEDRA,CHI,3,0,0,1,0.0,0.0,7.4074074074074066,0.0,0.0,100.0,0.0
Guillermo SEPULVEDA,MEX,6,0,0,2,0.0,0.0,18.51851851851852,0.0,25.0,100.0,1.0
Guillermo STABILE,ARG,5,8,0,1,1.6,47.05882352941176,14.814814814814811,40.0,0.0,100.0,0.0
Guillermo SUBIABRE,CHI,3,2,0,1,0.6666666666666666,11.76470588235294,7.4074074074074066,16.666666666666664,0.0,100.0,0.0
Guillermo YAVAR,CHI,6,0,0,2,0.0,0.0,18.51851851851852,0.0,25.0,100.0,1.0
Gumercindo GOMEZ,BOL,2,0,0,1,0.0,0.0,3.7037037037037033,0.0,0.0,100.0,
Gunnar ANDREASSEN,NOR,1,0,0,1,0.0,0.0,0.0,0.0,0.0,100.0,
Gunnar GREN,SWE,6,1,0,1,0.1666666666666666,5.88235294117647,18.51851851851852,4.166666666666666,0.0,100.0,0.0
Gunnar HALLE,NOR,4,0,0,1,0.0,0.0,11.11111111111111,0.0,0.0,100.0,0.0
Gunnar JANSSON,SWE,2,0,0,1,0.0,0.0,3.7037037037037033,0.0,0.0,100.0,
Gunnar JOHANSSON II,SWE,5,0,0,1,0.0,0.0,14.814814814814811,0.0,0.0,100.0,0.0
Gunnar OLSSON,SWE,2,0,0,1,0.0,0.0,3.7037037037037033,0.0,0.0,100.0,
Gunter HAPPICH,AUT,6,0,0,1,0.0,0.0,18.51851851851852,0.0,0.0,100.0,0.0
Gunter SAWITZKI,FRG,10,0,0,2,0.0,0.0,33.33333333333333,0.0,25.0,100.0,1.0
Gustav MRAZ,TCH,4,0,0,1,0.0,0.0,11.11111111111111,0.0,0.0,100.0,0.0
Gustav SJOBERG,SWE,3,0,0,1,0.0,0.0,7.4074074074074066,0.0,0.0,100.0,0.0
Gustav WETTERSTROM,SWE,3,3,0,1,1.0,17.647058823529413,7.4074074074074066,25.0,0.0,100.0,0.0
Gustave JORDAN,FRA,2,0,0,1,0.0,0.0,3.7037037037037033,0.0,0.0,100.0,
Gustavo DE SIMONE,URU,3,0,0,1,0.0,0.0,7.4074074074074066,0.0,0.0,100.0,0.0
Gustavo DEZOTTI,ARG,7,0,2,1,0.0,0.0,22.22222222222222,0.0,0.0,75.0,2.0
Gustavo FERNANDEZ,URU,3,0,0,1,0.0,0.0,7.4074074074074066,0.0,0.0,100.0,0.0
Gustavo MOSCOSO,CHI,3,1,0,1,0.3333333333333333,5.88235294117647,7.4074074074074066,8.333333333333332,0.0,100.0,0.0
Gustavo PENA,MEX,7,0,2,2,0.0,0.0,22.22222222222222,0.0,25.0,75.0,1.0
Gustavo QUINTEROS,BOL,3,0,1,1,0.0,0.0,7.4074074074074066,0.0,0.0,87.5,2.0
Gusztav SZEPESI,HUN,4,0,0,1,0.0,0.0,11.11111111111111,0.0,0.0,100.0,0.0
Guy FRANCOIS,HAI,3,0,0,1,0.0,0.0,7.4074074074074066,0.0,0.0,100.0,0.0
Guy SAINT-VIL,HAI,3,0,0,1,0.0,0.0,7.4074074074074066,0.0,0.0,100.0,0.0
Guy VANDERSMISSEN,BEL,5,0,0,1,0.0,0.0,14.814814814814811,0.0,0.0,100.0,0.0
Gyorgy BOGNAR,HUN,3,0,0,1,0.0,0.0,7.4074074074074066,0.0,0.0,100.0,0.0
Gyorgy SAROSI,HUN,6,5,0,2,0.8333333333333334,29.411764705882355,18.51851851851852,20.833333333333336,25.0,100.0,1.0
Gyorgy SZUCS,HUN,6,0,0,2,0.0,0.0,18.51851851851852,0.0,25.0,100.0,1.0
Gyozo BURCSA,HUN,3,0,0,1,0.0,0.0,7.4074074074074066,0.0,0.0,100.0,0.0
Gyozo MARTOS,HUN,6,0,1,2,0.0,0.0,18.51851851851852,0.0,25.0,87.5,1.0
Gyula FUTO,HUN,2,0,0,1,0.0,0.0,3.7037037037037033,0.0,0.0,100.0,
Gyula GROSICS,HUN,13,0,0,3,0.0,0.0,44.44444444444444,0.0,50.0,100.0,3.0
Gyula HAJSZAN,HUN,3,0,0,1,0.0,0.0,7.4074074074074066,0.0,0.0,100.0,0.0
Gyula LAZAR,HUN,6,0,0,2,0.0,0.0,18.51851851851852,0.0,25.0,100.0,1.0
Gyula LORANT,HUN,5,0,0,1,0.0,0.0,14.814814814814811,0.0,0.0,100.0,0.0
Gyula POLGAR,HUN,6,0,0,2,0.0,0.0,18.51851851851852,0.0,25.0,100.0,1.0
Gyula RAKOSI,HUN,8,0,0,2,0.0,0.0,25.925925925925924,0.0,25.0,100.0,1.0
Gyula ZSENGELLER,HUN,4,5,0,1,1.25,29.411764705882355,11.11111111111111,31.25,0.0,100.0,0.0
H D HAO,CHN,3,0,0,1,0.0,0.0,7.4074074074074066,0.0,0.0,100.0,0.0
H M SON,KOR,3,1,1,1,0.3333333333333333,5.88235294117647,7.4074074074074066,8.333333333333332,0.0,87.5,2.0
H MORENO,MEX,4,0,1,1,0.0,0.0,11.11111111111111,0.0,0.0,87.5,2.0
H QI,CHN,3,0,0,1,0.0,0.0,7.4074074074074066,0.0,0.0,100.0,0.0
H. ALMEIDA,POR,7,1,1,2,0.1428571428571428,5.88235294117647,22.22222222222222,3.571428571428571,25.0,87.5,1.0
H. CAMARA,SEN,5,2,1,1,0.4,11.76470588235294,14.814814814814811,10.0,0.0,87.5,2.0
H. FLO,NOR,4,1,1,1,0.25,5.88235294117647,11.11111111111111,6.25,0.0,87.5,2.0
H. HERRERA,MEX,4,0,0,1,0.0,0.0,11.11111111111111,0.0,0.0,100.0,0.0
H. MAHINI,IRN,3,0,0,1,0.0,0.0,7.4074074074074066,0.0,0.0,100.0,0.0
H. MORENO,MEX,4,0,1,1,0.0,0.0,11.11111111111111,0.0,0.0,87.5,2.0
H. POSTIGA,POR,3,0,0,1,0.0,0.0,7.4074074074074066,0.0,0.0,100.0,0.0
H. R. ESTILI,IRN,3,1,0,1,0.3333333333333333,5.88235294117647,7.4074074074074066,8.333333333333332,0.0,100.0,0.0
H. SAKAI,JPN,3,0,0,1,0.0,0.0,7.4074074074074066,0.0,0.0,100.0,0.0
H. SALEH,KSA,7,0,0,2,0.0,0.0,22.22222222222222,0.0,25.0,100.0,1.0
H. SOLAIMANI,KSA,3,0,0,1,0.0,0.0,7.4074074074074066,0.0,0.0,100.0,0.0
H. TRABELSI,TUN,3,0,0,1,0.0,0.0,7.4074074074074066,0.0,0.0,100.0,0.0
H. VALDEZ,PAR,8,0,1,2,0.0,0.0,25.925925925925924,0.0,25.0,87.5,1.0
H. YONG JO,PRK,3,0,1,1,0.0,0.0,7.4074074074074066,0.0,0.0,87.5,2.0
H.KAEBI,IRN,3,0,1,1,0.0,0.0,7.4074074074074066,0.0,0.0,87.5,2.0
H.POSTIGA,POR,7,0,0,1,0.0,0.0,22.22222222222222,0.0,0.0,100.0,0.0
H.ROUDBARIAN,IRN,3,0,0,1,0.0,0.0,7.4074074074074066,0.0,0.0,100.0,0.0
H.VIANA,POR,7,0,0,1,0.0,0.0,22.22222222222222,0.0,0.0,100.0,0.0
HA S. J.,KOR,3,1,1,1,0.3333333333333333,5.88235294117647,7.4074074074074066,8.333333333333332,0.0,87.5,2.0
HA Yung Won,PRK,4,0,0,1,0.0,0.0,11.11111111111111,0.0,0.0,100.0,0.0
HABIB,GHA,4,0,1,1,0.0,0.0,11.11111111111111,0.0,0.0,87.5,2.0
HADI?,BIH,3,0,0,1,0.0,0.0,7.4074074074074066,0.0,0.0,100.0,0.0
HADJI,MAR,3,0,0,1,0.0,0.0,7.4074074074074066,0.0,0.0,100.0,0.0
HAGGUI,TUN,3,0,1,1,0.0,0.0,7.4074074074074066,0.0,0.0,87.5,2.0
HAGI,ROU,9,3,2,2,0.3333333333333333,17.647058823529413,29.629629629629623,8.333333333333332,25.0,75.0,1.0
HAHNEMANN,USA,7,0,0,2,0.0,0.0,22.22222222222222,0.0,25.0,100.0,1.0
HAJI SAFI,IRN,3,0,0,1,0.0,0.0,7.4074074074074066,0.0,0.0,100.0,0.0
HAJROVI?,BIH,3,0,0,1,0.0,0.0,7.4074074074074066,0.0,0.0,100.0,0.0
HAJTO,POL,3,0,1,1,0.0,0.0,7.4074074074074066,0.0,0.0,87.5,2.0
HAKAN SUKUR,TUR,7,1,1,1,0.1428571428571428,5.88235294117647,22.22222222222222,3.571428571428571,0.0,87.5,2.0
HAKAN UNSAL,TUR,7,0,4,1,0.0,0.0,22.22222222222222,0.0,0.0,50.0,2.0
HALLE,NOR,3,0,0,1,0.0,0.0,7.4074074074074066,0.0,0.0,100.0,0.0
HALLICHE,ALG,7,1,2,2,0.1428571428571428,5.88235294117647,22.22222222222222,3.571428571428571,25.0,75.0,1.0
HALLORAN,AUS,3,0,0,1,0.0,0.0,7.4074074074074066,0.0,0.0,100.0,0.0
HAMANN,GER,7,0,2,1,0.0,0.0,22.22222222222222,0.0,0.0,75.0,2.0
HAMMOUDI RAAD,IRQ,3,0,1,1,0.0,0.0,7.4074074074074066,0.0,0.0,87.5,2.0
HAMSIK,SVK,4,0,0,1,0.0,0.0,11.11111111111111,0.0,0.0,100.0,0.0
HAN Bong Zin,PRK,4,0,0,1,0.0,0.0,11.11111111111111,0.0,0.0,100.0,0.0
HAN Chung Wa,KOR,2,0,0,1,0.0,0.0,3.7037037037037033,0.0,0.0,100.0,
HAN Heung Chul,KOR,2,0,0,1,0.0,0.0,3.7037037037037033,0.0,0.0,100.0,
HANDANOVI? J.,SVN,3,0,0,1,0.0,0.0,7.4074074074074066,0.0,0.0,100.0,0.0
HANDANOVI? S.,SVN,3,0,0,1,0.0,0.0,7.4074074074074066,0.0,0.0,100.0,0.0
HANKE,GER,7,0,0,1,0.0,0.0,22.22222222222222,0.0,0.0,100.0,0.0
HANSSON,SWE,4,0,0,1,0.0,0.0,11.11111111111111,0.0,0.0,100.0,0.0
HARGREAVES,ENG,10,0,2,2,0.0,0.0,33.33333333333333,0.0,25.0,75.0,1.0
HARRISON,GHA,3,0,1,1,0.0,0.0,7.4074074074074066,0.0,0.0,87.5,2.0
HART,ENG,7,0,0,2,0.0,0.0,22.22222222222222,0.0,25.0,100.0,1.0
HARTE,IRL,4,0,0,1,0.0,0.0,11.11111111111111,0.0,0.0,100.0,0.0
HARTHI,KSA,3,0,0,1,0.0,0.0,7.4074074074074066,0.0,0.0,100.0,0.0
HARUNA,NGA,3,0,1,1,0.0,0.0,7.4074074074074066,0.0,0.0,87.5,2.0
HASAN SAS,TUR,7,2,2,1,0.2857142857142857,11.76470588235294,22.22222222222222,7.142857142857142,0.0,75.0,2.0
HASEBE,JPN,7,0,1,2,0.0,0.0,22.22222222222222,0.0,25.0,87.5,1.0
HASHEM NATIK,IRQ,3,0,1,1,0.0,0.0,7.4074074074074066,0.0,0.0,87.5,2.0
HASSAN MOHAMED,UAE,3,0,0,1,0.0,0.0,7.4074074074074066,0.0,0.0,100.0,0.0
HATTORI,JPN,4,0,0,1,0.0,0.0,11.11111111111111,0.0,0.0,100.0,0.0
HEDMAN,SWE,4,0,0,1,0.0,0.0,11.11111111111111,0.0,0.0,100.0,0.0
HEINTZE,DEN,4,0,1,1,0.0,0.0,11.11111111111111,0.0,0.0,87.5,2.0
HEINZ,CZE,3,0,0,1,0.0,0.0,7.4074074074074066,0.0,0.0,100.0,0.0
HEINZE,ARG,10,1,3,2,0.1,5.88235294117647,33.33333333333333,2.5,25.0,62.5,1.0
HEITINGA,NED,11,0,6,2,0.0,0.0,37.03703703703704,0.0,25.0,25.0,3.0
HEJDUK,USA,5,0,2,1,0.0,0.0,14.814814814814811,0.0,0.0,75.0,2.0
HELMER,GER,5,0,2,1,0.0,0.0,14.814814814814811,0.0,0.0,75.0,2.0
HELVEG,DEN,4,0,1,1,0.0,0.0,11.11111111111111,0.0,0.0,87.5,2.0
HENDERSON,ENG,3,0,0,1,0.0,0.0,7.4074074074074066,0.0,0.0,100.0,0.0
HENRIKSEN,DEN,4,0,0,1,0.0,0.0,11.11111111111111,0.0,0.0,100.0,0.0
HENRIQUE,BRA,7,0,0,1,0.0,0.0,22.22222222222222,0.0,0.0,100.0,0.0
HENRY,FRA,13,3,1,3,0.2307692307692307,17.647058823529413,44.44444444444444,5.769230769230769,50.0,87.5,3.0
HERCULES,BRA,5,0,0,1,0.0,0.0,14.814814814814811,0.0,0.0,100.0,0.0
HERMOGENES,BRA,2,0,0,1,0.0,0.0,3.7037037037037033,0.0,0.0,100.0,
HERNANDEZ,MEX,4,4,1,1,1.0,23.52941176470588,11.11111111111111,25.0,0.0,87.5,2.0
HERNANDEZ C.,CRC,3,0,0,1,0.0,0.0,7.4074074074074066,0.0,0.0,100.0,0.0
HERNANES,BRA,7,0,0,1,0.0,0.0,22.22222222222222,0.0,0.0,100.0,0.0
HERPOEL,BEL,4,0,0,1,0.0,0.0,11.11111111111111,0.0,0.0,100.0,0.0
HERRERA,CHI,4,0,0,1,0.0,0.0,11.11111111111111,0.0,0.0,100.0,0.0
HESKEY,ENG,9,1,1,2,0.1111111111111111,5.88235294117647,29.629629629629623,2.7777777777777777,25.0,87.5,1.0
HIERRO,ESP,5,0,1,1,0.0,0.0,14.814814814814811,0.0,0.0,87.5,2.0
HIGUAIN,ARG,12,6,0,2,0.5,35.294117647058826,40.74074074074074,12.5,25.0,100.0,1.0
HILARIO,ESP,3,0,0,1,0.0,0.0,7.4074074074074066,0.0,0.0,100.0,0.0
HILARIO,ESP,3,0,0,1,0.0,0.0,7.4074074074074066,0.0,0.0,100.0,0.0
HILARIO,POR,6,0,0,1,0.0,0.0,18.51851851851852,0.0,0.0,100.0,0.0
HILARIO,POR,6,0,0,1,0.0,0.0,18.51851851851852,0.0,0.0,100.0,0.0
HILDEBRAND,GER,7,0,0,1,0.0,0.0,22.22222222222222,0.0,0.0,100.0,0.0
HISLOP,TRI,3,0,1,1,0.0,0.0,7.4074074074074066,0.0,0.0,87.5,2.0
HITZLSPERGER,GER,7,0,0,1,0.0,0.0,22.22222222222222,0.0,0.0,100.0,0.0
HO,KOR,3,0,1,1,0.0,0.0,7.4074074074074066,0.0,0.0,87.5,2.0
HOLDEN,USA,4,0,0,1,0.0,0.0,11.11111111111111,0.0,0.0,100.0,0.0
HOLLAND,AUS,3,0,0,1,0.0,0.0,7.4074074074074066,0.0,0.0,100.0,0.0
HOLLAND,AUS,3,0,0,1,0.0,0.0,7.4074074074074066,0.0,0.0,100.0,0.0
HOLLAND,IRL,4,1,0,1,0.25,5.88235294117647,11.11111111111111,6.25,0.0,100.0,0.0
HOLLAND,IRL,4,1,0,1,0.25,5.88235294117647,11.11111111111111,6.25,0.0,100.0,0.0
HOLMAN,AUS,3,2,0,1,0.6666666666666666,11.76470588235294,7.4074074074074066,16.666666666666664,0.0,100.0,0.0
HOLOSKO,SVK,4,0,0,1,0.0,0.0,11.11111111111111,0.0,0.0,100.0,0.0
HONDA,JPN,7,3,1,2,0.4285714285714285,17.647058823529413,22.22222222222222,10.714285714285714,25.0,87.5,1.0
HONG Dook Jong,KOR,2,0,0,1,0.0,0.0,3.7037037037037033,0.0,0.0,100.0,
HONG M. B.,KOR,3,0,0,1,0.0,0.0,7.4074074074074066,0.0,0.0,100.0,0.0
HOWARD,USA,11,0,0,3,0.0,0.0,37.03703703703704,0.0,50.0,100.0,3.0
HSSLER,GER,10,0,2,2,0.0,0.0,33.33333333333333,0.0,25.0,75.0,1.0
HUGGEL,SUI,3,0,0,1,0.0,0.0,7.4074074074074066,0.0,0.0,100.0,0.0
HUGO VIANA,POR,3,0,0,1,0.0,0.0,7.4074074074074066,0.0,0.0,100.0,0.0
HUH Jungmoo,KOR,3,1,1,1,0.3333333333333333,5.88235294117647,7.4074074074074066,8.333333333333332,0.0,87.5,2.0
HULK,BRA,7,0,2,1,0.0,0.0,22.22222222222222,0.0,0.0,75.0,2.0
HUMBERTO,BRA,3,0,1,1,0.0,0.0,7.4074074074074066,0.0,0.0,87.5,2.0
HUMMELS,GER,7,3,0,1,0.4285714285714285,17.647058823529413,22.22222222222222,10.714285714285714,0.0,100.0,0.0
HUNTELAAR,NED,14,1,4,2,0.0714285714285714,5.88235294117647,48.14814814814815,1.7857142857142856,25.0,50.0,3.0
HURTADO,ECU,3,0,0,1,0.0,0.0,7.4074074074074066,0.0,0.0,100.0,0.0
HUSAIN,ARG,3,0,0,1,0.0,0.0,7.4074074074074066,0.0,0.0,100.0,0.0
HUSSAIN GHULOUM,UAE,3,0,1,1,0.0,0.0,7.4074074074074066,0.0,0.0,87.5,2.0
HUSSEIN ALI,IRQ,3,0,0,1,0.0,0.0,7.4074074074074066,0.0,0.0,100.0,0.0
HUTH,GER,7,0,0,1,0.0,0.0,22.22222222222222,0.0,0.0,100.0,0.0
HWANG Bo Kwan,KOR,3,1,1,1,0.3333333333333333,5.88235294117647,7.4074074074074066,8.333333333333332,0.0,87.5,2.0
HWANG S. H.,KOR,3,0,0,1,0.0,0.0,7.4074074074074066,0.0,0.0,100.0,0.0
HWEDES,GER,7,0,3,1,0.0,0.0,22.22222222222222,0.0,0.0,62.5,2.0
HYUNGIL,KOR,4,0,0,1,0.0,0.0,11.11111111111111,0.0,0.0,100.0,0.0
Hababi EL ARBI,MAR,3,0,1,1,0.0,0.0,7.4074074074074066,0.0,0.0,87.5,2.0
Hadi DAHANE,MAR,3,0,0,1,0.0,0.0,7.4074074074074066,0.0,0.0,100.0,0.0
Hafez KASSEB,EGY,1,0,0,1,0.0,0.0,0.0,0.0,0.0,100.0,
Hakan MILD,SWE,7,1,1,1,0.1428571428571428,5.88235294117647,22.22222222222222,3.571428571428571,0.0,87.5,2.0
Hamid Majid TAYMOURI,IRN,3,0,0,1,0.0,0.0,7.4074074074074066,0.0,0.0,100.0,0.0
Hamud AL SHEMMARI,KUW,3,0,0,1,0.0,0.0,7.4074074074074066,0.0,0.0,100.0,0.0
Hamza FALATAH,KSA,4,0,1,1,0.0,0.0,11.11111111111111,0.0,0.0,87.5,2.0
Hannes REINMAYR,AUT,3,0,1,1,0.0,0.0,7.4074074074074066,0.0,0.0,87.5,2.0
Hans AGBO,CMR,3,0,0,1,0.0,0.0,7.4074074074074066,0.0,0.0,100.0,0.0
Hans BAUER,FRG,6,0,0,1,0.0,0.0,18.51851851851852,0.0,0.0,100.0,0.0
Hans BUZEK,AUT,3,0,0,1,0.0,0.0,7.4074074074074066,0.0,0.0,100.0,0.0
Hans CIESCLARCZYK,FRG,6,1,0,1,0.1666666666666666,5.88235294117647,18.51851851851852,4.166666666666666,0.0,100.0,0.0
Hans DIHANICH,AUT,5,0,0,1,0.0,0.0,14.814814814814811,0.0,0.0,100.0,0.0
Hans GILLHAUS,NED,4,0,0,1,0.0,0.0,11.11111111111111,0.0,0.0,100.0,0.0
Hans Georg SCHWARZENBECK,FRG,13,0,0,2,0.0,0.0,44.44444444444444,0.0,25.0,100.0,1.0
Hans JAKOB,GER,6,0,0,2,0.0,0.0,18.51851851851852,0.0,25.0,100.0,1.0
Hans JEPPSSON,SWE,5,2,0,1,0.4,11.76470588235294,14.814814814814811,10.0,0.0,100.0,0.0
Hans KRANKL,AUT,11,4,0,2,0.3636363636363636,23.52941176470588,37.03703703703704,9.090909090909092,25.0,100.0,1.0
Hans MOCK,GER,2,0,0,1,0.0,0.0,3.7037037037037033,0.0,0.0,100.0,
Hans NOWAK,FRG,4,0,0,1,0.0,0.0,11.11111111111111,0.0,0.0,100.0,0.0
Hans PESSER,GER,2,0,1,1,0.0,0.0,3.7037037037037033,0.0,0.0,87.5,
Hans PFLUEGLER,FRG,7,0,0,1,0.0,0.0,22.22222222222222,0.0,0.0,100.0,0.0
Hans PIRKNER,AUT,6,0,0,1,0.0,0.0,18.51851851851852,0.0,0.0,100.0,0.0
Hans Peter BRIEGEL,FRG,14,0,2,2,0.0,0.0,48.14814814814815,0.0,25.0,75.0,3.0
Hans SCHAEFER,FRG,16,7,0,3,0.4375,41.17647058823529,55.55555555555556,10.9375,50.0,100.0,3.0
Hans SCHWARTZ,GER,4,0,0,1,0.0,0.0,11.11111111111111,0.0,0.0,100.0,0.0
Hans SELANDER,SWE,3,0,0,1,0.0,0.0,7.4074074074074066,0.0,0.0,100.0,0.0
Hans SIEGENTHALER,SUI,3,0,0,1,0.0,0.0,7.4074074074074066,0.0,0.0,100.0,0.0
Hans STURM,FRG,10,0,0,2,0.0,0.0,33.33333333333333,0.0,25.0,100.0,1.0
Hans TAIHUTTU,INH,1,0,0,1,0.0,0.0,0.0,0.0,0.0,100.0,
Hans TILKOWSKI,FRG,10,0,0,2,0.0,0.0,33.33333333333333,0.0,25.0,100.0,1.0
Hans URBANEK,AUT,4,0,0,1,0.0,0.0,11.11111111111111,0.0,0.0,100.0,0.0
Hans VAN BREUKELEN,NED,4,0,0,1,0.0,0.0,11.11111111111111,0.0,0.0,100.0,0.0
Hans VONK,RSA,3,0,0,1,0.0,0.0,7.4074074074074066,0.0,0.0,100.0,0.0
Hans WEBER,SUI,3,0,0,1,0.0,0.0,7.4074074074074066,0.0,0.0,100.0,0.0
Hans-Juergen KREISCHE,GDR,6,0,1,1,0.0,0.0,18.51851851851852,0.0,0.0,87.5,2.0
Hans-Peter FRIEDLAENDER,SUI,3,0,0,1,0.0,0.0,7.4074074074074066,0.0,0.0,100.0,0.0
Hans-Ruedi FUHRER,SUI,3,0,0,1,0.0,0.0,7.4074074074074066,0.0,0.0,100.0,0.0
Hansi MUELLER,FRG,13,1,1,2,0.0769230769230769,5.88235294117647,44.44444444444444,1.9230769230769231,25.0,87.5,1.0
Hany KAMEL,EGY,1,0,0,1,0.0,0.0,0.0,0.0,0.0,100.0,
Hany RAMZY,EGY,3,0,0,1,0.0,0.0,7.4074074074074066,0.0,0.0,100.0,0.0
Harald CERNY,AUT,3,0,0,1,0.0,0.0,7.4074074074074066,0.0,0.0,100.0,0.0
Harald IRMSCHER,GDR,6,0,0,1,0.0,0.0,18.51851851851852,0.0,0.0,100.0,0.0
Harald KONOPKA,FRG,6,0,0,1,0.0,0.0,18.51851851851852,0.0,0.0,100.0,0.0
Harald SCHUMACHER,FRG,14,0,0,2,0.0,0.0,48.14814814814815,0.0,25.0,100.0,1.0
Harry ANDERSSON,SWE,3,3,0,1,1.0,17.647058823529413,7.4074074074074066,25.0,0.0,100.0,0.0
Harry GREGG,NIR,5,0,0,1,0.0,0.0,14.814814814814811,0.0,0.0,100.0,0.0
Harry HADDOCK,SCO,3,0,0,1,0.0,0.0,7.4074074074074066,0.0,0.0,100.0,0.0
Harry HOOPER,ENG,3,0,0,1,0.0,0.0,7.4074074074074066,0.0,0.0,100.0,0.0
Harry KEOUGH,USA,3,0,0,1,0.0,0.0,7.4074074074074066,0.0,0.0,100.0,0.0
Harry LUBSE,NED,7,0,0,1,0.0,0.0,22.22222222222222,0.0,0.0,100.0,0.0
Harry NILSSON,SWE,3,0,0,1,0.0,0.0,7.4074074074074066,0.0,0.0,100.0,0.0
Harry VOS,NED,7,0,0,1,0.0,0.0,22.22222222222222,0.0,0.0,100.0,0.0
Harry WILLIAMS,AUS,3,0,0,1,0.0,0.0,7.4074074074074066,0.0,0.0,100.0,0.0
Hassan ABDULQADER,UAE,3,0,0,1,0.0,0.0,7.4074074074074066,0.0,0.0,100.0,0.0
Hassan EL FAR,EGY,1,0,0,1,0.0,0.0,0.0,0.0,0.0,100.0,
Hassan KACHLOUL,MAR,3,0,0,1,0.0,0.0,7.4074074074074066,0.0,0.0,100.0,0.0
Hassan NADER,MAR,3,1,1,1,0.3333333333333333,5.88235294117647,7.4074074074074066,8.333333333333332,0.0,87.5,2.0
Hassan NAIBAGHA,IRN,3,0,0,1,0.0,0.0,7.4074074074074066,0.0,0.0,100.0,0.0
Hassan NAZARI,IRN,3,0,1,1,0.0,0.0,7.4074074074074066,0.0,0.0,87.5,2.0
Hassan RAGHAB,EGY,1,0,0,1,0.0,0.0,0.0,0.0,0.0,100.0,
Hassan ROWSHAN,IRN,3,1,0,1,0.3333333333333333,5.88235294117647,7.4074074074074066,8.333333333333332,0.0,100.0,0.0
Hasse BORG,SWE,3,0,1,1,0.0,0.0,7.4074074074074066,0.0,0.0,87.5,2.0
Hector BALEY,ARG,12,0,0,2,0.0,0.0,40.74074074074074,0.0,25.0,100.0,1.0
Hector CASTRO,URU,4,2,0,1,0.5,11.76470588235294,11.11111111111111,12.5,0.0,100.0,0.0
Hector CAZENAVE,FRA,2,0,0,1,0.0,0.0,3.7037037037037033,0.0,0.0,100.0,
Hector CHUMPITAZ,PER,10,1,0,2,0.1,5.88235294117647,33.33333333333333,2.5,25.0,100.0,1.0
Hector DE BOURGOING,FRA,3,0,0,1,0.0,0.0,7.4074074074074066,0.0,0.0,100.0,0.0
Hector ECHEVERRI,COL,3,0,0,1,0.0,0.0,7.4074074074074066,0.0,0.0,100.0,0.0
Hector ENRIQUE,ARG,7,0,1,1,0.0,0.0,22.22222222222222,0.0,0.0,87.5,2.0
Hector FACUNDO,ARG,3,1,0,1,0.3333333333333333,5.88235294117647,7.4074074074074066,8.333333333333332,0.0,100.0,0.0
Hector FRESCHI,ARG,1,0,0,1,0.0,0.0,0.0,0.0,0.0,100.0,
Hector GONZALEZ,COL,3,0,0,1,0.0,0.0,7.4074074074074066,0.0,0.0,100.0,0.0
Hector HERNANDEZ,MEX,3,0,0,1,0.0,0.0,7.4074074074074066,0.0,0.0,100.0,0.0
Hector MARCHENA,CRC,4,0,2,1,0.0,0.0,11.11111111111111,0.0,0.0,75.0,2.0
Hector ORTIZ,MEX,3,0,0,1,0.0,0.0,7.4074074074074066,0.0,0.0,100.0,0.0
Hector PULIDO,MEX,4,0,0,1,0.0,0.0,11.11111111111111,0.0,0.0,100.0,0.0
Hector SAAVEDRA,BOL,1,0,0,1,0.0,0.0,0.0,0.0,0.0,100.0,
Hector SALVA,URU,4,0,0,1,0.0,0.0,11.11111111111111,0.0,0.0,100.0,0.0
Hector SANTOS,URU,9,0,0,2,0.0,0.0,29.629629629629623,0.0,25.0,100.0,1.0
Hector SCARONE,URU,4,1,0,1,0.25,5.88235294117647,11.11111111111111,6.25,0.0,100.0,0.0
Hector SILVA,URU,7,0,2,2,0.0,0.0,22.22222222222222,0.0,25.0,75.0,1.0
Hector SOCORRO,CUB,3,3,0,1,1.0,17.647058823529413,7.4074074074074066,25.0,0.0,100.0,0.0
Hector VILCHES,URU,4,0,0,1,0.0,0.0,11.11111111111111,0.0,0.0,100.0,0.0
Hector YAZALDE,ARG,6,2,0,1,0.3333333333333333,11.76470588235294,18.51851851851852,8.333333333333332,0.0,100.0,0.0
Hector ZELADA,ARG,7,0,0,1,0.0,0.0,22.22222222222222,0.0,0.0,100.0,0.0
Hector ZELAYA,HON,3,1,0,1,0.3333333333333333,5.88235294117647,7.4074074074074066,8.333333333333332,0.0,100.0,0.0
Heimo PFEIFENBERGER,AUT,6,0,0,2,0.0,0.0,18.51851851851852,0.0,25.0,100.0,1.0
Heinrich STRASSER,AUT,6,0,0,1,0.0,0.0,18.51851851851852,0.0,0.0,100.0,0.0
Heinz BAENI,SUI,3,0,0,1,0.0,0.0,7.4074074074074066,0.0,0.0,100.0,0.0
Heinz BIGLER,SUI,4,0,0,1,0.0,0.0,11.11111111111111,0.0,0.0,100.0,0.0
Heinz FLOHE,FRG,13,2,0,2,0.1538461538461538,11.76470588235294,44.44444444444444,3.8461538461538463,25.0,100.0,1.0
Heinz HORNIG,FRG,6,0,0,1,0.0,0.0,18.51851851851852,0.0,0.0,100.0,0.0
Heinz KUBSCH,FRG,6,0,0,1,0.0,0.0,18.51851851851852,0.0,0.0,100.0,0.0
Heinz KWIATKOWSKI,FRG,12,0,0,2,0.0,0.0,40.74074074074074,0.0,25.0,100.0,1.0
Heinz SCHNEITER,SUI,6,1,0,2,0.1666666666666666,5.88235294117647,18.51851851851852,4.166666666666666,25.0,100.0,1.0
Heinz STREHL,FRG,4,0,0,1,0.0,0.0,11.11111111111111,0.0,0.0,100.0,0.0
Heinz VOLLMAR,FRG,4,0,0,1,0.0,0.0,11.11111111111111,0.0,0.0,100.0,0.0
Heinz WEWERS,FRG,6,0,0,1,0.0,0.0,18.51851851851852,0.0,0.0,100.0,0.0
Helmut HALLER,FRG,16,5,0,3,0.3125,29.411764705882355,55.55555555555556,7.8125,50.0,100.0,3.0
Helmut KREMERS,FRG,7,0,0,1,0.0,0.0,22.22222222222222,0.0,0.0,100.0,0.0
Helmut RAHN,FRG,12,10,0,2,0.8333333333333334,58.82352941176471,40.74074074074074,20.833333333333336,25.0,100.0,1.0
Helmut SENEKOWITSCH,AUT,3,0,0,1,0.0,0.0,7.4074074074074066,0.0,0.0,100.0,0.0
Hendrikus PLENTER,NED,1,0,0,1,0.0,0.0,0.0,0.0,0.0,100.0,
Henk FRAESER,NED,4,0,0,1,0.0,0.0,11.11111111111111,0.0,0.0,100.0,0.0
Henk PELLIKAAN,NED,1,0,0,1,0.0,0.0,0.0,0.0,0.0,100.0,
Henk SOMMERS,INH,1,0,0,1,0.0,0.0,0.0,0.0,0.0,100.0,
Henk VAN SPAANDONCK,NED,1,0,0,1,0.0,0.0,0.0,0.0,0.0,100.0,
Hennes LOEHR,FRG,6,0,1,1,0.0,0.0,18.51851851851852,0.0,0.0,87.5,2.0
Henning BERG,NOR,4,0,1,1,0.0,0.0,11.11111111111111,0.0,0.0,87.5,2.0
Henock ABRAHAMSSON,SWE,3,0,0,1,0.0,0.0,7.4074074074074066,0.0,0.0,100.0,0.0
Henri DE DEKEN,BEL,2,0,0,1,0.0,0.0,3.7037037037037033,0.0,0.0,100.0,
Henri DIRICKX,BEL,2,0,0,1,0.0,0.0,3.7037037037037033,0.0,0.0,100.0,
Henri ISEMBORGHS,BEL,1,1,0,1,1.0,5.88235294117647,0.0,25.0,0.0,100.0,
Henri MICHEL,FRA,3,0,1,1,0.0,0.0,7.4074074074074066,0.0,0.0,87.5,2.0
Henrik ANDERSEN,DEN,4,0,1,1,0.0,0.0,11.11111111111111,0.0,0.0,87.5,2.0
Henrik LARSSON,SWE,7,1,0,1,0.1428571428571428,5.88235294117647,22.22222222222222,3.571428571428571,0.0,100.0,0.0
Henry COCKBURN,ENG,3,0,0,1,0.0,0.0,7.4074074074074066,0.0,0.0,100.0,0.0
Henry FRANCILLON,HAI,3,0,0,1,0.0,0.0,7.4074074074074066,0.0,0.0,100.0,0.0
Henry JOHANSEN,NOR,1,0,0,1,0.0,0.0,0.0,0.0,0.0,100.0,
Henry KALLGREN,SWE,6,0,0,1,0.0,0.0,18.51851851851852,0.0,0.0,100.0,0.0
Henryk KASPERCZAK,POL,13,0,2,2,0.0,0.0,44.44444444444444,0.0,25.0,75.0,1.0
Henryk MACULEWICZ,POL,6,0,1,1,0.0,0.0,18.51851851851852,0.0,0.0,87.5,2.0
Henryk WIECZOREK,POL,7,0,0,1,0.0,0.0,22.22222222222222,0.0,0.0,100.0,0.0
Herbert ERHARDT,FRG,16,0,0,3,0.0,0.0,55.55555555555556,0.0,50.0,100.0,3.0
Herbert FEURER,AUT,5,0,0,1,0.0,0.0,14.814814814814811,0.0,0.0,100.0,0.0
Herbert NINAUS,AUT,3,0,0,1,0.0,0.0,7.4074074074074066,0.0,0.0,100.0,0.0
Herbert PROHASKA,AUT,11,0,1,2,0.0,0.0,37.03703703703704,0.0,25.0,87.5,1.0
Herbert WIMMER,FRG,7,0,0,1,0.0,0.0,22.22222222222222,0.0,0.0,100.0,0.0
Herbert ZIMMERMANN,FRG,6,0,0,1,0.0,0.0,18.51851851851852,0.0,0.0,100.0,0.0
Heribert WEBER,AUT,11,0,0,2,0.0,0.0,37.03703703703704,0.0,25.0,100.0,1.0
Herman GAVIRIA,COL,3,1,1,1,0.3333333333333333,5.88235294117647,7.4074074074074066,8.333333333333332,0.0,87.5,2.0
Herman RAPP,USA,1,0,0,1,0.0,0.0,0.0,0.0,0.0,100.0,
Hermann NUBER,FRG,6,0,0,1,0.0,0.0,18.51851851851852,0.0,0.0,100.0,0.0
Hermann SPRINGER,SUI,3,0,0,1,0.0,0.0,7.4074074074074066,0.0,0.0,100.0,0.0
Hermidio BARRANTES,CRC,4,0,0,1,0.0,0.0,11.11111111111111,0.0,0.0,100.0,0.0
Hernan CARVALLO,CHI,3,0,0,1,0.0,0.0,7.4074074074074066,0.0,0.0,100.0,0.0
Hernan DIAZ,ARG,4,0,0,1,0.0,0.0,11.11111111111111,0.0,0.0,100.0,0.0
Hernan MEDFORD,CRC,4,1,0,1,0.25,5.88235294117647,11.11111111111111,6.25,0.0,100.0,0.0
Hernando TOVAR,COL,3,0,0,1,0.0,0.0,7.4074074074074066,0.0,0.0,100.0,0.0
Hesham YAKAN,EGY,3,0,0,1,0.0,0.0,7.4074074074074066,0.0,0.0,100.0,0.0
Hidetoshi NAKATA,JPN,3,0,0,1,0.0,0.0,7.4074074074074066,0.0,0.0,100.0,0.0
Hilario LOPEZ,MEX,3,0,0,1,0.0,0.0,7.4074074074074066,0.0,0.0,100.0,0.0
Hilarion OSORIO,PAR,2,0,0,1,0.0,0.0,3.7037037037037033,0.0,0.0,100.0,
Hipolito RINCON,ESP,5,0,0,1,0.0,0.0,14.814814814814811,0.0,0.0,100.0,0.0
Hiroaki MORISHIMA,JPN,3,0,0,1,0.0,0.0,7.4074074074074066,0.0,0.0,100.0,0.0
Hiroshi NANAMI,JPN,3,0,1,1,0.0,0.0,7.4074074074074066,0.0,0.0,87.5,2.0
Hjalmar ANDRESEN,NOR,1,0,0,1,0.0,0.0,0.0,0.0,0.0,100.0,
Hocine YAHI,ALG,3,0,0,1,0.0,0.0,7.4074074074074066,0.0,0.0,100.0,0.0
Holger HIERONYMUS,FRG,7,0,0,1,0.0,0.0,22.22222222222222,0.0,0.0,100.0,0.0
Hong Djien TAN,INH,1,0,0,1,0.0,0.0,0.0,0.0,0.0,100.0,
Honorino LANDA,CHI,9,0,1,2,0.0,0.0,29.629629629629623,0.0,25.0,87.5,1.0
Horacio CASARIN,MEX,3,1,0,1,0.3333333333333333,5.88235294117647,7.4074074074074066,8.333333333333332,0.0,100.0,0.0
Horacio LOPEZ SALGADO,MEX,4,0,0,1,0.0,0.0,11.11111111111111,0.0,0.0,100.0,0.0
Horacio MUNOZ,CHI,3,0,0,1,0.0,0.0,7.4074074074074066,0.0,0.0,100.0,0.0
Horacio TROCHE,URU,7,0,1,2,0.0,0.0,22.22222222222222,0.0,25.0,87.5,1.0
Horst ECKEL,FRG,12,0,0,2,0.0,0.0,40.74074074074074,0.0,25.0,100.0,1.0
Horst HRUBESCH,FRG,7,1,1,1,0.1428571428571428,5.88235294117647,22.22222222222222,3.571428571428571,0.0,87.5,2.0
Horst SZYMANIAK,FRG,10,0,0,2,0.0,0.0,33.33333333333333,0.0,25.0,100.0,1.0
Horst WOLTER,FRG,6,0,0,1,0.0,0.0,18.51851851851852,0.0,0.0,100.0,0.0
Horst-Dieter HOETTGES,FRG,19,0,0,3,0.0,0.0,66.66666666666666,0.0,50.0,100.0,3.0
Hossam HASSAN,EGY,3,0,0,1,0.0,0.0,7.4074074074074066,0.0,0.0,100.0,0.0
Houmane JARIR,MAR,3,1,0,1,0.3333333333333333,5.88235294117647,7.4074074074074066,8.333333333333332,0.0,100.0,0.0
Hristo BONEV,BUL,6,2,0,2,0.3333333333333333,11.76470588235294,18.51851851851852,8.333333333333332,25.0,100.0,1.0
Hristo ILIEV,BUL,3,0,0,1,0.0,0.0,7.4074074074074066,0.0,0.0,100.0,0.0
Hristo KOLEV,BUL,4,0,0,1,0.0,0.0,11.11111111111111,0.0,0.0,100.0,0.0
Hristo STOICHKOV,BUL,3,0,1,1,0.0,0.0,7.4074074074074066,0.0,0.0,87.5,2.0
Hubert BAUMGARTNER,AUT,6,0,0,1,0.0,0.0,18.51851851851852,0.0,0.0,100.0,0.0
Hugo BERLY,CHI,3,0,0,1,0.0,0.0,7.4074074074074066,0.0,0.0,100.0,0.0
Hugo BROOS,BEL,7,0,0,1,0.0,0.0,22.22222222222222,0.0,0.0,100.0,0.0
Hugo DE LEON,URU,4,0,0,1,0.0,0.0,11.11111111111111,0.0,0.0,100.0,0.0
Hugo GASTULO,PER,3,0,0,1,0.0,0.0,7.4074074074074066,0.0,0.0,100.0,0.0
Hugo GATTI,ARG,4,0,0,1,0.0,0.0,11.11111111111111,0.0,0.0,100.0,0.0
Hugo HOVENKAMP,NED,7,0,0,1,0.0,0.0,22.22222222222222,0.0,0.0,100.0,0.0
Hugo PEREZ,ARG,4,0,0,1,0.0,0.0,11.11111111111111,0.0,0.0,100.0,0.0
Hugo PEREZ,ARG,4,0,0,1,0.0,0.0,11.11111111111111,0.0,0.0,100.0,0.0
Hugo PEREZ,USA,4,0,0,1,0.0,0.0,11.11111111111111,0.0,0.0,100.0,0.0
Hugo PEREZ,USA,4,0,0,1,0.0,0.0,11.11111111111111,0.0,0.0,100.0,0.0
Hugo RODRIGUEZ,MEX,3,0,0,1,0.0,0.0,7.4074074074074066,0.0,0.0,100.0,0.0
Hugo SNCHEZ,MEX,12,1,3,3,0.0833333333333333,5.88235294117647,40.74074074074074,2.083333333333333,50.0,62.5,3.0
Hugo SOTIL,PER,10,0,0,2,0.0,0.0,33.33333333333333,0.0,25.0,100.0,1.0
Hugo VILLANUEVA,CHI,3,0,0,1,0.0,0.0,7.4074074074074066,0.0,0.0,100.0,0.0
Humberto CRUZ,CHI,9,0,0,2,0.0,0.0,29.629629629629623,0.0,25.0,100.0,1.0
Humberto DONOSO,CHI,3,0,0,1,0.0,0.0,7.4074074074074066,0.0,0.0,100.0,0.0
Humberto ELGUETA,CHI,3,0,0,1,0.0,0.0,7.4074074074074066,0.0,0.0,100.0,0.0
Humberto MASCHIO,ITA,3,0,0,1,0.0,0.0,7.4074074074074066,0.0,0.0,100.0,0.0
Hussain Said MUHAMMAD,IRQ,3,0,0,1,0.0,0.0,7.4074074074074066,0.0,0.0,100.0,0.0
Hussein AL SADEQ,KSA,4,0,0,1,0.0,0.0,11.11111111111111,0.0,0.0,100.0,0.0
Hussein FARAKI,IRN,3,0,0,1,0.0,0.0,7.4074074074074066,0.0,0.0,100.0,0.0
Hussein KAZERANI,IRN,3,0,0,1,0.0,0.0,7.4074074074074066,0.0,0.0,100.0,0.0
Hussein SULIMANI,KSA,1,0,0,1,0.0,0.0,0.0,0.0,0.0,100.0,
I CASTRO,MEX,4,0,1,1,0.0,0.0,11.11111111111111,0.0,0.0,87.5,2.0
I Guillermo CAMPANAL,ESP,3,0,0,1,0.0,0.0,7.4074074074074066,0.0,0.0,100.0,0.0
I QUINCOCES,ESP,3,0,0,1,0.0,0.0,7.4074074074074066,0.0,0.0,100.0,0.0
I. AL-HARBI,KSA,3,0,0,1,0.0,0.0,7.4074074074074066,0.0,0.0,100.0,0.0
I. AYEW,GHA,5,0,0,1,0.0,0.0,14.814814814814811,0.0,0.0,100.0,0.0
I. BRIZUELA,MEX,4,0,0,1,0.0,0.0,11.11111111111111,0.0,0.0,100.0,0.0
I. CAMPO,ESP,3,0,1,1,0.0,0.0,7.4074074074074066,0.0,0.0,87.5,2.0
I. CASILLAS,ESP,3,0,1,1,0.0,0.0,7.4074074074074066,0.0,0.0,87.5,2.0
I. HELGUERA,ESP,5,0,0,1,0.0,0.0,14.814814814814811,0.0,0.0,100.0,0.0
I. HURTADO,ECU,4,0,1,1,0.0,0.0,11.11111111111111,0.0,0.0,87.5,2.0
I. KAVIEDES,ECU,4,1,0,1,0.25,5.88235294117647,11.11111111111111,6.25,0.0,100.0,0.0
I. LEKO,CRO,3,0,0,1,0.0,0.0,7.4074074074074066,0.0,0.0,100.0,0.0
I.GONZALEZ,URU,7,0,0,1,0.0,0.0,22.22222222222222,0.0,0.0,100.0,0.0
IAQUINTA,ITA,10,1,1,2,0.1,5.88235294117647,33.33333333333333,2.5,25.0,87.5,1.0
IATSENKO,UKR,5,0,0,1,0.0,0.0,14.814814814814811,0.0,0.0,100.0,0.0
IBARBO,COL,5,0,0,1,0.0,0.0,14.814814814814811,0.0,0.0,100.0,0.0
IBARRA,ECU,6,0,0,2,0.0,0.0,18.51851851851852,0.0,25.0,100.0,1.0
IBIEVI?,BIH,3,1,0,1,0.3333333333333333,5.88235294117647,7.4074074074074066,8.333333333333332,0.0,100.0,0.0
IBRAHIM MEER,UAE,3,0,1,1,0.0,0.0,7.4074074074074066,0.0,0.0,87.5,2.0
IBRAHIMOVIC,SWE,8,0,0,2,0.0,0.0,25.925925925925924,0.0,25.0,100.0,1.0
IBRI?I?,BIH,3,0,0,1,0.0,0.0,7.4074074074074066,0.0,0.0,100.0,0.0
ICHIKAWA,JPN,4,0,0,1,0.0,0.0,11.11111111111111,0.0,0.0,100.0,0.0
IDEYE,NGA,3,0,0,1,0.0,0.0,7.4074074074074066,0.0,0.0,100.0,0.0
IDRISSOU,CMR,3,0,0,1,0.0,0.0,7.4074074074074066,0.0,0.0,100.0,0.0
IGI?,SRB,3,0,1,1,0.0,0.0,7.4074074074074066,0.0,0.0,87.5,2.0
IGNASHEVICH,RUS,3,0,0,1,0.0,0.0,7.4074074074074066,0.0,0.0,100.0,0.0
IKEDIA,NGA,3,0,0,1,0.0,0.0,7.4074074074074066,0.0,0.0,100.0,0.0
IKPEBA,NGA,4,1,1,1,0.25,5.88235294117647,11.11111111111111,6.25,0.0,87.5,2.0
ILHAN MANSIZ,TUR,7,3,1,1,0.4285714285714285,17.647058823529413,22.22222222222222,10.714285714285714,0.0,87.5,2.0
ILI?,SVN,3,0,0,1,0.0,0.0,7.4074074074074066,0.0,0.0,100.0,0.0
ILIEV,BUL,3,0,1,1,0.0,0.0,7.4074074074074066,0.0,0.0,87.5,2.0
IM Seung Hwi,PRK,4,0,0,1,0.0,0.0,11.11111111111111,0.0,0.0,100.0,0.0
IMMOBILE,ITA,3,0,0,1,0.0,0.0,7.4074074074074066,0.0,0.0,100.0,0.0
INACIO,POR,3,0,0,1,0.0,0.0,7.4074074074074066,0.0,0.0,100.0,0.0
INAMOTO,JPN,11,2,1,3,0.1818181818181818,11.76470588235294,37.03703703703704,4.545454545454546,50.0,87.5,3.0
INCE,TRI,3,0,0,1,0.0,0.0,7.4074074074074066,0.0,0.0,100.0,0.0
INDIO,BRA,3,0,0,1,0.0,0.0,7.4074074074074066,0.0,0.0,100.0,0.0
INKOOM,GHA,8,0,0,2,0.0,0.0,25.925925925925924,0.0,25.0,100.0,1.0
INLER,SUI,7,0,1,2,0.0,0.0,22.22222222222222,0.0,25.0,87.5,1.0
INOHA,JPN,3,0,0,1,0.0,0.0,7.4074074074074066,0.0,0.0,100.0,0.0
INSAYAF ABDULFATTAH,IRQ,3,0,0,1,0.0,0.0,7.4074074074074066,0.0,0.0,100.0,0.0
INSIGNE,ITA,3,0,0,1,0.0,0.0,7.4074074074074066,0.0,0.0,100.0,0.0
INZAGHI,ITA,11,1,0,2,0.0909090909090909,5.88235294117647,37.03703703703704,2.272727272727273,25.0,100.0,1.0
IONOV,RUS,3,0,0,1,0.0,0.0,7.4074074074074066,0.0,0.0,100.0,0.0
IRARAGORRI,ESP,3,1,0,1,0.3333333333333333,5.88235294117647,7.4074074074074066,8.333333333333332,0.0,100.0,0.0
IROHA,NGA,4,0,0,1,0.0,0.0,11.11111111111111,0.0,0.0,100.0,0.0
ISAILOVI?,SRB,3,0,0,1,0.0,0.0,7.4074074074074066,0.0,0.0,100.0,0.0
ISAKSSON,SWE,8,0,0,2,0.0,0.0,25.925925925925924,0.0,25.0,100.0,1.0
ISLA,CHI,8,0,0,2,0.0,0.0,25.925925925925924,0.0,25.0,100.0,1.0
ISSA,RSA,3,0,1,1,0.0,0.0,7.4074074074074066,0.0,0.0,87.5,2.0
ISSAH,GHA,4,0,0,1,0.0,0.0,11.11111111111111,0.0,0.0,100.0,0.0
ITALIA,BRA,2,0,0,1,0.0,0.0,3.7037037037037033,0.0,0.0,100.0,
ITANJDE,CMR,3,0,0,1,0.0,0.0,7.4074074074074066,0.0,0.0,100.0,0.0
IULIANO,ITA,4,0,0,1,0.0,0.0,11.11111111111111,0.0,0.0,100.0,0.0
IVAN MARIZ,BRA,2,0,0,1,0.0,0.0,3.7037037037037033,0.0,0.0,100.0,
IVANOV,BUL,7,0,3,1,0.0,0.0,22.22222222222222,0.0,0.0,62.5,2.0
IVANOVI?,SRB,3,0,1,1,0.0,0.0,7.4074074074074066,0.0,0.0,87.5,2.0
IWAMASA,JPN,4,0,0,1,0.0,0.0,11.11111111111111,0.0,0.0,100.0,0.0
IZAGUIRRE,HON,3,0,1,1,0.0,0.0,7.4074074074074066,0.0,0.0,87.5,2.0
IZMAYLOV,RUS,3,0,0,1,0.0,0.0,7.4074074074074066,0.0,0.0,100.0,0.0
Iacob FELECAN,ROU,2,0,0,1,0.0,0.0,3.7037037037037033,0.0,0.0,100.0,
Ian BRIDGE,CAN,3,0,0,1,0.0,0.0,7.4074074074074066,0.0,0.0,100.0,0.0
Ian CALLAGHAN,ENG,6,0,0,1,0.0,0.0,18.51851851851852,0.0,0.0,100.0,0.0
Ian GOODISON,JAM,3,0,0,1,0.0,0.0,7.4074074074074066,0.0,0.0,100.0,0.0
Ian McCOLL,SCO,3,0,0,1,0.0,0.0,7.4074074074074066,0.0,0.0,100.0,0.0
Ian McMILLAN,SCO,2,0,0,1,0.0,0.0,3.7037037037037033,0.0,0.0,100.0,
Ian STEWART,NIR,3,0,0,1,0.0,0.0,7.4074074074074066,0.0,0.0,100.0,0.0
Ibrahim AL HELWA,KSA,4,0,0,1,0.0,0.0,11.11111111111111,0.0,0.0,100.0,0.0
Ibrahim AL SHAHRANI,KSA,4,0,0,2,0.0,0.0,11.11111111111111,0.0,25.0,100.0,1.0
Ibrahim AOUDOU,CMR,3,0,1,1,0.0,0.0,7.4074074074074066,0.0,0.0,87.5,2.0
Ibrahim HALIM,EGY,1,0,0,1,0.0,0.0,0.0,0.0,0.0,100.0,
Ibrahim HASSAN,EGY,3,0,1,1,0.0,0.0,7.4074074074074066,0.0,0.0,87.5,2.0
Ignace KOWALCZYK,FRA,2,0,0,1,0.0,0.0,3.7037037037037033,0.0,0.0,100.0,
Ignacio ACHUCARRO,PAR,3,0,0,1,0.0,0.0,7.4074074074074066,0.0,0.0,100.0,0.0
Ignacio AMBRIZ,MEX,4,0,0,1,0.0,0.0,11.11111111111111,0.0,0.0,100.0,0.0
Ignacio CALDERON,MEX,7,0,0,2,0.0,0.0,22.22222222222222,0.0,25.0,100.0,1.0
Ignacio CALLE,COL,3,0,0,1,0.0,0.0,7.4074074074074066,0.0,0.0,100.0,0.0
Ignacio EIZAGUIRRE,ESP,6,0,0,1,0.0,0.0,18.51851851851852,0.0,0.0,100.0,0.0
Ignacio FLORES,MEX,3,0,0,1,0.0,0.0,7.4074074074074066,0.0,0.0,100.0,0.0
Ignacio JAUREGUI,MEX,6,0,0,2,0.0,0.0,18.51851851851852,0.0,25.0,100.0,1.0
Ignacio PEREZ,COL,3,0,0,1,0.0,0.0,7.4074074074074066,0.0,0.0,100.0,0.0
Ignacio PRIETO,CHI,3,0,0,1,0.0,0.0,7.4074074074074066,0.0,0.0,100.0,0.0
Ignacio RODRIGUEZ,MEX,5,0,0,1,0.0,0.0,14.814814814814811,0.0,0.0,100.0,0.0
Ignacio ZOCO,ESP,3,0,0,1,0.0,0.0,7.4074074074074066,0.0,0.0,100.0,0.0
Ignaz PUSCHNIK,AUT,3,0,0,1,0.0,0.0,7.4074074074074066,0.0,0.0,100.0,0.0
Igor BELANOV,URS,4,2,1,1,0.5,11.76470588235294,11.11111111111111,12.5,0.0,87.5,2.0
Igor CHISLENKO,URS,10,4,1,2,0.4,23.52941176470588,33.33333333333333,10.0,25.0,87.5,1.0
Igor DOBROVOLSKYI,URS,3,1,0,1,0.3333333333333333,5.88235294117647,7.4074074074074066,8.333333333333332,0.0,100.0,0.0
Igor KORNEEV,RUS,3,0,0,1,0.0,0.0,7.4074074074074066,0.0,0.0,100.0,0.0
Igor LEDIAKHOV,RUS,3,0,0,1,0.0,0.0,7.4074074074074066,0.0,0.0,100.0,0.0
Igor NETTO,URS,9,0,0,2,0.0,0.0,29.629629629629623,0.0,25.0,100.0,1.0
Igor SHALIMOV,URS,3,0,0,1,0.0,0.0,7.4074074074074066,0.0,0.0,100.0,0.0
Igor STIMAC,CRO,7,0,1,1,0.0,0.0,22.22222222222222,0.0,0.0,87.5,2.0
Igor TUDOR,CRO,7,0,0,1,0.0,0.0,22.22222222222222,0.0,0.0,100.0,0.0
Igor VRABLIC,CAN,3,0,0,1,0.0,0.0,7.4074074074074066,0.0,0.0,100.0,0.0
Ildo MANEIRO,URU,6,1,1,1,0.1666666666666666,5.88235294117647,18.51851851851852,4.166666666666666,0.0,87.5,2.0
Ilia DYAKOV,BUL,4,0,0,1,0.0,0.0,11.11111111111111,0.0,0.0,100.0,0.0
Ilia TSYMBALAR,RUS,3,0,0,1,0.0,0.0,7.4074074074074066,0.0,0.0,100.0,0.0
Ilia VALOV,BUL,4,0,0,1,0.0,0.0,11.11111111111111,0.0,0.0,100.0,0.0
Ilian KIRYAKOV,BUL,7,0,1,1,0.0,0.0,22.22222222222222,0.0,0.0,87.5,2.0
Ilie DUMITRESCU,ROU,4,0,0,1,0.0,0.0,11.11111111111111,0.0,0.0,100.0,0.0
Ilija PETKOVIC,YUG,6,1,0,1,0.1666666666666666,5.88235294117647,18.51851851851852,4.166666666666666,0.0,100.0,0.0
Ilijas PASIC,YUG,4,0,0,1,0.0,0.0,11.11111111111111,0.0,0.0,100.0,0.0
Ilile SUBASEANU,ROU,2,0,0,1,0.0,0.0,3.7037037037037033,0.0,0.0,100.0,
Imed BEN YOUNES,TUN,3,0,1,1,0.0,0.0,7.4074074074074066,0.0,0.0,87.5,2.0
Imre GARABA,HUN,6,0,0,2,0.0,0.0,18.51851851851852,0.0,25.0,100.0,1.0
Imre KISS,HUN,3,0,0,1,0.0,0.0,7.4074074074074066,0.0,0.0,100.0,0.0
Imre KOVACS,HUN,5,0,0,1,0.0,0.0,14.814814814814811,0.0,0.0,100.0,0.0
Imre MARKOS,HUN,2,0,1,1,0.0,0.0,3.7037037037037033,0.0,0.0,87.5,
Imre MATHESZ,HUN,4,0,0,1,0.0,0.0,11.11111111111111,0.0,0.0,100.0,0.0
Imrich STACHO,TCH,6,0,0,2,0.0,0.0,18.51851851851852,0.0,25.0,100.0,1.0
Inge EJDERSTEDT,SWE,9,0,0,2,0.0,0.0,29.629629629629623,0.0,25.0,100.0,1.0
Ingemar ERLANDSSON,SWE,3,0,0,1,0.0,0.0,7.4074074074074066,0.0,0.0,100.0,0.0
Ingemar HARALDSSON,SWE,6,0,0,1,0.0,0.0,18.51851851851852,0.0,0.0,100.0,0.0
Ingvar GARD,SWE,5,0,0,1,0.0,0.0,14.814814814814811,0.0,0.0,100.0,0.0
Ingvar RYDELL,SWE,5,0,0,1,0.0,0.0,14.814814814814811,0.0,0.0,100.0,0.0
Ioachim MOLDOVEANU,ROU,2,0,0,1,0.0,0.0,3.7037037037037033,0.0,0.0,100.0,
Ioan ANDONE,ROU,4,0,0,1,0.0,0.0,11.11111111111111,0.0,0.0,100.0,0.0
Ioan LUPESCU,ROU,9,0,2,2,0.0,0.0,29.629629629629623,0.0,25.0,75.0,1.0
Ioan SABAU,ROU,4,0,0,1,0.0,0.0,11.11111111111111,0.0,0.0,100.0,0.0
Ion DUMITRU,ROU,3,0,1,1,0.0,0.0,7.4074074074074066,0.0,0.0,87.5,2.0
Ion LAPUSNEANU,ROU,2,0,0,1,0.0,0.0,3.7037037037037033,0.0,0.0,100.0,
Ion VLADOIU,ROU,5,0,1,1,0.0,0.0,14.814814814814811,0.0,0.0,87.5,2.0
Ionica BOGDAN,ROU,2,0,0,1,0.0,0.0,3.7037037037037033,0.0,0.0,100.0,
Iordan LETCHKOV,BUL,7,2,2,1,0.2857142857142857,11.76470588235294,22.22222222222222,7.142857142857142,0.0,75.0,2.0
Iosif CZAKO,ROU,2,0,0,1,0.0,0.0,3.7037037037037033,0.0,0.0,100.0,
Iosif ROTARIU,ROU,4,0,0,1,0.0,0.0,11.11111111111111,0.0,0.0,100.0,0.0
Iraj DANAYFAR,IRN,3,1,0,1,0.3333333333333333,5.88235294117647,7.4074074074074066,8.333333333333332,0.0,100.0,0.0
Isaac TERRAZAS,MEX,4,0,0,1,0.0,0.0,11.11111111111111,0.0,0.0,100.0,0.0
Isidoro DIAZ,MEX,10,1,0,3,0.1,5.88235294117647,33.33333333333333,2.5,50.0,100.0,1.0
Isidoro SAN JOSE,ESP,3,0,0,1,0.0,0.0,7.4074074074074066,0.0,0.0,100.0,0.0
Isidoro SOTA,MEX,3,0,0,1,0.0,0.0,7.4074074074074066,0.0,0.0,100.0,0.0
Isidro LANGARA,ESP,3,1,0,1,0.3333333333333333,5.88235294117647,7.4074074074074066,8.333333333333332,0.0,100.0,0.0
Ismail FERIDUN,TUR,3,0,0,1,0.0,0.0,7.4074074074074066,0.0,0.0,100.0,0.0
Ismail RAFA AT,EGY,1,0,0,1,0.0,0.0,0.0,0.0,0.0,100.0,
Ismail YOUSSEF,EGY,3,0,0,1,0.0,0.0,7.4074074074074066,0.0,0.0,100.0,0.0
Istvan AVAR,HUN,2,0,0,1,0.0,0.0,3.7037037037037033,0.0,0.0,100.0,
Istvan BALOGH,HUN,4,0,0,1,0.0,0.0,11.11111111111111,0.0,0.0,100.0,0.0
Istvan GECZI,HUN,4,0,0,1,0.0,0.0,11.11111111111111,0.0,0.0,100.0,0.0
Istvan HALASZ,HUN,3,0,0,1,0.0,0.0,7.4074074074074066,0.0,0.0,100.0,0.0
Istvan ILKU,HUN,8,0,0,2,0.0,0.0,25.925925925925924,0.0,25.0,100.0,1.0
Istvan KOCSIS,HUN,3,0,0,1,0.0,0.0,7.4074074074074066,0.0,0.0,100.0,0.0
Istvan NAGY,HUN,8,0,0,2,0.0,0.0,25.925925925925924,0.0,25.0,100.0,1.0
Istvan PALOTAS,HUN,2,0,0,1,0.0,0.0,3.7037037037037033,0.0,0.0,100.0,
Istvan TAMASSY,HUN,2,0,0,1,0.0,0.0,3.7037037037037033,0.0,0.0,100.0,
Itzhak SCHUM,ISR,3,0,0,1,0.0,0.0,7.4074074074074066,0.0,0.0,100.0,0.0
Itzhak VISSOKER,ISR,3,0,0,1,0.0,0.0,7.4074074074074066,0.0,0.0,100.0,0.0
Iulian CHIRITA,ROU,5,0,0,1,0.0,0.0,14.814814814814811,0.0,0.0,100.0,0.0
Iulian FILIPESCU,ROU,4,0,2,1,0.0,0.0,11.11111111111111,0.0,0.0,75.0,2.0
Iuliu BARATKY,ROU,2,1,0,1,0.5,5.88235294117647,3.7037037037037033,12.5,0.0,100.0,
Iuliu BODOLA,ROU,3,0,0,2,0.0,0.0,7.4074074074074066,0.0,25.0,100.0,1.0
Iuliu PRASSLER,ROU,2,0,0,1,0.0,0.0,3.7037037037037033,0.0,0.0,100.0,
Ivan BULJAN,YUG,6,0,1,1,0.0,0.0,18.51851851851852,0.0,0.0,87.5,2.0
Ivan DAVIDOV,BUL,6,0,0,2,0.0,0.0,18.51851851851852,0.0,25.0,100.0,1.0
Ivan DEYANOV,BUL,3,0,0,1,0.0,0.0,7.4074074074074066,0.0,0.0,100.0,0.0
Ivan DIMITROV,BUL,6,0,0,2,0.0,0.0,18.51851851851852,0.0,25.0,100.0,1.0
Ivan GUDELJ,YUG,3,1,0,1,0.3333333333333333,5.88235294117647,7.4074074074074066,8.333333333333332,0.0,100.0,0.0
Ivan HASEK,TCH,5,1,1,1,0.2,5.88235294117647,14.814814814814811,5.0,0.0,87.5,2.0
Ivan HORVAT,YUG,6,0,0,2,0.0,0.0,18.51851851851852,0.0,25.0,100.0,1.0
Ivan HRDLICKA,TCH,3,0,0,1,0.0,0.0,7.4074074074074066,0.0,0.0,100.0,0.0
Ivan IVANOV,BUL,3,0,0,1,0.0,0.0,7.4074074074074066,0.0,0.0,100.0,0.0
Ivan KOLEV,BUL,6,0,1,2,0.0,0.0,18.51851851851852,0.0,25.0,87.5,1.0
Ivan MENCZEL,HUN,4,0,0,1,0.0,0.0,11.11111111111111,0.0,0.0,100.0,0.0
Ivan NIELSEN,DEN,4,0,1,1,0.0,0.0,11.11111111111111,0.0,0.0,87.5,2.0
Ivan PUDAR,YUG,3,0,0,1,0.0,0.0,7.4074074074074066,0.0,0.0,100.0,0.0
Ivan SANTEK,YUG,4,0,0,1,0.0,0.0,11.11111111111111,0.0,0.0,100.0,0.0
Ivan STOYANOV,BUL,3,0,0,1,0.0,0.0,7.4074074074074066,0.0,0.0,100.0,0.0
Ivan VALENCIANO,COL,3,0,0,1,0.0,0.0,7.4074074074074066,0.0,0.0,100.0,0.0
Ivan VUTSOV,BUL,3,0,0,1,0.0,0.0,7.4074074074074066,0.0,0.0,100.0,0.0
Ivan YAREMCHUK,URS,7,1,0,2,0.1428571428571428,5.88235294117647,22.22222222222222,3.571428571428571,25.0,100.0,1.0
Ivan ZAFIROV,BUL,3,0,0,1,0.0,0.0,7.4074074074074066,0.0,0.0,100.0,0.0
Ivan ZAMORANO,CHI,4,0,1,1,0.0,0.0,11.11111111111111,0.0,0.0,87.5,2.0
Ivano BLASON,ITA,2,0,0,1,0.0,0.0,3.7037037037037033,0.0,0.0,100.0,
Ivano BORDON,ITA,14,0,0,2,0.0,0.0,48.14814814814815,0.0,25.0,100.0,1.0
Ivar ERIKSSON,SWE,3,0,0,1,0.0,0.0,7.4074074074074066,0.0,0.0,100.0,0.0
Ivaylo ANDONOV,BUL,7,0,0,1,0.0,0.0,22.22222222222222,0.0,0.0,100.0,0.0
Ivaylo PETKOV,BUL,3,0,0,1,0.0,0.0,7.4074074074074066,0.0,0.0,100.0,0.0
Ive JEROLIMOV,YUG,3,0,0,1,0.0,0.0,7.4074074074074066,0.0,0.0,100.0,0.0
Ivica BEK,YUG,3,3,0,1,1.0,17.647058823529413,7.4074074074074066,25.0,0.0,100.0,0.0
Ivica KRALJ,YUG,4,0,0,1,0.0,0.0,11.11111111111111,0.0,0.0,100.0,0.0
Ivica SURJAK,YUG,9,2,0,2,0.2222222222222222,11.76470588235294,29.629629629629623,5.555555555555555,25.0,100.0,1.0
Ivica VASTIC,AUT,3,1,1,1,0.3333333333333333,5.88235294117647,7.4074074074074066,8.333333333333332,0.0,87.5,2.0
Ivo FROSIO,SUI,4,0,0,1,0.0,0.0,11.11111111111111,0.0,0.0,100.0,0.0
Ivo KNOFLICEK,TCH,5,0,1,1,0.0,0.0,14.814814814814811,0.0,0.0,87.5,2.0
Ivo RADOVNIKOVIC,YUG,3,0,0,1,0.0,0.0,7.4074074074074066,0.0,0.0,100.0,0.0
Ivo RUDIC,AUS,3,0,0,1,0.0,0.0,7.4074074074074066,0.0,0.0,100.0,0.0
Ivo VIKTOR,TCH,3,0,0,1,0.0,0.0,7.4074074074074066,0.0,0.0,100.0,0.0
Ivor ALLCHURCH,WAL,5,2,0,1,0.4,11.76470588235294,14.814814814814811,10.0,0.0,100.0,0.0
Ivor BROADIS,ENG,3,2,0,1,0.6666666666666666,11.76470588235294,7.4074074074074066,16.666666666666664,0.0,100.0,0.0
J,BRA,7,0,2,1,0.0,0.0,22.22222222222222,0.0,0.0,75.0,2.0
J C CHOI,KOR,7,0,1,1,0.0,0.0,22.22222222222222,0.0,0.0,87.5,2.0
J C KOO,KOR,3,1,1,1,0.3333333333333333,5.88235294117647,7.4074074074074066,8.333333333333332,0.0,87.5,2.0
J COLE,ENG,14,1,0,3,0.0714285714285714,5.88235294117647,48.14814814814815,1.7857142857142856,50.0,100.0,3.0
J H AHN,KOR,7,2,1,1,0.2857142857142857,11.76470588235294,22.22222222222222,7.142857142857142,0.0,87.5,2.0
J H HONG,KOR,3,0,1,1,0.0,0.0,7.4074074074074066,0.0,0.0,87.5,2.0
J H PARK,KOR,3,0,0,1,0.0,0.0,7.4074074074074066,0.0,0.0,100.0,0.0
J H SUN,CHN,3,0,0,1,0.0,0.0,7.4074074074074066,0.0,0.0,100.0,0.0
J H YOON,KOR,7,0,0,1,0.0,0.0,22.22222222222222,0.0,0.0,100.0,0.0
J HERNANDEZ,MEX,4,2,1,1,0.5,11.76470588235294,11.11111111111111,12.5,0.0,87.5,2.0
J JIANG,CHN,3,0,0,1,0.0,0.0,7.4074074074074066,0.0,0.0,100.0,0.0
J MAGALLON,MEX,4,0,0,1,0.0,0.0,11.11111111111111,0.0,0.0,100.0,0.0
J S KO,KOR,3,0,1,1,0.0,0.0,7.4074074074074066,0.0,0.0,87.5,2.0
J S PARK,KOR,7,1,1,1,0.1428571428571428,5.88235294117647,22.22222222222222,3.571428571428571,0.0,87.5,2.0
J TORRES,MEX,4,0,0,1,0.0,0.0,11.11111111111111,0.0,0.0,100.0,0.0
J W PARK,KOR,3,0,0,1,0.0,0.0,7.4074074074074066,0.0,0.0,100.0,0.0
J W SEO,KOR,3,1,0,1,0.3333333333333333,5.88235294117647,7.4074074074074066,8.333333333333332,0.0,100.0,0.0
J Y NOH,KOR,3,0,0,1,0.0,0.0,7.4074074074074066,0.0,0.0,100.0,0.0
J Y SHAO,CHN,3,0,1,1,0.0,0.0,7.4074074074074066,0.0,0.0,87.5,2.0
J ZH ZHAO,CHN,3,0,0,1,0.0,0.0,7.4074074074074066,0.0,0.0,100.0,0.0
J. ANDRADE,POR,3,0,0,1,0.0,0.0,7.4074074074074066,0.0,0.0,100.0,0.0
J. AQUINO,MEX,4,0,0,1,0.0,0.0,11.11111111111111,0.0,0.0,100.0,0.0
J. ARELLANO,MEX,8,0,1,2,0.0,0.0,25.925925925925924,0.0,25.0,87.5,1.0
J. AYEW,GHA,3,0,1,1,0.0,0.0,7.4074074074074066,0.0,0.0,87.5,2.0
J. AYOVI,ECU,3,0,0,1,0.0,0.0,7.4074074074074066,0.0,0.0,100.0,0.0
J. BAIANO,BRA,7,0,2,1,0.0,0.0,22.22222222222222,0.0,0.0,75.0,2.0
J. BAK,POL,3,0,0,1,0.0,0.0,7.4074074074074066,0.0,0.0,100.0,0.0
J. BAPTISTA,BRA,5,0,0,1,0.0,0.0,14.814814814814811,0.0,0.0,100.0,0.0
J. BORGETTI,MEX,8,2,0,2,0.25,11.76470588235294,25.925925925925924,6.25,25.0,100.0,1.0
J. CACERES,PAR,5,0,0,1,0.0,0.0,14.814814814814811,0.0,0.0,100.0,0.0
J. CAMPOS,MEX,4,0,0,1,0.0,0.0,11.11111111111111,0.0,0.0,100.0,0.0
J. CORONA,MEX,4,0,0,1,0.0,0.0,11.11111111111111,0.0,0.0,100.0,0.0
J. COSTA,POR,3,0,2,1,0.0,0.0,7.4074074074074066,0.0,0.0,75.0,2.0
J. DE J. CORONA,MEX,4,0,0,1,0.0,0.0,11.11111111111111,0.0,0.0,100.0,0.0
J. FLO,NOR,7,0,0,2,0.0,0.0,22.22222222222222,0.0,25.0,100.0,1.0
J. FUCILE,URU,4,0,0,1,0.0,0.0,11.11111111111111,0.0,0.0,100.0,0.0
J. GUAGUA,ECU,4,0,0,1,0.0,0.0,11.11111111111111,0.0,0.0,100.0,0.0
J. GUERRERO,ESP,8,0,1,2,0.0,0.0,25.925925925925924,0.0,25.0,87.5,1.0
J. HARTING,INH,1,0,0,1,0.0,0.0,0.0,0.0,0.0,100.0,
J. HERNANDEZ,MEX,4,1,0,1,0.25,5.88235294117647,11.11111111111111,6.25,0.0,100.0,0.0
J. HOSSEINI,IRN,3,0,0,1,0.0,0.0,7.4074074074074066,0.0,0.0,100.0,0.0
J. L. PERLAZA,ECU,4,0,0,1,0.0,0.0,11.11111111111111,0.0,0.0,100.0,0.0
J. LEKO,CRO,3,0,0,1,0.0,0.0,7.4074074074074066,0.0,0.0,100.0,0.0
J. MOUTINHO,POR,3,0,1,1,0.0,0.0,7.4074074074074066,0.0,0.0,87.5,2.0
J. NEKOUNAM,IRN,3,0,1,1,0.0,0.0,7.4074074074074066,0.0,0.0,87.5,2.0
J. PALACIOS,HON,6,0,1,2,0.0,0.0,18.51851851851852,0.0,25.0,87.5,1.0
J. PEREIRA,POR,3,0,1,1,0.0,0.0,7.4074074074074066,0.0,0.0,87.5,2.0
J. POULSEN,DEN,3,0,0,1,0.0,0.0,7.4074074074074066,0.0,0.0,100.0,0.0
J. RODRIGUEZ,MEX,4,0,0,1,0.0,0.0,11.11111111111111,0.0,0.0,100.0,0.0
J. SENAYA,TOG,3,0,0,1,0.0,0.0,7.4074074074074066,0.0,0.0,100.0,0.0
J. TAE SE,PRK,3,0,0,1,0.0,0.0,7.4074074074074066,0.0,0.0,100.0,0.0
J. VAZQUEZ,MEX,4,0,2,1,0.0,0.0,11.11111111111111,0.0,0.0,75.0,2.0
J. VILLAR,PAR,5,0,0,1,0.0,0.0,14.814814814814811,0.0,0.0,100.0,0.0
J. YUN NAM,PRK,3,1,0,1,0.3333333333333333,5.88235294117647,7.4074074074074066,8.333333333333332,0.0,100.0,0.0
J. ZARINCHEH,IRN,3,0,1,1,0.0,0.0,7.4074074074074066,0.0,0.0,87.5,2.0
J.A. CASTRO,MEX,4,0,1,1,0.0,0.0,11.11111111111111,0.0,0.0,87.5,2.0
J.BIZERA,URU,3,0,0,1,0.0,0.0,7.4074074074074066,0.0,0.0,100.0,0.0
J.C. GARCIA,HON,3,0,0,1,0.0,0.0,7.4074074074074066,0.0,0.0,100.0,0.0
J.KAZEMIAN,IRN,3,0,0,1,0.0,0.0,7.4074074074074066,0.0,0.0,100.0,0.0
J.M. GIMENEZ,URU,4,0,2,1,0.0,0.0,11.11111111111111,0.0,0.0,75.0,2.0
J.MARTINEZ,ESP,7,0,0,1,0.0,0.0,22.22222222222222,0.0,0.0,100.0,0.0
J.N. PALACIOS,HON,3,0,0,1,0.0,0.0,7.4074074074074066,0.0,0.0,100.0,0.0
J.NAVAS,ESP,7,0,0,1,0.0,0.0,22.22222222222222,0.0,0.0,100.0,0.0
J.NEKOUNAM,IRN,3,0,2,1,0.0,0.0,7.4074074074074066,0.0,0.0,75.0,2.0
JACK,TRI,3,0,0,1,0.0,0.0,7.4074074074074066,0.0,0.0,100.0,0.0
JACKSON M.,COL,5,2,0,1,0.4,11.76470588235294,14.814814814814811,10.0,0.0,100.0,0.0
JAEJIN,KOR,3,0,0,1,0.0,0.0,7.4074074074074066,0.0,0.0,100.0,0.0
JAESUNG,KOR,4,0,0,1,0.0,0.0,11.11111111111111,0.0,0.0,100.0,0.0
JAGIELKA,ENG,3,0,0,1,0.0,0.0,7.4074074074074066,0.0,0.0,100.0,0.0
JAIDI,TUN,6,1,2,2,0.1666666666666666,5.88235294117647,18.51851851851852,4.166666666666666,25.0,75.0,1.0
JAIME GRACA,POR,6,0,0,1,0.0,0.0,18.51851851851852,0.0,0.0,100.0,0.0
JAIME MAGALHAES,POR,3,0,0,1,0.0,0.0,7.4074074074074066,0.0,0.0,100.0,0.0
JAIR,BRA,6,2,0,1,0.3333333333333333,11.76470588235294,18.51851851851852,8.333333333333332,0.0,100.0,0.0
JAIR DA COSTA,BRA,6,0,0,1,0.0,0.0,18.51851851851852,0.0,0.0,100.0,0.0
JAIR MARINHO,BRA,6,0,0,1,0.0,0.0,18.51851851851852,0.0,0.0,100.0,0.0
JAIRZINHO,BRA,16,9,2,3,0.5625,52.94117647058824,55.55555555555556,14.0625,50.0,75.0,3.0
JAKOBSSON,SWE,4,0,1,1,0.0,0.0,11.11111111111111,0.0,0.0,87.5,2.0
JAKUBKO,SVK,4,0,0,1,0.0,0.0,11.11111111111111,0.0,0.0,100.0,0.0
JALIENS,NED,4,0,0,1,0.0,0.0,11.11111111111111,0.0,0.0,100.0,0.0
JAMBA,ANG,3,0,1,1,0.0,0.0,7.4074074074074066,0.0,0.0,87.5,2.0
JAMES,COL,5,7,2,1,1.4,41.17647058823529,14.814814814814811,35.0,0.0,75.0,2.0
JAMES,COL,5,7,2,1,1.4,41.17647058823529,14.814814814814811,35.0,0.0,75.0,3.0
JAMES,ENG,14,0,0,3,0.0,0.0,48.14814814814815,0.0,50.0,100.0,2.0
JAMES,ENG,14,0,0,3,0.0,0.0,48.14814814814815,0.0,50.0,100.0,3.0
JANCKER,GER,7,1,1,1,0.1428571428571428,5.88235294117647,22.22222222222222,3.571428571428571,0.0,87.5,2.0
JANG D. I.,KOR,3,0,0,1,0.0,0.0,7.4074074074074066,0.0,0.0,100.0,0.0
JANG H. S.,KOR,3,0,0,1,0.0,0.0,7.4074074074074066,0.0,0.0,100.0,0.0
JANKULOVSKI,CZE,3,0,0,1,0.0,0.0,7.4074074074074066,0.0,0.0,100.0,0.0
JANMAAT,NED,7,0,0,1,0.0,0.0,22.22222222222222,0.0,0.0,100.0,0.0
JANSEN,GER,14,1,0,2,0.0714285714285714,5.88235294117647,48.14814814814815,1.7857142857142856,25.0,100.0,1.0
JANUZAJ,BEL,5,0,0,1,0.0,0.0,14.814814814814811,0.0,0.0,100.0,0.0
JAOUACHI,TUN,3,0,0,1,0.0,0.0,7.4074074074074066,0.0,0.0,100.0,0.0
JARA,CHI,8,0,0,2,0.0,0.0,25.925925925925924,0.0,25.0,100.0,1.0
JARNI,CRO,3,0,0,1,0.0,0.0,7.4074074074074066,0.0,0.0,100.0,0.0
JAROLIM,CZE,3,0,0,1,0.0,0.0,7.4074074074074066,0.0,0.0,100.0,0.0
JAU,BRA,5,0,0,1,0.0,0.0,14.814814814814811,0.0,0.0,100.0,0.0
JAVI MARTNEZ,ESP,3,0,0,1,0.0,0.0,7.4074074074074066,0.0,0.0,100.0,0.0
JAZIRI,TUN,6,1,6,2,0.1666666666666666,5.88235294117647,18.51851851851852,4.166666666666666,25.0,25.0,2.0
JEDINAK,AUS,6,0,2,2,0.0,0.0,18.51851851851852,0.0,25.0,75.0,1.0
JEFFERSON,BRA,7,0,0,1,0.0,0.0,22.22222222222222,0.0,0.0,100.0,0.0
JELASSI,TUN,3,0,0,1,0.0,0.0,7.4074074074074066,0.0,0.0,100.0,0.0
JELAVI?,CRO,3,0,0,1,0.0,0.0,7.4074074074074066,0.0,0.0,100.0,0.0
JELEN,POL,3,0,0,1,0.0,0.0,7.4074074074074066,0.0,0.0,100.0,0.0
JEMMALI,TUN,3,0,0,1,0.0,0.0,7.4074074074074066,0.0,0.0,100.0,0.0
JENAS,ENG,5,0,0,1,0.0,0.0,14.814814814814811,0.0,0.0,100.0,0.0
JENDRISEK,SVK,4,0,0,1,0.0,0.0,11.11111111111111,0.0,0.0,100.0,0.0
JENSEN,DEN,3,0,0,1,0.0,0.0,7.4074074074074066,0.0,0.0,100.0,0.0
JEONG Gi Dong,KOR,3,0,0,1,0.0,0.0,7.4074074074074066,0.0,0.0,100.0,0.0
JEREMIES,GER,7,0,1,1,0.0,0.0,22.22222222222222,0.0,0.0,87.5,2.0
JEVRIC,SCG,3,0,0,1,0.0,0.0,7.4074074074074066,0.0,0.0,100.0,0.0
JIHOON,KOR,3,0,0,1,0.0,0.0,7.4074074074074066,0.0,0.0,100.0,0.0
JINCHEUL,KOR,3,0,1,1,0.0,0.0,7.4074074074074066,0.0,0.0,87.5,2.0
JINKYU,KOR,3,0,1,1,0.0,0.0,7.4074074074074066,0.0,0.0,87.5,2.0
JIRANEK,CZE,3,0,0,1,0.0,0.0,7.4074074074074066,0.0,0.0,100.0,0.0
JISUNG,KOR,7,2,0,2,0.2857142857142857,11.76470588235294,22.22222222222222,7.142857142857142,25.0,100.0,1.0
JOAO PINTO,POR,6,0,1,2,0.0,0.0,18.51851851851852,0.0,25.0,87.5,1.0
JOAQUIN,ESP,9,0,0,2,0.0,0.0,29.629629629629623,0.0,25.0,100.0,1.0
JOB,CMR,3,0,0,1,0.0,0.0,7.4074074074074066,0.0,0.0,100.0,0.0
JOEL,BRA,8,0,0,2,0.0,0.0,25.925925925925924,0.0,25.0,100.0,1.0
JOEL CAMARGO,BRA,6,0,0,1,0.0,0.0,18.51851851851852,0.0,0.0,100.0,0.0
JOHANNSSON,USA,4,0,0,1,0.0,0.0,11.11111111111111,0.0,0.0,100.0,0.0
JOHNSON,ENG,7,0,2,2,0.0,0.0,22.22222222222222,0.0,25.0,75.0,1.0
JOHNSON,ENG,7,0,2,2,0.0,0.0,22.22222222222222,0.0,25.0,75.0,1.0
JOHNSON,USA,7,0,0,2,0.0,0.0,22.22222222222222,0.0,25.0,100.0,1.0
JOHNSON,USA,7,0,0,2,0.0,0.0,22.22222222222222,0.0,25.0,100.0,1.0
JOKI?,SVN,3,0,2,1,0.0,0.0,7.4074074074074066,0.0,0.0,75.0,2.0
JONAS,ARG,5,0,2,1,0.0,0.0,14.814814814814811,0.0,0.0,75.0,2.0
JONATHAN,GHA,8,0,2,2,0.0,0.0,25.925925925925924,0.0,25.0,75.0,1.0
JONES,ENG,3,0,0,1,0.0,0.0,7.4074074074074066,0.0,0.0,100.0,0.0
JONES,ENG,3,0,0,1,0.0,0.0,7.4074074074074066,0.0,0.0,100.0,2.0
JONES,ENG,3,0,0,1,0.0,0.0,7.4074074074074066,0.0,0.0,100.0,3.0
JONES,TRI,3,0,1,1,0.0,0.0,7.4074074074074066,0.0,0.0,87.5,0.0
JONES,TRI,3,0,1,1,0.0,0.0,7.4074074074074066,0.0,0.0,87.5,2.0
JONES,TRI,3,0,1,1,0.0,0.0,7.4074074074074066,0.0,0.0,87.5,3.0
JONES,USA,13,1,1,3,0.0769230769230769,5.88235294117647,44.44444444444444,1.9230769230769231,50.0,87.5,0.0
JONES,USA,13,1,1,3,0.0769230769230769,5.88235294117647,44.44444444444444,1.9230769230769231,50.0,87.5,2.0
JONES,USA,13,1,1,3,0.0769230769230769,5.88235294117647,44.44444444444444,1.9230769230769231,50.0,87.5,3.0
JONK,NED,5,2,1,1,0.4,11.76470588235294,14.814814814814811,10.0,0.0,87.5,2.0
JONSON,SWE,8,0,1,2,0.0,0.0,25.925925925925924,0.0,25.0,87.5,1.0
JOO RICARDO,ANG,3,0,1,1,0.0,0.0,7.4074074074074066,0.0,0.0,87.5,2.0
JOP,POL,3,0,0,1,0.0,0.0,7.4074074074074066,0.0,0.0,100.0,0.0
JORDI ALBA,ESP,3,0,0,1,0.0,0.0,7.4074074074074066,0.0,0.0,100.0,0.0
JORGE MARTINS,POR,3,0,0,1,0.0,0.0,7.4074074074074066,0.0,0.0,100.0,0.0
JORGE MENDONCA,BRA,7,0,1,1,0.0,0.0,22.22222222222222,0.0,0.0,87.5,2.0
JORGENSEN,DEN,4,0,0,1,0.0,0.0,11.11111111111111,0.0,0.0,100.0,0.0
JORGINHO,BRA,11,0,2,2,0.0,0.0,37.03703703703704,0.0,25.0,75.0,1.0
JOSE ANTONIO,POR,3,0,0,1,0.0,0.0,7.4074074074074066,0.0,0.0,100.0,0.0
JOSE AUGUSTO,POR,6,3,0,1,0.5,17.647058823529413,18.51851851851852,12.5,0.0,100.0,0.0
JOSE CARLOS,POR,6,0,0,1,0.0,0.0,18.51851851851852,0.0,0.0,100.0,0.0
JOSE PEREIRA,POR,6,0,0,1,0.0,0.0,18.51851851851852,0.0,0.0,100.0,0.0
JOSE TORRES,POR,6,3,0,1,0.5,17.647058823529413,18.51851851851852,12.5,0.0,100.0,0.0
JOSEPHS,RSA,3,0,0,1,0.0,0.0,7.4074074074074066,0.0,0.0,100.0,0.0
JOSIMAR,BRA,5,2,0,1,0.4,11.76470588235294,14.814814814814811,10.0,0.0,100.0,0.0
JOSU,BRA,5,0,0,1,0.0,0.0,14.814814814814811,0.0,0.0,100.0,0.0
JOVANOVI?,SRB,3,1,0,1,0.3333333333333333,5.88235294117647,7.4074074074074066,8.333333333333332,0.0,100.0,0.0
JRGENSEN,DEN,3,0,0,1,0.0,0.0,7.4074074074074066,0.0,0.0,100.0,0.0
JUAN,BRA,10,1,3,2,0.1,5.88235294117647,33.33333333333333,2.5,25.0,62.5,1.0
JUANELE,ESP,5,0,0,1,0.0,0.0,14.814814814814811,0.0,0.0,100.0,0.0
JUANFRAN,ESP,8,0,1,2,0.0,0.0,25.925925925925924,0.0,25.0,87.5,1.0
JUANITO,ESP,12,1,1,3,0.0833333333333333,5.88235294117647,40.74074074074074,2.083333333333333,50.0,87.5,3.0
JULINHO,BRA,3,2,0,1,0.6666666666666666,11.76470588235294,7.4074074074074066,16.666666666666664,0.0,100.0,0.0
JULIO ALBERTO,ESP,5,0,1,1,0.0,0.0,14.814814814814811,0.0,0.0,87.5,2.0
JULIO CESAR,BRA,22,0,2,4,0.0,0.0,77.77777777777779,0.0,75.0,75.0,3.0
JULIO SALINAS,ESP,14,3,1,3,0.2142857142857142,17.647058823529413,48.14814814814815,5.357142857142857,50.0,87.5,3.0
JUNGHWAN,KOR,7,1,1,2,0.1428571428571428,5.88235294117647,22.22222222222222,3.571428571428571,25.0,87.5,1.0
JUNGSOO,KOR,4,2,0,1,0.5,11.76470588235294,11.11111111111111,12.5,0.0,100.0,0.0
JUNGWOO,KOR,4,0,1,1,0.0,0.0,11.11111111111111,0.0,0.0,87.5,2.0
JUNINHO,BRA,12,1,0,2,0.0833333333333333,5.88235294117647,40.74074074074074,2.083333333333333,25.0,100.0,1.0
JUNINHO FONSECA,BRA,5,0,0,1,0.0,0.0,14.814814814814811,0.0,0.0,100.0,0.0
JUNIOR,BRA,17,2,0,3,0.1176470588235294,11.76470588235294,59.25925925925925,2.941176470588235,50.0,100.0,3.0
JURANDIR,BRA,6,0,0,1,0.0,0.0,18.51851851851852,0.0,0.0,100.0,0.0
JUSTICE,NGA,3,0,0,1,0.0,0.0,7.4074074074074066,0.0,0.0,100.0,0.0
JUVENAL,BRA,6,0,0,1,0.0,0.0,18.51851851851852,0.0,0.0,100.0,0.0
Jaap MOL,NED,1,0,0,1,0.0,0.0,0.0,0.0,0.0,100.0,
Jaap STAM,NED,7,0,2,1,0.0,0.0,22.22222222222222,0.0,0.0,75.0,2.0
Jacek KAZIMIERSKI,POL,11,0,0,2,0.0,0.0,37.03703703703704,0.0,25.0,100.0,1.0
Jacinto BARQUIN,CUB,3,0,0,1,0.0,0.0,7.4074074074074066,0.0,0.0,100.0,0.0
Jacinto VILLALBA,PAR,2,0,0,1,0.0,0.0,3.7037037037037033,0.0,0.0,100.0,
Jack CHARLTON,ENG,10,0,0,2,0.0,0.0,33.33333333333333,0.0,25.0,100.0,1.0
Jack KELSEY,WAL,5,0,0,1,0.0,0.0,14.814814814814811,0.0,0.0,100.0,0.0
Jack REILLY,AUS,3,0,0,1,0.0,0.0,7.4074074074074066,0.0,0.0,100.0,0.0
Jack SAMUELS,INH,1,0,0,1,0.0,0.0,0.0,0.0,0.0,100.0,
Jackie FATTON,SUI,7,3,0,2,0.4285714285714285,17.647058823529413,22.22222222222222,10.714285714285714,25.0,100.0,1.0
Jackie HENDERSON,SCO,2,0,0,1,0.0,0.0,3.7037037037037033,0.0,0.0,100.0,
Jackie MILBURN,ENG,3,0,0,1,0.0,0.0,7.4074074074074066,0.0,0.0,100.0,0.0
Jackie MUDIE,SCO,3,1,0,1,0.3333333333333333,5.88235294117647,7.4074074074074066,8.333333333333332,0.0,100.0,0.0
Jackie SCOTT,NIR,5,0,0,1,0.0,0.0,14.814814814814811,0.0,0.0,100.0,0.0
Jacob LAURSEN,DEN,5,0,0,1,0.0,0.0,14.814814814814811,0.0,0.0,100.0,0.0
Jacques BEURLET,BEL,3,0,0,1,0.0,0.0,7.4074074074074066,0.0,0.0,100.0,0.0
Jacques DUQUESNE,BEL,3,0,0,1,0.0,0.0,7.4074074074074066,0.0,0.0,100.0,0.0
Jacques GRIMONPON,FRA,2,0,0,1,0.0,0.0,3.7037037037037033,0.0,0.0,100.0,
Jacques MAIRESSE,FRA,1,0,0,1,0.0,0.0,0.0,0.0,0.0,100.0,
Jacques MOESCHAL,BEL,2,0,0,1,0.0,0.0,3.7037037037037033,0.0,0.0,100.0,
Jacques MUNARON,BEL,12,0,0,2,0.0,0.0,40.74074074074074,0.0,25.0,100.0,1.0
Jacques NGUEA,CMR,3,0,0,1,0.0,0.0,7.4074074074074066,0.0,0.0,100.0,0.0
Jacques SIMON,FRA,3,0,0,1,0.0,0.0,7.4074074074074066,0.0,0.0,100.0,0.0
Jacques SONGOO,CMR,8,0,0,2,0.0,0.0,25.925925925925924,0.0,25.0,100.0,1.0
Jaime BELMONTE,MEX,3,1,0,1,0.3333333333333333,5.88235294117647,7.4074074074074066,8.333333333333332,0.0,100.0,0.0
Jaime DUARTE,PER,9,0,1,2,0.0,0.0,29.629629629629623,0.0,25.0,87.5,1.0
Jaime GOMEZ,MEX,6,0,0,2,0.0,0.0,18.51851851851852,0.0,25.0,100.0,1.0
Jaime GONZALEZ,COL,3,0,0,1,0.0,0.0,7.4074074074074066,0.0,0.0,100.0,0.0
Jaime MORENO,BOL,3,0,0,1,0.0,0.0,7.4074074074074066,0.0,0.0,100.0,0.0
Jaime ORDIALES,MEX,4,0,1,1,0.0,0.0,11.11111111111111,0.0,0.0,87.5,2.0
Jaime PORTILLO,SLV,3,0,0,1,0.0,0.0,7.4074074074074066,0.0,0.0,100.0,0.0
Jaime RAMIREZ,CHI,9,2,0,2,0.2222222222222222,11.76470588235294,29.629629629629623,5.555555555555555,25.0,100.0,1.0
Jaime RODRIGUEZ,SLV,3,0,0,1,0.0,0.0,7.4074074074074066,0.0,0.0,100.0,0.0
Jaime SALAZAR,MEX,3,0,0,1,0.0,0.0,7.4074074074074066,0.0,0.0,100.0,0.0
Jaime SILVA,COL,3,0,0,1,0.0,0.0,7.4074074074074066,0.0,0.0,100.0,0.0
Jaime VILLEGAS,HON,3,0,0,1,0.0,0.0,7.4074074074074066,0.0,0.0,100.0,0.0
Jairo ARIAS,COL,3,0,0,1,0.0,0.0,7.4074074074074066,0.0,0.0,100.0,0.0
Jakob BENDER,GER,4,0,0,1,0.0,0.0,11.11111111111111,0.0,0.0,100.0,0.0
Jakob STREITLE,GER,2,0,0,1,0.0,0.0,3.7037037037037033,0.0,0.0,100.0,
Jamal AL QABANDI,KUW,3,0,0,1,0.0,0.0,7.4074074074074066,0.0,0.0,100.0,0.0
Jamal SALAMI,MAR,3,0,0,1,0.0,0.0,7.4074074074074066,0.0,0.0,100.0,0.0
James HOLTON,SCO,3,0,1,1,0.0,0.0,7.4074074074074066,0.0,0.0,87.5,2.0
James LOWERY,CAN,3,0,0,1,0.0,0.0,7.4074074074074066,0.0,0.0,100.0,0.0
James QUINN,NIR,3,0,0,1,0.0,0.0,7.4074074074074066,0.0,0.0,100.0,0.0
Jan BARTRAM,DEN,4,0,0,1,0.0,0.0,11.11111111111111,0.0,0.0,100.0,0.0
Jan BERGER,TCH,3,0,0,1,0.0,0.0,7.4074074074074066,0.0,0.0,100.0,0.0
Jan CEULEMANS,BEL,16,4,1,3,0.25,23.52941176470588,55.55555555555556,6.25,50.0,87.5,3.0
Jan DIDDENS,BEL,2,0,0,1,0.0,0.0,3.7037037037037033,0.0,0.0,100.0,
Jan DOCKX,BEL,3,0,0,1,0.0,0.0,7.4074074074074066,0.0,0.0,100.0,0.0
Jan DOMARSKI,POL,7,0,0,1,0.0,0.0,22.22222222222222,0.0,0.0,100.0,0.0
Jan ERIKSSON,SWE,3,0,0,1,0.0,0.0,7.4074074074074066,0.0,0.0,100.0,0.0
Jan FIALA,TCH,3,0,0,1,0.0,0.0,7.4074074074074066,0.0,0.0,100.0,0.0
Jan FJORTOFT,NOR,3,0,0,1,0.0,0.0,7.4074074074074066,0.0,0.0,100.0,0.0
Jan FURTOK,POL,4,0,0,1,0.0,0.0,11.11111111111111,0.0,0.0,100.0,0.0
Jan HEINTZE,DEN,5,0,0,1,0.0,0.0,14.814814814814811,0.0,0.0,100.0,0.0
Jan HERTL,TCH,6,0,0,2,0.0,0.0,18.51851851851852,0.0,25.0,100.0,1.0
Jan JALOCHA,POL,7,0,0,1,0.0,0.0,22.22222222222222,0.0,0.0,100.0,0.0
Jan JONGBLOED,NED,14,0,0,2,0.0,0.0,48.14814814814815,0.0,25.0,100.0,1.0
Jan KARAS,POL,4,0,0,1,0.0,0.0,11.11111111111111,0.0,0.0,100.0,0.0
Jan KOCIAN,TCH,5,0,1,1,0.0,0.0,14.814814814814811,0.0,0.0,87.5,2.0
Jan KOZAK,TCH,3,0,0,1,0.0,0.0,7.4074074074074066,0.0,0.0,100.0,0.0
Jan LALA,TCH,6,0,0,1,0.0,0.0,18.51851851851852,0.0,0.0,100.0,0.0
Jan MOLBY,DEN,4,0,0,1,0.0,0.0,11.11111111111111,0.0,0.0,100.0,0.0
Jan MOLLER,SWE,3,0,0,1,0.0,0.0,7.4074074074074066,0.0,0.0,100.0,0.0
Jan OLSSON,SWE,9,0,0,2,0.0,0.0,29.629629629629623,0.0,25.0,100.0,1.0
Jan PIVARNIK,TCH,3,0,0,1,0.0,0.0,7.4074074074074066,0.0,0.0,100.0,0.0
Jan POORTVLIET,NED,7,0,0,1,0.0,0.0,22.22222222222222,0.0,0.0,100.0,0.0
Jan POPLUHAR,TCH,10,0,0,2,0.0,0.0,33.33333333333333,0.0,25.0,100.0,1.0
Jan RIHA,TCH,3,0,1,1,0.0,0.0,7.4074074074074066,0.0,0.0,87.5,2.0
Jan STEJSKAL,TCH,5,0,0,1,0.0,0.0,14.814814814814811,0.0,0.0,100.0,0.0
Jan TOMASZEWSKI,POL,13,0,0,2,0.0,0.0,44.44444444444444,0.0,25.0,100.0,1.0
Jan URBAN,POL,4,0,0,1,0.0,0.0,11.11111111111111,0.0,0.0,100.0,0.0
Jan VAN DIEPENBEEK,NED,1,0,0,1,0.0,0.0,0.0,0.0,0.0,100.0,
Jan VERHEYEN,BEL,3,0,0,1,0.0,0.0,7.4074074074074066,0.0,0.0,100.0,0.0
Jan WASIEWICZ,POL,1,0,0,1,0.0,0.0,0.0,0.0,0.0,100.0,
Jan WOUTERS,NED,9,0,4,2,0.0,0.0,29.629629629629623,0.0,25.0,50.0,2.0
Jan ZLOCHA,TCH,3,0,0,1,0.0,0.0,7.4074074074074066,0.0,0.0,100.0,0.0
Janos DUDAS,HUN,6,0,0,2,0.0,0.0,18.51851851851852,0.0,25.0,100.0,1.0
Janos FARKAS,HUN,8,1,0,2,0.125,5.88235294117647,25.925925925925924,3.125,25.0,100.0,1.0
Janos GOROCS,HUN,4,0,0,1,0.0,0.0,11.11111111111111,0.0,0.0,100.0,0.0
Janusz KUPCEWICZ,POL,13,1,0,2,0.0769230769230769,5.88235294117647,44.44444444444444,1.9230769230769231,25.0,100.0,1.0
Jaroslav BOROVICKA,TCH,10,0,0,2,0.0,0.0,33.33333333333333,0.0,25.0,100.0,1.0
Jaroslav BOUCEK,TCH,7,0,0,2,0.0,0.0,22.22222222222222,0.0,25.0,100.0,1.0
Jaroslav BURGR,TCH,7,0,0,2,0.0,0.0,22.22222222222222,0.0,25.0,100.0,1.0
Jaroslav KOSNAR,TCH,2,0,0,1,0.0,0.0,3.7037037037037033,0.0,0.0,100.0,
Jaroslav POLLAK,TCH,3,0,0,1,0.0,0.0,7.4074074074074066,0.0,0.0,100.0,0.0
Jasem SULTAN,KUW,3,0,0,1,0.0,0.0,7.4074074074074066,0.0,0.0,100.0,0.0
Jason McATEER,IRL,4,0,0,1,0.0,0.0,11.11111111111111,0.0,0.0,100.0,0.0
Jassem BAHMAN,KUW,3,0,0,1,0.0,0.0,7.4074074074074066,0.0,0.0,100.0,0.0
Javier AGUIRRE,MEX,5,0,2,1,0.0,0.0,14.814814814814811,0.0,0.0,75.0,2.0
Javier AMBROIS,URU,5,1,0,1,0.2,5.88235294117647,14.814814814814811,5.0,0.0,100.0,0.0
Javier CARDENAS,MEX,3,0,0,1,0.0,0.0,7.4074074074074066,0.0,0.0,100.0,0.0
Javier FRAGOSO,MEX,7,1,0,2,0.1428571428571428,5.88235294117647,22.22222222222222,3.571428571428571,25.0,100.0,1.0
Javier GONZALES,PER,4,0,0,1,0.0,0.0,11.11111111111111,0.0,0.0,100.0,0.0
Javier GUZMAN,MEX,4,0,0,1,0.0,0.0,11.11111111111111,0.0,0.0,100.0,0.0
Javier HERNANDEZ,MEX,5,0,0,1,0.0,0.0,14.814814814814811,0.0,0.0,100.0,0.0
Javier MARGAS,CHI,4,0,0,1,0.0,0.0,11.11111111111111,0.0,0.0,100.0,0.0
Javier TOLEDO,HON,3,0,0,1,0.0,0.0,7.4074074074074066,0.0,0.0,100.0,0.0
Javier VALDIVIA,MEX,4,2,1,1,0.5,11.76470588235294,11.11111111111111,12.5,0.0,87.5,2.0
Javier VARGAS,MEX,3,0,0,1,0.0,0.0,7.4074074074074066,0.0,0.0,100.0,0.0
Javier ZANETTI,ARG,5,1,0,1,0.2,5.88235294117647,14.814814814814811,5.0,0.0,100.0,0.0
Jawad ALLAHWARDI,IRN,3,0,0,1,0.0,0.0,7.4074074074074066,0.0,0.0,100.0,0.0
Jay Jay OKOCHA,NGA,4,0,2,1,0.0,0.0,11.11111111111111,0.0,0.0,75.0,2.0
Jean BASTIEN,FRA,2,0,0,1,0.0,0.0,3.7037037037037033,0.0,0.0,100.0,
Jean BRICHAUT,BEL,1,0,0,1,0.0,0.0,0.0,0.0,0.0,100.0,
Jean CAPELLE,BEL,2,0,0,2,0.0,0.0,3.7037037037037033,0.0,25.0,100.0,
Jean CASTANEDA,FRA,7,0,0,1,0.0,0.0,22.22222222222222,0.0,0.0,100.0,0.0
Jean CLAESSENS,BEL,1,0,0,1,0.0,0.0,0.0,0.0,0.0,100.0,
Jean Claude DESIR,HAI,3,0,0,1,0.0,0.0,7.4074074074074066,0.0,0.0,100.0,0.0
Jean Claude PAGAL,CMR,5,0,0,1,0.0,0.0,14.814814814814811,0.0,0.0,100.0,0.0
Jean Claude PIUMI,FRA,3,0,0,1,0.0,0.0,7.4074074074074066,0.0,0.0,100.0,0.0
Jean DE BIE,BEL,2,0,0,1,0.0,0.0,3.7037037037037033,0.0,0.0,100.0,
Jean DE CLERQ,BEL,2,0,0,1,0.0,0.0,3.7037037037037033,0.0,0.0,100.0,
Jean DJORKAEFF,FRA,3,0,0,1,0.0,0.0,7.4074074074074066,0.0,0.0,100.0,0.0
Jean FIEVEZ,BEL,1,0,0,1,0.0,0.0,0.0,0.0,0.0,100.0,
Jean Francois DE SART,BEL,4,0,0,1,0.0,0.0,11.11111111111111,0.0,0.0,100.0,0.0
Jean Francois LARIOS,FRA,7,0,0,1,0.0,0.0,22.22222222222222,0.0,0.0,100.0,0.0
Jean LAURENT,FRA,3,0,0,1,0.0,0.0,7.4074074074074066,0.0,0.0,100.0,0.0
Jean Luc ETTORI,FRA,7,0,0,1,0.0,0.0,22.22222222222222,0.0,0.0,100.0,0.0
Jean Marc GUILLOU,FRA,3,0,0,1,0.0,0.0,7.4074074074074066,0.0,0.0,100.0,0.0
Jean Marie PFAFF,BEL,12,0,2,2,0.0,0.0,40.74074074074074,0.0,25.0,75.0,1.0
Jean NICOLAS,FRA,3,3,0,2,1.0,17.647058823529413,7.4074074074074066,25.0,25.0,100.0,1.0
Jean ONANA,CMR,3,0,0,1,0.0,0.0,7.4074074074074066,0.0,0.0,100.0,0.0
Jean PETIT,BEL,1,0,0,1,0.0,0.0,0.0,0.0,0.0,100.0,0.0
Jean PETIT,FRA,3,0,0,1,0.0,0.0,7.4074074074074066,0.0,0.0,100.0,0.0
Jean Paul BERTRAND DEMANES,FRA,3,0,0,1,0.0,0.0,7.4074074074074066,0.0,0.0,100.0,0.0
Jean Pierre FIALA FIALA,CMR,3,0,0,1,0.0,0.0,7.4074074074074066,0.0,0.0,100.0,0.0
Jean Pierre TOKOTO,CMR,3,0,0,1,0.0,0.0,7.4074074074074066,0.0,0.0,100.0,0.0
Jean TAMINI,SUI,3,0,0,1,0.0,0.0,7.4074074074074066,0.0,0.0,100.0,0.0
Jean THISSEN,BEL,3,0,1,1,0.0,0.0,7.4074074074074066,0.0,0.0,87.5,2.0
Jean TIGANA,FRA,14,1,1,2,0.0714285714285714,5.88235294117647,48.14814814814815,1.7857142857142856,25.0,87.5,1.0
Jean VAN STEEN,BEL,2,0,0,1,0.0,0.0,3.7037037037037033,0.0,0.0,100.0,
Jean VINCENT,FRA,8,2,0,2,0.25,11.76470588235294,25.925925925925924,6.25,25.0,100.0,1.0
Jean-Claude SCHINDELHOLZ,SUI,3,0,0,1,0.0,0.0,7.4074074074074066,0.0,0.0,100.0,0.0
Jean-Hubert AUSTIN,HAI,3,0,0,1,0.0,0.0,7.4074074074074066,0.0,0.0,100.0,0.0
Jean-Jacques MARCEL,FRA,8,0,0,2,0.0,0.0,25.925925925925924,0.0,25.0,100.0,1.0
Jean-Marc FERRERI,FRA,7,1,0,1,0.1428571428571428,5.88235294117647,22.22222222222222,3.571428571428571,0.0,100.0,0.0
Jean-Marie TRAPPENIERS,BEL,3,0,0,1,0.0,0.0,7.4074074074074066,0.0,0.0,100.0,0.0
Jean-Pierre PAPIN,FRA,7,2,0,1,0.2857142857142857,11.76470588235294,22.22222222222222,7.142857142857142,0.0,100.0,0.0
Jeff AGOOS,USA,3,0,0,1,0.0,0.0,7.4074074074074066,0.0,0.0,100.0,0.0
Jeff ASTLE,ENG,4,0,0,1,0.0,0.0,11.11111111111111,0.0,0.0,100.0,0.0
Jeff VAN DER LINDEN,BEL,2,0,0,1,0.0,0.0,3.7037037037037033,0.0,0.0,100.0,
Jehoshua FAIGENBAUM,ISR,3,0,0,1,0.0,0.0,7.4074074074074066,0.0,0.0,100.0,0.0
Jeno BUZANSZKY,HUN,5,0,0,1,0.0,0.0,14.814814814814811,0.0,0.0,100.0,0.0
Jeno VINCZE,HUN,6,1,0,2,0.1666666666666666,5.88235294117647,18.51851851851852,4.166666666666666,25.0,100.0,1.0
Jens BERTELSEN,DEN,4,0,0,1,0.0,0.0,11.11111111111111,0.0,0.0,100.0,0.0
Jens JEREMIES,GER,5,0,1,1,0.0,0.0,14.814814814814811,0.0,0.0,87.5,2.0
Jens LEHMANN,GER,5,0,0,1,0.0,0.0,14.814814814814811,0.0,0.0,100.0,0.0
Jerry SIKHOSANA,RSA,3,0,0,1,0.0,0.0,7.4074074074074066,0.0,0.0,100.0,0.0
Jerzy GORGON,POL,13,1,2,2,0.0769230769230769,5.88235294117647,44.44444444444444,1.9230769230769231,25.0,75.0,1.0
Jes HOGH,DEN,5,0,1,1,0.0,0.0,14.814814814814811,0.0,0.0,87.5,2.0
Jesper BLOMQVIST,SWE,7,0,0,1,0.0,0.0,22.22222222222222,0.0,0.0,100.0,0.0
Jesper OLSEN,DEN,4,1,0,1,0.25,5.88235294117647,11.11111111111111,6.25,0.0,100.0,0.0
Jesus ARELLANO,MEX,4,0,0,1,0.0,0.0,11.11111111111111,0.0,0.0,100.0,0.0
Jesus BERMUDEZ,BOL,2,0,0,1,0.0,0.0,3.7037037037037033,0.0,0.0,100.0,
Jesus CASTRO,MEX,3,0,0,1,0.0,0.0,7.4074074074074066,0.0,0.0,100.0,0.0
Jesus DEL MURO,MEX,9,0,0,3,0.0,0.0,29.629629629629623,0.0,50.0,100.0,1.0
Jesus GLARIA,ESP,3,0,1,1,0.0,0.0,7.4074074074074066,0.0,0.0,87.5,2.0
Jesus GOYZUETA,PER,4,0,0,1,0.0,0.0,11.11111111111111,0.0,0.0,100.0,0.0
Jesus MARTINEZ,MEX,3,0,0,1,0.0,0.0,7.4074074074074066,0.0,0.0,100.0,0.0
Jesus SATRUSTEGUI,ESP,5,0,0,1,0.0,0.0,14.814814814814811,0.0,0.0,100.0,0.0
Jesus ZAMORA,ESP,5,1,1,1,0.2,5.88235294117647,14.814814814814811,5.0,0.0,87.5,2.0
Jilali FADILI,MAR,3,0,0,1,0.0,0.0,7.4074074074074066,0.0,0.0,100.0,0.0
Jim BETT,SCO,6,0,0,2,0.0,0.0,18.51851851851852,0.0,25.0,100.0,1.0
Jim BROWN,USA,3,1,0,1,0.3333333333333333,5.88235294117647,7.4074074074074066,8.333333333333332,0.0,100.0,0.0
Jim CLEARY,NIR,5,0,0,1,0.0,0.0,14.814814814814811,0.0,0.0,100.0,0.0
Jim GENTLE,USA,3,0,0,1,0.0,0.0,7.4074074074074066,0.0,0.0,100.0,0.0
Jim LEIGHTON,SCO,9,0,0,3,0.0,0.0,29.629629629629623,0.0,50.0,100.0,1.0
Jim PLATT,NIR,8,0,0,2,0.0,0.0,25.925925925925924,0.0,25.0,100.0,1.0
Jim STEWART,SCO,3,0,0,1,0.0,0.0,7.4074074074074066,0.0,0.0,100.0,0.0
Jim TAYLOR,ENG,3,0,0,1,0.0,0.0,7.4074074074074066,0.0,0.0,100.0,0.0
Jimmy ARMFIELD,ENG,10,0,0,2,0.0,0.0,33.33333333333333,0.0,25.0,100.0,1.0
Jimmy BANKS,USA,3,0,2,1,0.0,0.0,7.4074074074074066,0.0,0.0,75.0,2.0
Jimmy BINNING,SCO,2,0,0,1,0.0,0.0,3.7037037037037033,0.0,0.0,100.0,
Jimmy BLYTH,SCO,3,0,0,1,0.0,0.0,7.4074074074074066,0.0,0.0,100.0,0.0
Jimmy DAVIDSON,SCO,2,0,0,1,0.0,0.0,3.7037037037037033,0.0,0.0,100.0,
Jimmy DICKINSON,ENG,6,0,0,2,0.0,0.0,18.51851851851852,0.0,25.0,100.0,1.0
Jimmy DOUGLAS,USA,3,0,0,1,0.0,0.0,7.4074074074074066,0.0,0.0,100.0,0.0
Jimmy Floyd HASSELBAINK,NED,7,0,0,1,0.0,0.0,22.22222222222222,0.0,0.0,100.0,0.0
Jimmy GALLAGHER,USA,4,0,0,2,0.0,0.0,11.11111111111111,0.0,25.0,100.0,1.0
Jimmy GREAVES,ENG,10,1,0,2,0.1,5.88235294117647,33.33333333333333,2.5,25.0,100.0,1.0
Jimmy JOHNSTONE,SCO,3,0,0,1,0.0,0.0,7.4074074074074066,0.0,0.0,100.0,0.0
Jimmy MACKAY,AUS,3,0,1,1,0.0,0.0,7.4074074074074066,0.0,0.0,87.5,2.0
Jimmy MILISAVLJEVIC,AUS,3,0,0,1,0.0,0.0,7.4074074074074066,0.0,0.0,100.0,0.0
Jimmy MULLEN,ENG,6,1,0,2,0.1666666666666666,5.88235294117647,18.51851851851852,4.166666666666666,25.0,100.0,1.0
Jimmy MURRAY,SCO,3,1,0,1,0.3333333333333333,5.88235294117647,7.4074074074074066,8.333333333333332,0.0,100.0,0.0
Jimmy McILROY,NIR,5,0,0,1,0.0,0.0,14.814814814814811,0.0,0.0,100.0,0.0
Jimmy NICHOLL,NIR,8,0,0,2,0.0,0.0,25.925925925925924,0.0,25.0,100.0,1.0
Jimmy ROONEY,AUS,3,0,0,1,0.0,0.0,7.4074074074074066,0.0,0.0,100.0,0.0
Jimmy STEWARD,HON,3,0,0,1,0.0,0.0,7.4074074074074066,0.0,0.0,100.0,0.0
Jiri CADEK,TCH,4,0,0,1,0.0,0.0,11.11111111111111,0.0,0.0,100.0,0.0
Jiri FEUREISL,TCH,4,1,0,1,0.25,5.88235294117647,11.11111111111111,6.25,0.0,100.0,0.0
Jiri HLEDIK,TCH,2,0,0,1,0.0,0.0,3.7037037037037033,0.0,0.0,100.0,
Jiri NEMEC,TCH,5,0,0,1,0.0,0.0,14.814814814814811,0.0,0.0,100.0,0.0
Jiri PESEK,TCH,2,0,0,1,0.0,0.0,3.7037037037037033,0.0,0.0,100.0,
Jiri SOBOTKA,TCH,4,1,0,1,0.25,5.88235294117647,11.11111111111111,6.25,0.0,100.0,0.0
Jiri TICHY,TCH,6,0,0,1,0.0,0.0,18.51851851851852,0.0,0.0,100.0,0.0
Jiri TRNKA,TCH,2,0,0,1,0.0,0.0,3.7037037037037033,0.0,0.0,100.0,
Jo BACKAERT,BEL,2,0,0,1,0.0,0.0,3.7037037037037033,0.0,0.0,100.0,
Joachim BJORKLUND,SWE,7,0,0,1,0.0,0.0,22.22222222222222,0.0,0.0,100.0,0.0
Joachim FRITSCHE,GDR,6,0,0,1,0.0,0.0,18.51851851851852,0.0,0.0,100.0,0.0
Joachim STREICH,GDR,6,2,1,1,0.3333333333333333,11.76470588235294,18.51851851851852,8.333333333333332,0.0,87.5,2.0
Joakim NILSSON,SWE,3,0,1,1,0.0,0.0,7.4074074074074066,0.0,0.0,87.5,2.0
Joan SEGARRA,ESP,3,0,0,1,0.0,0.0,7.4074074074074066,0.0,0.0,100.0,0.0
Joaquin ALONSO,ESP,5,0,0,1,0.0,0.0,14.814814814814811,0.0,0.0,100.0,0.0
Joaquin ARIAS,CUB,3,0,0,1,0.0,0.0,7.4074074074074066,0.0,0.0,100.0,0.0
Joaquin DEL OLMO,MEX,4,0,2,1,0.0,0.0,11.11111111111111,0.0,0.0,75.0,2.0
Joaquin PEIRO,ESP,6,1,0,2,0.1666666666666666,5.88235294117647,18.51851851851852,4.166666666666666,25.0,100.0,1.0
Joaquin VENTURA,SLV,3,0,0,1,0.0,0.0,7.4074074074074066,0.0,0.0,100.0,0.0
Joe CORRIGAN,ENG,5,0,0,1,0.0,0.0,14.814814814814811,0.0,0.0,100.0,0.0
Joe GAETJENS,USA,3,1,0,1,0.3333333333333333,5.88235294117647,7.4074074074074066,8.333333333333332,0.0,100.0,0.0
Joe HARPER,SCO,3,0,0,1,0.0,0.0,7.4074074074074066,0.0,0.0,100.0,0.0
Joe JORDAN,SCO,9,4,1,3,0.4444444444444444,23.52941176470588,29.629629629629623,11.11111111111111,50.0,87.5,3.0
Joe MACA,USA,3,0,0,1,0.0,0.0,7.4074074074074066,0.0,0.0,100.0,0.0
Joe MARTINELLI,USA,1,0,0,1,0.0,0.0,0.0,0.0,0.0,100.0,
Joe Max MOORE,USA,7,0,0,2,0.0,0.0,22.22222222222222,0.0,25.0,100.0,1.0
Joel BATS,FRA,7,0,0,1,0.0,0.0,22.22222222222222,0.0,0.0,100.0,0.0
Joerg HEINRICH,GER,5,0,2,1,0.0,0.0,14.814814814814811,0.0,0.0,75.0,2.0
Johan BOSKAMP,NED,7,0,0,1,0.0,0.0,22.22222222222222,0.0,0.0,100.0,0.0
Johan CRUYFF,NED,7,3,2,1,0.4285714285714285,17.647058823529413,22.22222222222222,10.714285714285714,0.0,75.0,2.0
Johan NEESKENS,NED,14,2,3,2,0.1428571428571428,11.76470588235294,48.14814814814815,3.571428571428571,25.0,62.5,3.0
Johanan VALLACH,ISR,3,0,0,1,0.0,0.0,7.4074074074074066,0.0,0.0,100.0,0.0
Johann HORVATH,AUT,4,2,0,1,0.5,11.76470588235294,11.11111111111111,12.5,0.0,100.0,0.0
Johann PREGESBAUER,AUT,5,0,0,1,0.0,0.0,14.814814814814811,0.0,0.0,100.0,0.0
Johann RIEGLER,AUT,5,0,0,1,0.0,0.0,14.814814814814811,0.0,0.0,100.0,0.0
Johann WALZHOFER,AUT,4,0,0,1,0.0,0.0,11.11111111111111,0.0,0.0,100.0,0.0
Johannes DEVRINDT,BEL,3,0,0,1,0.0,0.0,7.4074074074074066,0.0,0.0,100.0,0.0
John AIRD,SCO,2,0,0,1,0.0,0.0,3.7037037037037033,0.0,0.0,100.0,
John ALDRIDGE,IRL,9,1,1,2,0.1111111111111111,5.88235294117647,29.629629629629623,2.7777777777777777,25.0,87.5,1.0
John ANDERSON,SCO,2,0,0,1,0.0,0.0,3.7037037037037033,0.0,0.0,100.0,
John ASTON,ENG,3,0,0,1,0.0,0.0,7.4074074074074066,0.0,0.0,100.0,0.0
John BARNES,ENG,12,0,0,2,0.0,0.0,40.74074074074074,0.0,25.0,100.0,1.0
John BLACKLEY,SCO,3,0,0,1,0.0,0.0,7.4074074074074066,0.0,0.0,100.0,0.0
John BOSMAN,NED,5,0,0,1,0.0,0.0,14.814814814814811,0.0,0.0,100.0,0.0
John BYRNE,IRL,5,0,0,1,0.0,0.0,14.814814814814811,0.0,0.0,100.0,0.0
John CHARLES,WAL,5,1,0,1,0.2,5.88235294117647,14.814814814814811,5.0,0.0,100.0,0.0
John COLLINS,SCO,6,0,0,2,0.0,0.0,18.51851851851852,0.0,25.0,100.0,1.0
John CONNELLY,ENG,10,0,0,2,0.0,0.0,33.33333333333333,0.0,25.0,100.0,1.0
John COYLE,SCO,3,0,0,1,0.0,0.0,7.4074074074074066,0.0,0.0,100.0,0.0
John DE WOLF,NED,5,0,0,1,0.0,0.0,14.814814814814811,0.0,0.0,100.0,0.0
John DOYLE,USA,3,0,0,1,0.0,0.0,7.4074074074074066,0.0,0.0,100.0,0.0
John ELSWORTHY,WAL,5,0,0,1,0.0,0.0,14.814814814814811,0.0,0.0,100.0,0.0
John ERIKSEN,DEN,4,1,0,1,0.25,5.88235294117647,11.11111111111111,6.25,0.0,100.0,0.0
John HARKES,USA,7,0,2,2,0.0,0.0,22.22222222222222,0.0,25.0,75.0,1.0
John HAYNES,ENG,11,1,0,3,0.0909090909090909,5.88235294117647,37.03703703703704,2.272727272727273,50.0,100.0,3.0
John HEWIE,SCO,3,0,0,1,0.0,0.0,7.4074074074074066,0.0,0.0,100.0,0.0
John HILL,NZL,3,0,0,1,0.0,0.0,7.4074074074074066,0.0,0.0,100.0,0.0
John JAMESON,NIR,5,0,0,1,0.0,0.0,14.814814814814811,0.0,0.0,100.0,0.0
John MACKENZIE,SCO,2,0,0,1,0.0,0.0,3.7037037037037033,0.0,0.0,100.0,
John MOSHOEU,RSA,3,0,0,1,0.0,0.0,7.4074074074074066,0.0,0.0,100.0,0.0
John McCLELLAND,NIR,8,0,0,2,0.0,0.0,25.925925925925924,0.0,25.0,100.0,1.0
John O NEILL,NIR,8,0,0,2,0.0,0.0,25.925925925925924,0.0,25.0,100.0,1.0
John ROBERTSON,SCO,6,1,0,2,0.1666666666666666,5.88235294117647,18.51851851851852,4.166666666666666,25.0,100.0,1.0
John SHERIDAN,IRL,9,0,0,2,0.0,0.0,29.629629629629623,0.0,25.0,100.0,1.0
John SIVEBAEK,DEN,4,0,0,1,0.0,0.0,11.11111111111111,0.0,0.0,100.0,0.0
John SOUZA,USA,3,0,0,1,0.0,0.0,7.4074074074074066,0.0,0.0,100.0,0.0
John STOLLMEYER,USA,3,0,0,1,0.0,0.0,7.4074074074074066,0.0,0.0,100.0,0.0
John VAN ALPHEN,BEL,1,0,0,1,0.0,0.0,0.0,0.0,0.0,100.0,
John VAN LOEN,NED,4,0,0,1,0.0,0.0,11.11111111111111,0.0,0.0,100.0,0.0
John WARK,SCO,3,2,0,1,0.6666666666666666,11.76470588235294,7.4074074074074066,16.666666666666664,0.0,100.0,0.0
John WARREN,AUS,3,0,0,1,0.0,0.0,7.4074074074074066,0.0,0.0,100.0,0.0
John WATKISS,AUS,3,0,0,1,0.0,0.0,7.4074074074074066,0.0,0.0,100.0,0.0
Johnny EKSTROM,SWE,3,1,0,1,0.3333333333333333,5.88235294117647,7.4074074074074066,8.333333333333332,0.0,100.0,0.0
Johnny REP,NED,14,7,3,2,0.5,41.17647058823529,48.14814814814815,12.5,25.0,62.5,3.0
Johnny SCHUTH,FRA,3,0,0,1,0.0,0.0,7.4074074074074066,0.0,0.0,100.0,0.0
Johnny VAN T SCHIP,NED,4,0,0,1,0.0,0.0,11.11111111111111,0.0,0.0,100.0,0.0
Jonas THERN,SWE,10,0,3,2,0.0,0.0,33.33333333333333,0.0,25.0,62.5,1.0
Jonathan GOULD,SCO,3,0,0,1,0.0,0.0,7.4074074074074066,0.0,0.0,100.0,0.0
Joop HIELE,NED,4,0,0,1,0.0,0.0,11.11111111111111,0.0,0.0,100.0,0.0
Joop VAN NELLEN,NED,1,0,0,1,0.0,0.0,0.0,0.0,0.0,100.0,
Jorge ARGOTE,BOL,2,0,0,1,0.0,0.0,3.7037037037037033,0.0,0.0,100.0,
Jorge BALDERRAMA,BOL,2,0,0,1,0.0,0.0,3.7037037037037033,0.0,0.0,100.0,
Jorge BARRIOS,URU,4,0,0,1,0.0,0.0,11.11111111111111,0.0,0.0,100.0,0.0
Jorge BATTAGLIA,PAR,4,0,0,1,0.0,0.0,11.11111111111111,0.0,0.0,100.0,0.0
Jorge BORELLI,ARG,4,0,0,1,0.0,0.0,11.11111111111111,0.0,0.0,100.0,0.0
Jorge BURRUCHAGA,ARG,14,3,1,2,0.2142857142857142,17.647058823529413,48.14814814814815,5.357142857142857,25.0,87.5,1.0
Jorge CAMPOS,MEX,4,0,0,1,0.0,0.0,11.11111111111111,0.0,0.0,100.0,0.0
Jorge CARRASCOSA,ARG,6,0,0,1,0.0,0.0,18.51851851851852,0.0,0.0,100.0,0.0
Jorge DA SILVA,URU,4,0,2,1,0.0,0.0,11.11111111111111,0.0,0.0,75.0,2.0
Jorge GONGORA,PER,2,0,0,1,0.0,0.0,3.7037037037037033,0.0,0.0,100.0,
Jorge GONZALEZ,SLV,3,0,0,1,0.0,0.0,7.4074074074074066,0.0,0.0,100.0,0.0
Jorge GUASCH,PAR,4,0,0,1,0.0,0.0,11.11111111111111,0.0,0.0,100.0,0.0
Jorge MANICERA,URU,4,0,0,1,0.0,0.0,11.11111111111111,0.0,0.0,100.0,0.0
Jorge NUNEZ,PAR,4,0,1,1,0.0,0.0,11.11111111111111,0.0,0.0,87.5,2.0
Jorge OLAECHEA,PER,3,0,0,1,0.0,0.0,7.4074074074074066,0.0,0.0,100.0,0.0
Jorge OLGUIN,ARG,12,0,1,2,0.0,0.0,40.74074074074074,0.0,25.0,87.5,1.0
Jorge OTERO,ESP,5,0,1,1,0.0,0.0,14.814814814814811,0.0,0.0,87.5,2.0
Jorge PARDON,PER,2,0,0,1,0.0,0.0,3.7037037037037033,0.0,0.0,100.0,
Jorge ROBLEDO,CHI,3,1,0,1,0.3333333333333333,5.88235294117647,7.4074074074074066,8.333333333333332,0.0,100.0,0.0
Jorge RODRIGUEZ,MEX,4,0,0,1,0.0,0.0,11.11111111111111,0.0,0.0,100.0,0.0
Jorge ROMERO,PAR,3,2,0,1,0.6666666666666666,11.76470588235294,7.4074074074074066,16.666666666666664,0.0,100.0,0.0
Jorge ROMO,MEX,5,0,0,2,0.0,0.0,14.814814814814811,0.0,25.0,100.0,1.0
Jorge SARMIENTO,PER,2,0,0,1,0.0,0.0,3.7037037037037033,0.0,0.0,100.0,
Jorge SOCIAS,CHI,3,0,0,1,0.0,0.0,7.4074074074074066,0.0,0.0,100.0,0.0
Jorge SOLARI,ARG,4,0,1,1,0.0,0.0,11.11111111111111,0.0,0.0,87.5,2.0
Jorge TORO,CHI,6,2,0,1,0.3333333333333333,11.76470588235294,18.51851851851852,8.333333333333332,0.0,100.0,0.0
Jorge VALDANO,ARG,12,4,1,2,0.3333333333333333,23.52941176470588,40.74074074074074,8.333333333333332,25.0,87.5,1.0
Jorgen AUGUSTSSON,SWE,6,0,0,1,0.0,0.0,18.51851851851852,0.0,0.0,100.0,0.0
Jorgen JUVE,NOR,1,0,0,1,0.0,0.0,0.0,0.0,0.0,100.0,
Jos VAN INGELGEM,BEL,1,0,0,1,0.0,0.0,0.0,0.0,0.0,100.0,
Jose ALEXANKO,ESP,5,0,1,1,0.0,0.0,14.814814814814811,0.0,0.0,87.5,2.0
Jose ALTAFINI,BRA,6,2,0,1,0.3333333333333333,11.76470588235294,18.51851851851852,8.333333333333332,0.0,100.0,0.0
Jose ALTAFINI,BRA,6,2,0,1,0.3333333333333333,11.76470588235294,18.51851851851852,8.333333333333332,0.0,100.0,0.0
Jose ALTAFINI,ITA,3,0,0,1,0.0,0.0,7.4074074074074066,0.0,0.0,100.0,0.0
Jose ALTAFINI,ITA,3,0,0,1,0.0,0.0,7.4074074074074066,0.0,0.0,100.0,0.0
Jose ANDRADE,URU,4,0,0,1,0.0,0.0,11.11111111111111,0.0,0.0,100.0,0.0
Jose ARAQUISTAIN,ESP,3,0,0,1,0.0,0.0,7.4074074074074066,0.0,0.0,100.0,0.0
Jose Antonio CAMACHO,ESP,10,0,2,2,0.0,0.0,33.33333333333333,0.0,25.0,75.0,1.0
Jose BASUALDO,ARG,11,0,0,2,0.0,0.0,37.03703703703704,0.0,25.0,100.0,1.0
Jose BATISTA,URU,4,0,1,1,0.0,0.0,11.11111111111111,0.0,0.0,87.5,2.0
Jose BORBOLLA,MEX,3,0,0,1,0.0,0.0,7.4074074074074066,0.0,0.0,100.0,0.0
Jose BROWN,ARG,7,1,1,1,0.1428571428571428,5.88235294117647,22.22222222222222,3.571428571428571,0.0,87.5,2.0
Jose BULNES,HON,3,0,0,1,0.0,0.0,7.4074074074074066,0.0,0.0,100.0,0.0
Jose BUSTAMANTE,BOL,2,0,0,1,0.0,0.0,3.7037037037037033,0.0,0.0,100.0,
Jose BUSTAMANTE-NAVA,BOL,1,0,0,1,0.0,0.0,0.0,0.0,0.0,100.0,
Jose CAMARASA,ESP,5,0,1,1,0.0,0.0,14.814814814814811,0.0,0.0,87.5,2.0
Jose CHAMOT,ARG,5,0,2,1,0.0,0.0,14.814814814814811,0.0,0.0,75.0,2.0
Jose CHAVES,CRC,4,0,0,1,0.0,0.0,11.11111111111111,0.0,0.0,100.0,0.0
Jose CRUZ,HON,3,0,0,1,0.0,0.0,7.4074074074074066,0.0,0.0,100.0,0.0
Jose CUCIUFFO,ARG,7,0,1,1,0.0,0.0,22.22222222222222,0.0,0.0,87.5,2.0
Jose DEL CASTILLO,PER,4,0,0,1,0.0,0.0,11.11111111111111,0.0,0.0,100.0,0.0
Jose DELLA TORRE,ARG,5,0,0,1,0.0,0.0,14.814814814814811,0.0,0.0,100.0,0.0
Jose FERNANDEZ,PER,4,0,0,1,0.0,0.0,11.11111111111111,0.0,0.0,100.0,0.0
Jose FIGUEROA,HON,3,0,0,1,0.0,0.0,7.4074074074074066,0.0,0.0,100.0,0.0
Jose FLORES,PER,2,0,0,1,0.0,0.0,3.7037037037037033,0.0,0.0,100.0,
Jose GOMEZ,URU,3,0,0,1,0.0,0.0,7.4074074074074066,0.0,0.0,100.0,0.0
Jose GONZALES GANOZA,PER,3,0,0,1,0.0,0.0,7.4074074074074066,0.0,0.0,100.0,0.0
Jose HERRERA,URU,4,0,1,1,0.0,0.0,11.11111111111111,0.0,0.0,87.5,2.0
Jose HUEZO,SLV,3,0,0,1,0.0,0.0,7.4074074074074066,0.0,0.0,100.0,0.0
Jose IRIBAR,ESP,3,0,0,1,0.0,0.0,7.4074074074074066,0.0,0.0,100.0,0.0
Jose JAIKEL,CRC,4,0,0,1,0.0,0.0,11.11111111111111,0.0,0.0,100.0,0.0
Jose JOVEL,SLV,3,0,0,1,0.0,0.0,7.4074074074074066,0.0,0.0,100.0,0.0
Jose JUNCOSA,ESP,6,0,0,1,0.0,0.0,18.51851851851852,0.0,0.0,100.0,0.0
Jose LAMADRID,MEX,2,1,0,1,0.5,5.88235294117647,3.7037037037037033,12.5,0.0,100.0,
Jose Leon MIRACCA,PAR,2,0,0,1,0.0,0.0,3.7037037037037033,0.0,0.0,100.0,
Jose Luis CAMINERO,ESP,5,3,3,1,0.6,17.647058823529413,14.814814814814811,15.0,0.0,62.5,2.0
Jose Luis GONZALEZ,MEX,7,1,0,2,0.1428571428571428,5.88235294117647,22.22222222222222,3.571428571428571,25.0,100.0,1.0
Jose MAGRINA,CUB,3,1,0,1,0.3333333333333333,5.88235294117647,7.4074074074074066,8.333333333333332,0.0,100.0,0.0
Jose MUGUERZA,ESP,3,0,0,1,0.0,0.0,7.4074074074074066,0.0,0.0,100.0,0.0
Jose MUNGUIA,SLV,3,0,0,1,0.0,0.0,7.4074074074074066,0.0,0.0,100.0,0.0
Jose Maria BAKERO,ESP,9,0,0,2,0.0,0.0,29.629629629629623,0.0,25.0,100.0,1.0
Jose Maria FUSTE,ESP,3,1,0,1,0.3333333333333333,5.88235294117647,7.4074074074074066,8.333333333333332,0.0,100.0,0.0
Jose Maria LAVALLE,PER,2,0,0,1,0.0,0.0,3.7037037037037033,0.0,0.0,100.0,
Jose NARANJO,MEX,5,0,0,2,0.0,0.0,14.814814814814811,0.0,25.0,100.0,1.0
Jose NASAZZI,URU,4,0,0,1,0.0,0.0,11.11111111111111,0.0,0.0,100.0,0.0
Jose NAVARRO,MEX,3,0,0,1,0.0,0.0,7.4074074074074066,0.0,0.0,100.0,0.0
Jose NAVARRO,MEX,3,0,0,1,0.0,0.0,7.4074074074074066,0.0,0.0,100.0,0.0
Jose NAVARRO,PER,6,0,0,1,0.0,0.0,18.51851851851852,0.0,0.0,100.0,0.0
Jose NAVARRO,PER,6,0,0,1,0.0,0.0,18.51851851851852,0.0,0.0,100.0,0.0
Jose NAZAR,HON,3,0,0,1,0.0,0.0,7.4074074074074066,0.0,0.0,100.0,0.0
Jose NEHIN,ARG,1,0,0,1,0.0,0.0,0.0,0.0,0.0,100.0,
Jose NOYA,BOL,2,0,0,1,0.0,0.0,3.7037037037037033,0.0,0.0,100.0,
Jose OCHOTORENA,ESP,4,0,0,1,0.0,0.0,11.11111111111111,0.0,0.0,100.0,0.0
Jose PANIZO,ESP,6,0,0,1,0.0,0.0,18.51851851851852,0.0,0.0,100.0,0.0
Jose PARODI,PAR,3,2,0,1,0.6666666666666666,11.76470588235294,7.4074074074074066,16.666666666666664,0.0,100.0,0.0
Jose PARRA,ESP,6,0,0,1,0.0,0.0,18.51851851851852,0.0,0.0,100.0,0.0
Jose PASTORIZA,ARG,4,0,0,1,0.0,0.0,11.11111111111111,0.0,0.0,100.0,0.0
Jose PAZO,COL,3,0,0,1,0.0,0.0,7.4074074074074066,0.0,0.0,100.0,0.0
Jose PERDOMO,URU,4,0,2,1,0.0,0.0,11.11111111111111,0.0,0.0,75.0,2.0
Jose PEREZ,COL,4,0,0,1,0.0,0.0,11.11111111111111,0.0,0.0,100.0,0.0
Jose PINTOS,URU,4,0,1,1,0.0,0.0,11.11111111111111,0.0,0.0,87.5,2.0
Jose QUINTANILLA,SLV,3,0,0,1,0.0,0.0,7.4074074074074066,0.0,0.0,100.0,0.0
Jose RAMOS DELGADO,ARG,6,0,0,2,0.0,0.0,18.51851851851852,0.0,25.0,100.0,1.0
Jose REYES,MEX,3,0,0,1,0.0,0.0,7.4074074074074066,0.0,0.0,100.0,0.0
Jose RIVAS,SLV,3,0,0,1,0.0,0.0,7.4074074074074066,0.0,0.0,100.0,0.0
Jose ROCA,MEX,8,0,0,3,0.0,0.0,25.925925925925924,0.0,50.0,100.0,1.0
Jose RODRIGUEZ,CUB,3,0,0,1,0.0,0.0,7.4074074074074066,0.0,0.0,100.0,0.0
Jose RUGAMAS,SLV,3,0,0,1,0.0,0.0,7.4074074074074066,0.0,0.0,100.0,0.0
Jose RUIZ,MEX,3,0,0,1,0.0,0.0,7.4074074074074066,0.0,0.0,100.0,0.0
Jose Raul AVEIRO,PAR,3,0,0,1,0.0,0.0,7.4074074074074066,0.0,0.0,100.0,0.0
Jose SALGADO,MEX,4,0,0,1,0.0,0.0,11.11111111111111,0.0,0.0,100.0,0.0
Jose SANCHEZ,ESP,5,0,1,1,0.0,0.0,14.814814814814811,0.0,0.0,87.5,2.0
Jose SANFILIPPO,ARG,6,1,0,2,0.1666666666666666,5.88235294117647,18.51851851851852,4.166666666666666,25.0,100.0,1.0
Jose SANTAMARIA,ESP,3,0,0,1,0.0,0.0,7.4074074074074066,0.0,0.0,100.0,0.0
Jose SANTAMARIA,ESP,3,0,0,1,0.0,0.0,7.4074074074074066,0.0,0.0,100.0,0.0
Jose SANTAMARIA,URU,5,0,0,1,0.0,0.0,14.814814814814811,0.0,0.0,100.0,0.0
Jose SANTAMARIA,URU,5,0,0,1,0.0,0.0,14.814814814814811,0.0,0.0,100.0,0.0
Jose SASIA,URU,7,2,0,2,0.2857142857142857,11.76470588235294,22.22222222222222,7.142857142857142,25.0,100.0,1.0
Jose SERRIZUELA,ARG,7,0,3,1,0.0,0.0,22.22222222222222,0.0,0.0,62.5,2.0
Jose SIERRA,CHI,4,1,0,1,0.25,5.88235294117647,11.11111111111111,6.25,0.0,100.0,0.0
Jose URRUZMENDI,URU,4,0,0,1,0.0,0.0,11.11111111111111,0.0,0.0,100.0,0.0
Jose VALENCIA,ARG,12,0,0,2,0.0,0.0,40.74074074074074,0.0,25.0,100.0,1.0
Jose VAN TUYNE,ARG,5,0,0,1,0.0,0.0,14.814814814814811,0.0,0.0,100.0,0.0
Jose VANTOLRA,MEX,4,0,0,1,0.0,0.0,11.11111111111111,0.0,0.0,100.0,0.0
Jose VARACKA,ARG,7,0,0,2,0.0,0.0,22.22222222222222,0.0,25.0,100.0,1.0
Jose VELASQUEZ,PER,9,1,4,2,0.1111111111111111,5.88235294117647,29.629629629629623,2.7777777777777777,25.0,50.0,1.0
Jose VILLEGAS,MEX,6,0,0,2,0.0,0.0,18.51851851851852,0.0,25.0,100.0,1.0
Jose ZALAZAR,URU,4,0,0,1,0.0,0.0,11.11111111111111,0.0,0.0,100.0,0.0
Josef BICAN,AUT,4,1,0,1,0.25,5.88235294117647,11.11111111111111,6.25,0.0,100.0,0.0
Josef BOMBA,TCH,6,0,0,1,0.0,0.0,18.51851851851852,0.0,0.0,100.0,0.0
Josef CTYROKY,TCH,4,0,0,1,0.0,0.0,11.11111111111111,0.0,0.0,100.0,0.0
Josef DEGEORGI,AUT,5,0,1,1,0.0,0.0,14.814814814814811,0.0,0.0,87.5,2.0
Josef GAUCHEL,GER,2,1,0,1,0.5,5.88235294117647,3.7037037037037033,12.5,0.0,100.0,
Josef HASSMANN,AUT,4,0,0,1,0.0,0.0,11.11111111111111,0.0,0.0,100.0,0.0
Josef HICKERSBERGER,AUT,6,0,0,1,0.0,0.0,18.51851851851852,0.0,0.0,100.0,0.0
Josef JELINEK,TCH,6,0,0,1,0.0,0.0,18.51851851851852,0.0,0.0,100.0,0.0
Josef KADRABA,TCH,6,1,0,1,0.1666666666666666,5.88235294117647,18.51851851851852,4.166666666666666,0.0,100.0,0.0
Josef KOSTALEK,TCH,7,1,0,2,0.1428571428571428,5.88235294117647,22.22222222222222,3.571428571428571,25.0,100.0,1.0
Josef LUDL,TCH,3,0,0,1,0.0,0.0,7.4074074074074066,0.0,0.0,100.0,0.0
Josef MAJER,TCH,2,0,0,1,0.0,0.0,3.7037037037037033,0.0,0.0,100.0,
Josef MASOPUST,TCH,10,1,0,2,0.1,5.88235294117647,33.33333333333333,2.5,25.0,100.0,1.0
Josef ORTH,TCH,3,0,0,1,0.0,0.0,7.4074074074074066,0.0,0.0,100.0,0.0
Josef SILNY,TCH,4,0,0,1,0.0,0.0,11.11111111111111,0.0,0.0,100.0,0.0
Josef SMISTIK,AUT,4,0,0,1,0.0,0.0,11.11111111111111,0.0,0.0,100.0,0.0
Josef STIBRANYI,TCH,6,1,0,1,0.1666666666666666,5.88235294117647,18.51851851851852,4.166666666666666,0.0,100.0,0.0
Josef STREB,GER,4,0,0,1,0.0,0.0,11.11111111111111,0.0,0.0,100.0,0.0
Josef STROH,AUT,4,0,0,1,0.0,0.0,11.11111111111111,0.0,0.0,100.0,0.0
Josef STROH,GER,2,0,0,1,0.0,0.0,3.7037037037037033,0.0,0.0,100.0,0.0
Josef ZEMAN,TCH,3,1,0,1,0.3333333333333333,5.88235294117647,7.4074074074074066,8.333333333333332,0.0,100.0,0.0
Joseph ALCAZAR,FRA,1,0,0,1,0.0,0.0,0.0,0.0,0.0,100.0,
Joseph Antoine BELL,CMR,11,0,0,3,0.0,0.0,37.03703703703704,0.0,50.0,100.0,3.0
Joseph BONNEL,FRA,3,0,0,1,0.0,0.0,7.4074074074074066,0.0,0.0,100.0,0.0
Joseph ELANGA,CMR,3,0,0,1,0.0,0.0,7.4074074074074066,0.0,0.0,100.0,0.0
Joseph ENANGA,CMR,3,0,0,1,0.0,0.0,7.4074074074074066,0.0,0.0,100.0,0.0
Joseph GONZALEZ,FRA,1,0,0,1,0.0,0.0,0.0,0.0,0.0,100.0,
Joseph KAMGA,CMR,3,0,0,1,0.0,0.0,7.4074074074074066,0.0,0.0,100.0,0.0
Joseph MERMANS,BEL,2,0,0,1,0.0,0.0,3.7037037037037033,0.0,0.0,100.0,
Joseph NDO,CMR,3,0,0,1,0.0,0.0,7.4074074074074066,0.0,0.0,100.0,0.0
Joseph NELIS,BEL,1,0,0,1,0.0,0.0,0.0,0.0,0.0,100.0,
Joseph-Desire JOB,CMR,3,0,0,1,0.0,0.0,7.4074074074074066,0.0,0.0,100.0,0.0
Joseph-Marion LEANDRE,HAI,3,0,0,1,0.0,0.0,7.4074074074074066,0.0,0.0,100.0,0.0
Josif MORAVETZ,ROU,1,0,0,1,0.0,0.0,0.0,0.0,0.0,100.0,
Josip KATALINSKI,YUG,6,1,2,1,0.1666666666666666,5.88235294117647,18.51851851851852,4.166666666666666,0.0,75.0,2.0
Josip SKOBLAR,YUG,6,0,0,1,0.0,0.0,18.51851851851852,0.0,0.0,100.0,0.0
Josip WEBER,BEL,4,0,1,1,0.0,0.0,11.11111111111111,0.0,0.0,87.5,2.0
Joszef NAGY,ROU,2,0,0,1,0.0,0.0,3.7037037037037033,0.0,0.0,100.0,
Jovan ACIMOVIC,YUG,6,0,1,1,0.0,0.0,18.51851851851852,0.0,0.0,87.5,2.0
Jozef ADAMEC,TCH,9,0,0,2,0.0,0.0,29.629629629629623,0.0,25.0,100.0,1.0
Jozef BARMOS,TCH,3,0,0,1,0.0,0.0,7.4074074074074066,0.0,0.0,100.0,0.0
Jozef CAPKOVIC,TCH,3,0,0,1,0.0,0.0,7.4074074074074066,0.0,0.0,100.0,0.0
Jozef CHOVANEC,TCH,5,0,1,1,0.0,0.0,14.814814814814811,0.0,0.0,87.5,2.0
Jozef JURKANIN,TCH,3,0,0,1,0.0,0.0,7.4074074074074066,0.0,0.0,100.0,0.0
Jozef KORBAS,POL,1,0,0,1,0.0,0.0,0.0,0.0,0.0,100.0,
Jozef KUKUCKA,TCH,3,0,0,1,0.0,0.0,7.4074074074074066,0.0,0.0,100.0,0.0
Jozef MLYNARCZYK,POL,11,0,0,2,0.0,0.0,37.03703703703704,0.0,25.0,100.0,1.0
Jozef VLIERS,BEL,2,0,0,1,0.0,0.0,3.7037037037037033,0.0,0.0,100.0,
Jozef WANDZIK,POL,4,0,0,1,0.0,0.0,11.11111111111111,0.0,0.0,100.0,0.0
Jozsef ANDRUSCH,HUN,3,0,0,1,0.0,0.0,7.4074074074074066,0.0,0.0,100.0,0.0
Jozsef BENCSIS,HUN,4,1,0,1,0.25,5.88235294117647,11.11111111111111,6.25,0.0,100.0,0.0
Jozsef BOZSIK,HUN,9,1,1,2,0.1111111111111111,5.88235294117647,29.629629629629623,2.7777777777777777,25.0,87.5,1.0
Jozsef CSUHAY,HUN,6,0,0,2,0.0,0.0,18.51851851851852,0.0,25.0,100.0,1.0
Jozsef GELEI,HUN,4,0,0,1,0.0,0.0,11.11111111111111,0.0,0.0,100.0,0.0
Jozsef HADA,HUN,6,0,0,2,0.0,0.0,18.51851851851852,0.0,25.0,100.0,1.0
Jozsef KARDOS,HUN,3,0,0,1,0.0,0.0,7.4074074074074066,0.0,0.0,100.0,0.0
Jozsef KIPRICH,HUN,3,0,0,1,0.0,0.0,7.4074074074074066,0.0,0.0,100.0,0.0
Jozsef NAGY,HUN,3,0,0,1,0.0,0.0,7.4074074074074066,0.0,0.0,100.0,0.0
Jozsef PALINKAS,HUN,4,0,0,1,0.0,0.0,11.11111111111111,0.0,0.0,100.0,0.0
Jozsef SZENDREI,HUN,3,0,0,1,0.0,0.0,7.4074074074074066,0.0,0.0,100.0,0.0
Jozsef TOTH,HUN,11,2,0,3,0.1818181818181818,11.76470588235294,37.03703703703704,4.545454545454546,50.0,100.0,3.0
Jozsef TURAY,HUN,4,0,0,1,0.0,0.0,11.11111111111111,0.0,0.0,100.0,0.0
Jozsef VAGO,HUN,2,0,0,1,0.0,0.0,3.7037037037037033,0.0,0.0,100.0,
Jozsef VARGA,HUN,6,1,0,2,0.1666666666666666,5.88235294117647,18.51851851851852,4.166666666666666,25.0,100.0,1.0
Jozsef ZAKARIAS,HUN,5,0,0,1,0.0,0.0,14.814814814814811,0.0,0.0,100.0,0.0
Juan ACUNA,ESP,6,0,0,1,0.0,0.0,18.51851851851852,0.0,0.0,100.0,0.0
Juan AGUERO,PAR,3,2,0,1,0.6666666666666666,11.76470588235294,7.4074074074074066,16.666666666666664,0.0,100.0,0.0
Juan AGUILERA,CHI,3,0,0,1,0.0,0.0,7.4074074074074066,0.0,0.0,100.0,0.0
Juan ALONSO,CUB,3,0,0,1,0.0,0.0,7.4074074074074066,0.0,0.0,100.0,0.0
Juan ANSELMO,URU,4,3,0,1,0.75,17.647058823529413,11.11111111111111,18.75,0.0,100.0,0.0
Juan AYRA,CUB,3,0,0,1,0.0,0.0,7.4074074074074066,0.0,0.0,100.0,0.0
Juan Alfonso VALLE,PER,2,0,0,1,0.0,0.0,3.7037037037037033,0.0,0.0,100.0,
Juan Antonio SENOR,ESP,5,1,0,1,0.2,5.88235294117647,14.814814814814811,5.0,0.0,100.0,0.0
Juan BARBAS,ARG,5,0,0,1,0.0,0.0,14.814814814814811,0.0,0.0,100.0,0.0
Juan BOTASSO,ARG,5,0,0,1,0.0,0.0,14.814814814814811,0.0,0.0,100.0,0.0
Juan BURGUENO,URU,4,0,0,1,0.0,0.0,11.11111111111111,0.0,0.0,100.0,0.0
Juan CACERES,PER,6,0,0,1,0.0,0.0,18.51851851851852,0.0,0.0,100.0,0.0
Juan CARRENO,MEX,3,1,0,1,0.3333333333333333,5.88235294117647,7.4074074074074066,8.333333333333332,0.0,100.0,0.0
Juan CAYASSO,CRC,4,1,0,1,0.25,5.88235294117647,11.11111111111111,6.25,0.0,100.0,0.0
Juan CRUZ,HON,3,0,0,1,0.0,0.0,7.4074074074074066,0.0,0.0,100.0,0.0
Juan Carlos ABLANEDO,ESP,9,0,0,2,0.0,0.0,29.629629629629623,0.0,25.0,100.0,1.0
Juan Carlos CALVO,URU,4,0,0,1,0.0,0.0,11.11111111111111,0.0,0.0,100.0,0.0
Juan Carlos CHAVEZ,MEX,4,0,0,1,0.0,0.0,11.11111111111111,0.0,0.0,100.0,0.0
Juan Carlos GONZALEZ,URU,4,0,0,1,0.0,0.0,11.11111111111111,0.0,0.0,100.0,0.0
Juan Carlos OBLITAS,PER,9,0,0,2,0.0,0.0,29.629629629629623,0.0,25.0,100.0,1.0
Juan EVARISTO,ARG,5,0,0,1,0.0,0.0,14.814814814814811,0.0,0.0,100.0,0.0
Juan Francesco LOMBARDO,ARG,3,0,0,1,0.0,0.0,7.4074074074074066,0.0,0.0,100.0,0.0
Juan GOMEZ,MEX,2,0,0,1,0.0,0.0,3.7037037037037033,0.0,0.0,100.0,
Juan GUERRA,BOL,1,0,0,1,0.0,0.0,0.0,0.0,0.0,100.0,
Juan Gualberto FERNANDEZ,SLV,3,0,0,1,0.0,0.0,7.4074074074074066,0.0,0.0,100.0,0.0
Juan HOHBERG,URU,5,3,0,1,0.6,17.647058823529413,14.814814814814811,15.0,0.0,100.0,0.0
Juan Ignacio BASAGUREN,MEX,4,1,0,1,0.25,5.88235294117647,11.11111111111111,6.25,0.0,100.0,0.0
Juan LETELIER,CHI,3,1,1,1,0.3333333333333333,5.88235294117647,7.4074074074074066,8.333333333333332,0.0,87.5,2.0
Juan Leon CANETE,PAR,2,0,0,1,0.0,0.0,3.7037037037037033,0.0,0.0,100.0,
Juan MACHUCA,CHI,3,0,0,1,0.0,0.0,7.4074074074074066,0.0,0.0,100.0,0.0
Juan MARTINEZ,SLV,3,0,0,1,0.0,0.0,7.4074074074074066,0.0,0.0,100.0,0.0
Juan MASNIK,URU,3,0,1,1,0.0,0.0,7.4074074074074066,0.0,0.0,87.5,2.0
Juan MUJICA,URU,6,1,1,1,0.1666666666666666,5.88235294117647,18.51851851851852,4.166666666666666,0.0,87.5,2.0
Juan MUNANTE,PER,6,0,1,1,0.0,0.0,18.51851851851852,0.0,0.0,87.5,2.0
Juan Manuel ALEJANDREZ,MEX,4,0,0,1,0.0,0.0,11.11111111111111,0.0,0.0,100.0,0.0
Juan Manuel ASENSI,ESP,3,1,0,1,0.3333333333333333,5.88235294117647,7.4074074074074066,8.333333333333332,0.0,100.0,0.0
Juan Manuel PENA,BOL,3,0,0,1,0.0,0.0,7.4074074074074066,0.0,0.0,100.0,0.0
Juan NOGUES,ESP,3,0,0,1,0.0,0.0,7.4074074074074066,0.0,0.0,100.0,0.0
Juan OLENIAK,ARG,3,0,0,1,0.0,0.0,7.4074074074074066,0.0,0.0,100.0,0.0
Juan OLIVARES,CHI,6,0,0,2,0.0,0.0,18.51851851851852,0.0,25.0,100.0,1.0
Juan PEDEVILLA,ARG,1,0,0,1,0.0,0.0,0.0,0.0,0.0,100.0,
Juan RAMIREZ,MEX,4,0,0,1,0.0,0.0,11.11111111111111,0.0,0.0,100.0,0.0
Juan RODRIGUEZ,CHI,3,0,0,1,0.0,0.0,7.4074074074074066,0.0,0.0,100.0,0.0
Juan SARNARI,ARG,4,0,0,1,0.0,0.0,11.11111111111111,0.0,0.0,100.0,0.0
Juan SCHIAFFINO,URU,9,5,0,2,0.5555555555555556,29.411764705882355,29.629629629629623,13.88888888888889,25.0,100.0,1.0
Juan SILVA,URU,3,0,0,1,0.0,0.0,7.4074074074074066,0.0,0.0,100.0,0.0
Juan SIMON,ARG,7,0,1,1,0.0,0.0,22.22222222222222,0.0,0.0,87.5,2.0
Juan TORALES,PAR,4,0,0,1,0.0,0.0,11.11111111111111,0.0,0.0,100.0,0.0
Juan TUNAS,CUB,3,0,0,1,0.0,0.0,7.4074074074074066,0.0,0.0,100.0,0.0
Juan VALDIVIESO,PER,2,0,0,1,0.0,0.0,3.7037037037037033,0.0,0.0,100.0,
Juan Vicente LEZCANO,PAR,3,0,0,1,0.0,0.0,7.4074074074074066,0.0,0.0,100.0,0.0
Juerg STUDER,SUI,4,0,1,1,0.0,0.0,11.11111111111111,0.0,0.0,87.5,2.0
Juergen CROY,GDR,6,0,1,1,0.0,0.0,18.51851851851852,0.0,0.0,87.5,2.0
Juergen GRABOWSKI,FRG,19,1,0,3,0.0526315789473684,5.88235294117647,66.66666666666666,1.3157894736842104,50.0,100.0,3.0
Juergen KLINSMANN,FRG,7,3,1,1,0.4285714285714285,17.647058823529413,22.22222222222222,10.714285714285714,0.0,87.5,2.0
Juergen KLINSMANN,FRG,7,3,1,1,0.4285714285714285,17.647058823529413,22.22222222222222,10.714285714285714,0.0,87.5,2.0
Juergen KLINSMANN,GER,5,3,1,1,0.6,17.647058823529413,14.814814814814811,15.0,0.0,87.5,2.0
Juergen KLINSMANN,GER,5,3,1,1,0.6,17.647058823529413,14.814814814814811,15.0,0.0,87.5,2.0
Juergen KOHLER,FRG,7,0,0,1,0.0,0.0,22.22222222222222,0.0,0.0,100.0,0.0
Juergen KOHLER,FRG,7,0,0,1,0.0,0.0,22.22222222222222,0.0,0.0,100.0,0.0
Juergen KOHLER,GER,5,0,0,1,0.0,0.0,14.814814814814811,0.0,0.0,100.0,0.0
Juergen KOHLER,GER,5,0,0,1,0.0,0.0,14.814814814814811,0.0,0.0,100.0,0.0
Juergen KURBJUHN,FRG,4,0,0,1,0.0,0.0,11.11111111111111,0.0,0.0,100.0,0.0
Juergen POMMERENKE,GDR,6,0,0,1,0.0,0.0,18.51851851851852,0.0,0.0,100.0,0.0
Juergen SOMMER,USA,7,0,0,2,0.0,0.0,22.22222222222222,0.0,25.0,100.0,1.0
Juergen SPARWASSER,GDR,6,1,2,1,0.1666666666666666,5.88235294117647,18.51851851851852,4.166666666666666,0.0,75.0,2.0
Juergen WERNER,FRG,4,0,0,1,0.0,0.0,11.11111111111111,0.0,0.0,100.0,0.0
Julen LOPETEGUI,ESP,5,0,0,1,0.0,0.0,14.814814814814811,0.0,0.0,100.0,0.0
Jules Denis ONANA,CMR,5,0,2,1,0.0,0.0,14.814814814814811,0.0,0.0,75.0,2.0
Jules PAPPAERT,BEL,1,0,0,1,0.0,0.0,0.0,0.0,0.0,100.0,
Jules VANDOOREN,FRA,3,0,0,2,0.0,0.0,7.4074074074074066,0.0,25.0,100.0,1.0
Julian CORONEL,PAR,4,0,0,1,0.0,0.0,11.11111111111111,0.0,0.0,100.0,0.0
Julien DARUI,FRA,2,0,0,1,0.0,0.0,3.7037037037037033,0.0,0.0,100.0,
Julio ABBADIE,URU,5,2,0,1,0.4,11.76470588235294,14.814814814814811,10.0,0.0,100.0,0.0
Julio BALDIVIESO,BOL,3,0,2,1,0.0,0.0,7.4074074074074066,0.0,0.0,75.0,2.0
Julio BAYLON,PER,4,0,0,1,0.0,0.0,11.11111111111111,0.0,0.0,100.0,0.0
Julio CARDENOSA,ESP,3,0,0,1,0.0,0.0,7.4074074074074066,0.0,0.0,100.0,0.0
Julio CORTES,URU,13,1,1,3,0.0769230769230769,5.88235294117647,44.44444444444444,1.9230769230769231,50.0,87.5,3.0
Julio Cesar ARZU,HON,3,0,0,1,0.0,0.0,7.4074074074074066,0.0,0.0,100.0,0.0
Julio Cesar BRITOS,URU,4,0,0,1,0.0,0.0,11.11111111111111,0.0,0.0,100.0,0.0
Julio Cesar JIMENEZ,URU,3,0,0,1,0.0,0.0,7.4074074074074066,0.0,0.0,100.0,0.0
Julio Cesar ROMERO,PAR,4,2,1,1,0.5,11.76470588235294,11.11111111111111,12.5,0.0,87.5,2.0
Julio Cesar URIBE,PER,3,0,0,1,0.0,0.0,7.4074074074074066,0.0,0.0,100.0,0.0
Julio Cesar YEGROS,PAR,4,0,0,1,0.0,0.0,11.11111111111111,0.0,0.0,100.0,0.0
Julio HERNANDEZ,SLV,3,0,0,1,0.0,0.0,7.4074074074074066,0.0,0.0,100.0,0.0
Julio LORES,PER,2,0,0,1,0.0,0.0,3.7037037037037033,0.0,0.0,100.0,
Julio LOSADA,URU,6,0,0,1,0.0,0.0,18.51851851851852,0.0,0.0,100.0,0.0
Julio MACEIRAS,URU,5,0,0,1,0.0,0.0,14.814814814814811,0.0,0.0,100.0,0.0
Julio MONTERO CASTILLO,URU,9,0,2,2,0.0,0.0,29.629629629629623,0.0,25.0,75.0,1.0
Julio MORALES,URU,6,0,0,1,0.0,0.0,18.51851851851852,0.0,0.0,100.0,0.0
Julio MUSSIMESI,ARG,3,0,0,1,0.0,0.0,7.4074074074074066,0.0,0.0,100.0,0.0
Julio OLARTICOECHEA,ARG,19,0,3,3,0.0,0.0,66.66666666666666,0.0,50.0,62.5,3.0
Julio PEREZ,URU,9,1,0,2,0.1111111111111111,5.88235294117647,29.629629629629623,2.7777777777777777,25.0,100.0,1.0
Julio QUINTANA,PER,2,0,0,1,0.0,0.0,3.7037037037037033,0.0,0.0,100.0,
Julius BIELIK,TCH,5,0,0,1,0.0,0.0,14.814814814814811,0.0,0.0,100.0,0.0
Julius HJULIAN,USA,1,0,0,1,0.0,0.0,0.0,0.0,0.0,100.0,
Jupp HEYNCKES,FRG,7,0,0,1,0.0,0.0,22.22222222222222,0.0,0.0,100.0,0.0
Jupp KAPPELLMANN,FRG,7,0,0,1,0.0,0.0,22.22222222222222,0.0,0.0,100.0,0.0
Jupp POSIPAL,FRG,6,0,0,1,0.0,0.0,18.51851851851852,0.0,0.0,100.0,0.0
Juri VOINOV,URS,5,0,0,1,0.0,0.0,14.814814814814811,0.0,0.0,100.0,0.0
Jurica JERKOVIC,YUG,9,0,0,2,0.0,0.0,29.629629629629623,0.0,25.0,100.0,1.0
Just FONTAINE,FRA,6,13,0,1,2.1666666666666665,76.47058823529412,18.51851851851852,54.16666666666666,0.0,100.0,0.0
K H LEE,KOR,3,1,0,1,0.3333333333333333,5.88235294117647,7.4074074074074066,8.333333333333332,0.0,100.0,0.0
K H SEOL,KOR,7,1,1,1,0.1428571428571428,5.88235294117647,22.22222222222222,3.571428571428571,0.0,87.5,2.0
K Y HAN,KOR,3,0,1,1,0.0,0.0,7.4074074074074066,0.0,0.0,87.5,2.0
K. AL-MOWALAD,KSA,4,0,2,1,0.0,0.0,11.11111111111111,0.0,0.0,75.0,2.0
K. AL-MUWALID,KSA,3,0,1,1,0.0,0.0,7.4074074074074066,0.0,0.0,87.5,2.0
K. ASAMOAH,GHA,3,0,0,1,0.0,0.0,7.4074074074074066,0.0,0.0,100.0,0.0
K. AZIZI,IRN,3,0,0,1,0.0,0.0,7.4074074074074066,0.0,0.0,100.0,0.0
K. BAGHERI,IRN,3,0,0,1,0.0,0.0,7.4074074074074066,0.0,0.0,100.0,0.0
K. KUM IL,PRK,3,0,0,1,0.0,0.0,7.4074074074074066,0.0,0.0,100.0,0.0
K. KYONG IL,PRK,3,0,0,1,0.0,0.0,7.4074074074074066,0.0,0.0,100.0,0.0
K. MYONG GIL,PRK,3,0,0,1,0.0,0.0,7.4074074074074066,0.0,0.0,100.0,0.0
K. MYONG WON,PRK,3,0,0,1,0.0,0.0,7.4074074074074066,0.0,0.0,100.0,0.0
K. NAKAMURA,JPN,4,0,0,1,0.0,0.0,11.11111111111111,0.0,0.0,100.0,0.0
K. NAKATA,JPN,3,0,0,1,0.0,0.0,7.4074074074074066,0.0,0.0,100.0,0.0
K. SVENSSON,SWE,4,0,0,1,0.0,0.0,11.11111111111111,0.0,0.0,100.0,0.0
K. YONG JUN,PRK,3,0,0,1,0.0,0.0,7.4074074074074066,0.0,0.0,100.0,0.0
K.ASAMOAH,GHA,5,0,0,1,0.0,0.0,14.814814814814811,0.0,0.0,100.0,0.0
K.NAKATA,JPN,4,0,1,1,0.0,0.0,11.11111111111111,0.0,0.0,87.5,2.0
KA?AR,SRB,3,0,0,1,0.0,0.0,7.4074074074074066,0.0,0.0,100.0,0.0
KADIR,ALG,3,0,0,1,0.0,0.0,7.4074074074074066,0.0,0.0,100.0,0.0
KAGAWA,JPN,3,0,0,1,0.0,0.0,7.4074074074074066,0.0,0.0,100.0,0.0
KAHLENBERG,DEN,3,0,0,1,0.0,0.0,7.4074074074074066,0.0,0.0,100.0,0.0
KAHN,GER,14,0,1,2,0.0,0.0,48.14814814814815,0.0,25.0,87.5,1.0
KAITA,NGA,3,0,1,1,0.0,0.0,7.4074074074074066,0.0,0.0,87.5,2.0
KAJI,JPN,3,0,1,1,0.0,0.0,7.4074074074074066,0.0,0.0,87.5,2.0
KAK,BRA,10,1,5,2,0.1,5.88235294117647,33.33333333333333,2.5,25.0,37.5,3.0
KAKA,BRA,7,0,0,1,0.0,0.0,22.22222222222222,0.0,0.0,100.0,0.0
KAKITANI,JPN,3,0,0,1,0.0,0.0,7.4074074074074066,0.0,0.0,100.0,0.0
KALAC,AUS,4,0,0,1,0.0,0.0,11.11111111111111,0.0,0.0,100.0,0.0
KALI,ANG,3,0,0,1,0.0,0.0,7.4074074074074066,0.0,0.0,100.0,0.0
KALINICHENKO,UKR,5,1,2,1,0.2,5.88235294117647,14.814814814814811,5.0,0.0,75.0,2.0
KALLA,CMR,9,0,3,3,0.0,0.0,29.629629629629623,0.0,50.0,62.5,3.0
KALOU,CIV,9,1,1,3,0.1111111111111111,5.88235294117647,29.629629629629623,2.7777777777777777,50.0,87.5,3.0
KALUZNY,POL,3,0,0,1,0.0,0.0,7.4074074074074066,0.0,0.0,100.0,0.0
KAMENI,CMR,6,0,0,2,0.0,0.0,18.51851851851852,0.0,25.0,100.0,1.0
KANG Bong Chil,PRK,4,0,0,1,0.0,0.0,11.11111111111111,0.0,0.0,100.0,0.0
KANG Chang Gi,KOR,2,0,0,1,0.0,0.0,3.7037037037037033,0.0,0.0,100.0,
KANG Deuk Soo,KOR,3,0,0,1,0.0,0.0,7.4074074074074066,0.0,0.0,100.0,0.0
KANG Ryong Woon,PRK,4,0,0,1,0.0,0.0,11.11111111111111,0.0,0.0,100.0,0.0
KANU,NGA,10,0,0,3,0.0,0.0,33.33333333333333,0.0,50.0,100.0,1.0
KANUNNIKOV,RUS,3,0,0,1,0.0,0.0,7.4074074074074066,0.0,0.0,100.0,0.0
KAPETANOS,GRE,3,0,0,1,0.0,0.0,7.4074074074074066,0.0,0.0,100.0,0.0
KAPINO,GRE,4,0,0,1,0.0,0.0,11.11111111111111,0.0,0.0,100.0,0.0
KARAGOUNIS,GRE,7,0,0,2,0.0,0.0,22.22222222222222,0.0,25.0,100.0,1.0
KARIC,SVN,3,0,2,1,0.0,0.0,7.4074074074074066,0.0,0.0,75.0,2.0
KARIM,IRN,3,0,1,1,0.0,0.0,7.4074074074074066,0.0,0.0,87.5,2.0
KARIM MOHAMED,IRQ,3,0,0,1,0.0,0.0,7.4074074074074066,0.0,0.0,100.0,0.0
KARIRI,KSA,3,0,1,1,0.0,0.0,7.4074074074074066,0.0,0.0,87.5,2.0
KARNEZIS,GRE,4,0,0,1,0.0,0.0,11.11111111111111,0.0,0.0,100.0,0.0
KARPIN,RUS,3,0,0,1,0.0,0.0,7.4074074074074066,0.0,0.0,100.0,0.0
KASRAOUI,TUN,3,0,0,1,0.0,0.0,7.4074074074074066,0.0,0.0,100.0,0.0
KATSOURANIS,GRE,7,0,5,2,0.0,0.0,22.22222222222222,0.0,25.0,37.5,2.0
KAVIEDES,ECU,3,0,1,1,0.0,0.0,7.4074074074074066,0.0,0.0,87.5,2.0
KAWAGUCHI,JPN,11,0,1,3,0.0,0.0,37.03703703703704,0.0,50.0,87.5,3.0
KAWASHIMA,JPN,7,0,0,2,0.0,0.0,22.22222222222222,0.0,25.0,100.0,1.0
KE Seung Woon,PRK,4,0,0,1,0.0,0.0,11.11111111111111,0.0,0.0,100.0,0.0
KEANE,IRL,4,2,0,1,0.5,11.76470588235294,11.11111111111111,12.5,0.0,100.0,0.0
KEHL,GER,14,0,1,2,0.0,0.0,48.14814814814815,0.0,25.0,87.5,1.0
KEITA,CIV,6,0,2,2,0.0,0.0,18.51851851851852,0.0,25.0,75.0,1.0
KELLER,USA,8,0,0,2,0.0,0.0,25.925925925925924,0.0,25.0,100.0,1.0
KENNEDY,AUS,7,0,0,2,0.0,0.0,22.22222222222222,0.0,25.0,100.0,1.0
KEOWN,ENG,5,0,0,1,0.0,0.0,14.814814814814811,0.0,0.0,100.0,0.0
KERZHAKOV,RUS,6,1,0,2,0.1666666666666666,5.88235294117647,18.51851851851852,4.166666666666666,25.0,100.0,1.0
KEWELL,AUS,7,1,1,2,0.1428571428571428,5.88235294117647,22.22222222222222,3.571428571428571,25.0,87.5,1.0
KEZMAN,SCG,3,0,1,1,0.0,0.0,7.4074074074074066,0.0,0.0,87.5,2.0
KH. FADIGA,SEN,5,0,2,1,0.0,0.0,14.814814814814811,0.0,0.0,75.0,2.0
KH. HEYDARI,IRN,3,0,0,1,0.0,0.0,7.4074074074074066,0.0,0.0,100.0,0.0
KHALEEL GHANIM,UAE,3,0,4,1,0.0,0.0,7.4074074074074066,0.0,0.0,50.0,2.0
KHALID ISMAIL,UAE,3,1,0,1,0.3333333333333333,5.88235294117647,7.4074074074074066,8.333333333333332,0.0,100.0,0.0
KHALIL MOHAMED,IRQ,3,0,1,1,0.0,0.0,7.4074074074074066,0.0,0.0,87.5,2.0
KHATHRAN,KSA,3,0,0,1,0.0,0.0,7.4074074074074066,0.0,0.0,100.0,0.0
KHEDIRA,GER,14,3,3,2,0.2142857142857142,17.647058823529413,48.14814814814815,5.357142857142857,25.0,62.5,3.0
KHOJAH,KSA,3,0,0,1,0.0,0.0,7.4074074074074066,0.0,0.0,100.0,0.0
KHOJALI,KSA,3,0,0,1,0.0,0.0,7.4074074074074066,0.0,0.0,100.0,0.0
KHOKHLOV,RUS,3,0,1,1,0.0,0.0,7.4074074074074066,0.0,0.0,87.5,2.0
KHUBONI,RSA,3,0,0,1,0.0,0.0,7.4074074074074066,0.0,0.0,100.0,0.0
KHUMALO,RSA,3,1,0,1,0.3333333333333333,5.88235294117647,7.4074074074074066,8.333333333333332,0.0,100.0,0.0
KHUNE,RSA,3,0,1,1,0.0,0.0,7.4074074074074066,0.0,0.0,87.5,2.0
KIELING,GER,7,0,0,1,0.0,0.0,22.22222222222222,0.0,0.0,100.0,0.0
KIELY,IRL,4,0,0,1,0.0,0.0,11.11111111111111,0.0,0.0,100.0,0.0
KIHLSTEDT,SWE,4,0,0,1,0.0,0.0,11.11111111111111,0.0,0.0,100.0,0.0
KIHUN,KOR,4,0,1,1,0.0,0.0,11.11111111111111,0.0,0.0,87.5,2.0
KIHYEON,KOR,3,0,0,1,0.0,0.0,7.4074074074074066,0.0,0.0,100.0,0.0
KIKO,ESP,3,1,1,1,0.3333333333333333,5.88235294117647,7.4074074074074066,8.333333333333332,0.0,87.5,2.0
KILBANE,IRL,4,0,0,1,0.0,0.0,11.11111111111111,0.0,0.0,100.0,0.0
KILLEN,NZL,3,0,0,1,0.0,0.0,7.4074074074074066,0.0,0.0,100.0,0.0
KIM B. J.,KOR,3,0,1,1,0.0,0.0,7.4074074074074066,0.0,0.0,87.5,2.0
KIM Bong Hwan,PRK,4,0,0,1,0.0,0.0,11.11111111111111,0.0,0.0,100.0,0.0
KIM D. H.,KOR,3,0,0,1,0.0,0.0,7.4074074074074066,0.0,0.0,100.0,0.0
KIM D. K.,KOR,3,0,0,1,0.0,0.0,7.4074074074074066,0.0,0.0,100.0,0.0
KIM Ji Sung,KOR,2,0,0,1,0.0,0.0,3.7037037037037033,0.0,0.0,100.0,
KIM Jong Boo,KOR,3,1,0,1,0.3333333333333333,5.88235294117647,7.4074074074074066,8.333333333333332,0.0,100.0,0.0
KIM Joo Sung,KOR,9,0,3,3,0.0,0.0,29.629629629629623,0.0,50.0,62.5,3.0
KIM Pan Keun,KOR,3,0,0,1,0.0,0.0,7.4074074074074066,0.0,0.0,100.0,0.0
KIM Poong Jo,KOR,3,0,0,1,0.0,0.0,7.4074074074074066,0.0,0.0,100.0,0.0
KIM Pyung Seok,KOR,3,0,0,1,0.0,0.0,7.4074074074074066,0.0,0.0,100.0,0.0
KIM Sam Soo,KOR,3,0,0,1,0.0,0.0,7.4074074074074066,0.0,0.0,100.0,0.0
KIM Seung Il,PRK,4,0,0,1,0.0,0.0,11.11111111111111,0.0,0.0,100.0,0.0
KIM T. Y.,KOR,3,0,1,1,0.0,0.0,7.4074074074074066,0.0,0.0,87.5,2.0
KIM Young Se,KOR,3,0,0,1,0.0,0.0,7.4074074074074066,0.0,0.0,100.0,0.0
KIM Yung Kil,PRK,4,0,0,1,0.0,0.0,11.11111111111111,0.0,0.0,100.0,0.0
KING,ENG,4,0,0,1,0.0,0.0,11.11111111111111,0.0,0.0,100.0,0.0
KINGSON,GHA,9,0,0,2,0.0,0.0,29.629629629629623,0.0,25.0,100.0,1.0
KINSELLA,IRL,4,0,0,1,0.0,0.0,11.11111111111111,0.0,0.0,100.0,0.0
KINSKY,CZE,3,0,0,1,0.0,0.0,7.4074074074074066,0.0,0.0,100.0,0.0
KIRM,SVN,3,0,1,1,0.0,0.0,7.4074074074074066,0.0,0.0,87.5,2.0
KISHISHEV,BUL,3,0,1,1,0.0,0.0,7.4074074074074066,0.0,0.0,87.5,2.0
KIYOTAKE,JPN,3,0,0,1,0.0,0.0,7.4074074074074066,0.0,0.0,100.0,0.0
KJAER,DEN,4,0,0,1,0.0,0.0,11.11111111111111,0.0,0.0,100.0,0.0
KJR,DEN,3,0,2,1,0.0,0.0,7.4074074074074066,0.0,0.0,75.0,2.0
KLASNIC,CRO,3,0,0,1,0.0,0.0,7.4074074074074066,0.0,0.0,100.0,0.0
KLEBERSON,BRA,12,0,0,2,0.0,0.0,40.74074074074074,0.0,25.0,100.0,1.0
KLINSMANN,GER,5,5,2,1,1.0,29.411764705882355,14.814814814814811,25.0,0.0,75.0,2.0
KLLSTRM,SWE,4,0,0,1,0.0,0.0,11.11111111111111,0.0,0.0,100.0,0.0
KLOS,POL,3,0,0,1,0.0,0.0,7.4074074074074066,0.0,0.0,100.0,0.0
KLOSE,GER,28,17,5,4,0.6071428571428571,100.0,100.0,15.178571428571429,75.0,37.5,3.0
KNAVS,SVN,3,0,0,1,0.0,0.0,7.4074074074074066,0.0,0.0,100.0,0.0
KO J. S.,KOR,3,0,1,1,0.0,0.0,7.4074074074074066,0.0,0.0,87.5,2.0
KOHLER,GER,5,0,1,1,0.0,0.0,14.814814814814811,0.0,0.0,87.5,2.0
KOKE,ESP,3,0,0,1,0.0,0.0,7.4074074074074066,0.0,0.0,100.0,0.0
KOKORIN,RUS,3,1,0,1,0.3333333333333333,5.88235294117647,7.4074074074074066,8.333333333333332,0.0,100.0,0.0
KOLAINAC,BIH,3,0,0,1,0.0,0.0,7.4074074074074066,0.0,0.0,100.0,0.0
KOLAROV,SRB,3,0,1,1,0.0,0.0,7.4074074074074066,0.0,0.0,87.5,2.0
KOLLER,CZE,3,1,0,1,0.3333333333333333,5.88235294117647,7.4074074074074066,8.333333333333332,0.0,100.0,0.0
KOMAC,SVN,3,0,1,1,0.0,0.0,7.4074074074074066,0.0,0.0,87.5,2.0
KOMANO,JPN,7,0,0,2,0.0,0.0,22.22222222222222,0.0,25.0,100.0,1.0
KOMPANY,BEL,5,0,2,1,0.0,0.0,14.814814814814811,0.0,0.0,75.0,2.0
KONE,GRE,4,0,0,1,0.0,0.0,11.11111111111111,0.0,0.0,100.0,0.0
KONE A.,CIV,3,0,0,1,0.0,0.0,7.4074074074074066,0.0,0.0,100.0,0.0
KONE B.,CIV,3,1,0,1,0.3333333333333333,5.88235294117647,7.4074074074074066,8.333333333333332,0.0,100.0,0.0
KONGOLO,NED,7,0,0,1,0.0,0.0,22.22222222222222,0.0,0.0,100.0,0.0
KONNO,JPN,7,0,1,2,0.0,0.0,22.22222222222222,0.0,25.0,87.5,1.0
KOPUNEK,SVK,4,1,1,1,0.25,5.88235294117647,11.11111111111111,6.25,0.0,87.5,2.0
KOREN,SVN,3,1,0,1,0.3333333333333333,5.88235294117647,7.4074074074074066,8.333333333333332,0.0,100.0,0.0
KOROMAN,SCG,3,0,2,1,0.0,0.0,7.4074074074074066,0.0,0.0,75.0,2.0
KOSCIELNY,FRA,5,0,0,1,0.0,0.0,14.814814814814811,0.0,0.0,100.0,0.0
KOSOWSKI,POL,3,0,0,1,0.0,0.0,7.4074074074074066,0.0,0.0,100.0,0.0
KOSTADINOV,BUL,7,0,1,1,0.0,0.0,22.22222222222222,0.0,0.0,87.5,2.0
KOUAMATIEN,CIV,3,0,0,1,0.0,0.0,7.4074074074074066,0.0,0.0,100.0,0.0
KOUASSI,CIV,3,0,0,1,0.0,0.0,7.4074074074074066,0.0,0.0,100.0,0.0
KOUMANTARAKIS,RSA,3,0,0,1,0.0,0.0,7.4074074074074066,0.0,0.0,100.0,0.0
KOVA?I?,CRO,3,0,0,1,0.0,0.0,7.4074074074074066,0.0,0.0,100.0,0.0
KOVAC,CZE,3,0,0,1,0.0,0.0,7.4074074074074066,0.0,0.0,100.0,0.0
KOVAC N.,CRO,3,0,0,1,0.0,0.0,7.4074074074074066,0.0,0.0,100.0,0.0
KOVAC R.,CRO,3,0,1,1,0.0,0.0,7.4074074074074066,0.0,0.0,87.5,2.0
KOVACEVIC,SCG,3,0,0,1,0.0,0.0,7.4074074074074066,0.0,0.0,100.0,0.0
KOVTUN,RUS,3,0,0,1,0.0,0.0,7.4074074074074066,0.0,0.0,100.0,0.0
KOZAK,SVK,4,0,0,1,0.0,0.0,11.11111111111111,0.0,0.0,100.0,0.0
KOZLOV,RUS,3,0,1,1,0.0,0.0,7.4074074074074066,0.0,0.0,87.5,2.0
KOZMINSKI,POL,3,0,1,1,0.0,0.0,7.4074074074074066,0.0,0.0,87.5,2.0
KPKE,GER,5,0,0,1,0.0,0.0,14.814814814814811,0.0,0.0,100.0,0.0
KRAMER,GER,7,0,0,1,0.0,0.0,22.22222222222222,0.0,0.0,100.0,0.0
KRANJCAR,CRO,3,0,0,1,0.0,0.0,7.4074074074074066,0.0,0.0,100.0,0.0
KRASI?,SRB,3,0,0,1,0.0,0.0,7.4074074074074066,0.0,0.0,100.0,0.0
KRHIN,SVN,3,0,0,1,0.0,0.0,7.4074074074074066,0.0,0.0,100.0,0.0
KRLDRUP,DEN,3,0,1,1,0.0,0.0,7.4074074074074066,0.0,0.0,87.5,2.0
KROMKAMP,NED,4,0,0,1,0.0,0.0,11.11111111111111,0.0,0.0,100.0,0.0
KROOS,GER,14,4,0,2,0.2857142857142857,23.52941176470588,48.14814814814815,7.142857142857142,25.0,100.0,1.0
KRSTAJIC,SCG,3,0,1,1,0.0,0.0,7.4074074074074066,0.0,0.0,87.5,2.0
KRUL,NED,7,0,0,1,0.0,0.0,22.22222222222222,0.0,0.0,100.0,0.0
KRYSZALOWICZ,POL,3,1,0,1,0.3333333333333333,5.88235294117647,7.4074074074074066,8.333333333333332,0.0,100.0,0.0
KRZYNOWEK,POL,6,0,2,2,0.0,0.0,18.51851851851852,0.0,25.0,75.0,1.0
KUCHARSKI,POL,3,0,1,1,0.0,0.0,7.4074074074074066,0.0,0.0,87.5,2.0
KUCIAK,SVK,4,0,0,1,0.0,0.0,11.11111111111111,0.0,0.0,100.0,0.0
KUCKA,SVK,4,0,1,1,0.0,0.0,11.11111111111111,0.0,0.0,87.5,2.0
KUFFOUR,GHA,4,0,0,1,0.0,0.0,11.11111111111111,0.0,0.0,100.0,0.0
KUN AGUERO,ARG,5,0,0,1,0.0,0.0,14.814814814814811,0.0,0.0,100.0,0.0
KUSZCZAK,POL,3,0,0,1,0.0,0.0,7.4074074074074066,0.0,0.0,100.0,0.0
KUYT,NED,18,1,2,3,0.0555555555555555,5.88235294117647,62.96296296296296,1.3888888888888888,50.0,75.0,3.0
KUZMANOVI?,SRB,3,0,1,1,0.0,0.0,7.4074074074074066,0.0,0.0,87.5,2.0
KVIST,DEN,3,0,0,1,0.0,0.0,7.4074074074074066,0.0,0.0,100.0,0.0
KWARASEY,GHA,3,0,0,1,0.0,0.0,7.4074074074074066,0.0,0.0,100.0,0.0
KYRGIAKOS,GRE,3,0,0,1,0.0,0.0,7.4074074074074066,0.0,0.0,100.0,0.0
KYUNGHO,KOR,3,0,0,1,0.0,0.0,7.4074074074074066,0.0,0.0,100.0,0.0
Kabasu BABO,ZAI,3,0,0,1,0.0,0.0,7.4074074074074066,0.0,0.0,100.0,0.0
Kacmaz AKGUN,TUR,3,0,0,1,0.0,0.0,7.4074074074074066,0.0,0.0,100.0,0.0
Kafula NGOYE,ZAI,3,0,0,1,0.0,0.0,7.4074074074074066,0.0,0.0,100.0,0.0
Kais GHODHBANE,TUN,3,0,1,1,0.0,0.0,7.4074074074074066,0.0,0.0,87.5,2.0
Kakhi ASATIANI,URS,4,1,1,1,0.25,5.88235294117647,11.11111111111111,6.25,0.0,87.5,2.0
Kakoko ETEPE,ZAI,3,0,0,1,0.0,0.0,7.4074074074074066,0.0,0.0,100.0,0.0
Kalambay OTEPA,ZAI,3,0,0,1,0.0,0.0,7.4074074074074066,0.0,0.0,100.0,0.0
Kalle SVENSSON,SWE,11,0,0,2,0.0,0.0,37.03703703703704,0.0,25.0,100.0,1.0
Kalman IHASZ,HUN,8,0,0,2,0.0,0.0,25.925925925925924,0.0,25.0,100.0,1.0
Kalman KOVACS,HUN,3,0,0,1,0.0,0.0,7.4074074074074066,0.0,0.0,100.0,0.0
Kalman MESZOLY,HUN,8,1,0,2,0.125,5.88235294117647,25.925925925925924,3.125,25.0,100.0,1.0
Kalman SOVARI,HUN,8,0,0,2,0.0,0.0,25.925925925925924,0.0,25.0,100.0,1.0
Kamel CHEBALI,TUN,3,0,0,1,0.0,0.0,7.4074074074074066,0.0,0.0,100.0,0.0
Kamel MASOUD,EGY,1,0,0,1,0.0,0.0,0.0,0.0,0.0,100.0,
Karel BURKERT,TCH,3,0,0,1,0.0,0.0,7.4074074074074066,0.0,0.0,100.0,0.0
Karel KOLSKY,TCH,3,0,0,1,0.0,0.0,7.4074074074074066,0.0,0.0,100.0,0.0
Karel OOMS,NED,1,0,0,1,0.0,0.0,0.0,0.0,0.0,100.0,
Karel SENECKY,TCH,3,0,0,1,0.0,0.0,7.4074074074074066,0.0,0.0,100.0,0.0
Karel STROMSIK,TCH,3,0,0,1,0.0,0.0,7.4074074074074066,0.0,0.0,100.0,0.0
Karim MAROC,ALG,6,0,0,2,0.0,0.0,18.51851851851852,0.0,25.0,100.0,1.0
Karl ALLGOEWER,FRG,7,0,0,1,0.0,0.0,22.22222222222222,0.0,0.0,100.0,0.0
Karl Erik GRAHN,SWE,3,0,0,1,0.0,0.0,7.4074074074074066,0.0,0.0,100.0,0.0
Karl GIESSER,AUT,5,0,0,1,0.0,0.0,14.814814814814811,0.0,0.0,100.0,0.0
Karl HOHMANN,GER,4,2,0,1,0.5,11.76470588235294,11.11111111111111,12.5,0.0,100.0,0.0
Karl Heinz FOERSTER,FRG,14,0,1,2,0.0,0.0,48.14814814814815,0.0,25.0,87.5,1.0
Karl JOHNSSON,SWE,2,0,0,1,0.0,0.0,3.7037037037037033,0.0,0.0,100.0,
Karl KOLLER,AUT,8,1,0,2,0.125,5.88235294117647,25.925925925925924,3.125,25.0,100.0,1.0
Karl LOKEN,NOR,3,0,0,1,0.0,0.0,7.4074074074074066,0.0,0.0,100.0,0.0
Karl MAI,FRG,6,0,0,1,0.0,0.0,18.51851851851852,0.0,0.0,100.0,0.0
Karl ODERMATT,SUI,3,0,0,1,0.0,0.0,7.4074074074074066,0.0,0.0,100.0,0.0
Karl SESTA,AUT,4,1,0,1,0.25,5.88235294117647,11.11111111111111,6.25,0.0,100.0,0.0
Karl STOTZ,AUT,8,0,0,2,0.0,0.0,25.925925925925924,0.0,25.0,100.0,1.0
Karl ZISCHEK,AUT,4,1,0,1,0.25,5.88235294117647,11.11111111111111,6.25,0.0,100.0,0.0
Karl-Erik PALMER,SWE,5,3,0,1,0.6,17.647058823529413,14.814814814814811,15.0,0.0,100.0,0.0
Karl-Heinz METZNER,FRG,6,0,0,1,0.0,0.0,18.51851851851852,0.0,0.0,100.0,0.0
Karl-Heinz RUMMENIGGE,FRG,20,9,0,3,0.45,52.94117647058824,70.37037037037037,11.25,50.0,100.0,3.0
Karl-Heinz SCHNELLINGER,FRG,22,1,0,4,0.0454545454545454,5.88235294117647,77.77777777777779,1.1363636363636365,75.0,100.0,3.0
Karlheinz RIEDLE,FRG,7,0,0,1,0.0,0.0,22.22222222222222,0.0,0.0,100.0,0.0
Karlheinz RIEDLE,FRG,7,0,0,1,0.0,0.0,22.22222222222222,0.0,0.0,100.0,0.0
Karlheinz RIEDLE,GER,5,1,0,1,0.2,5.88235294117647,14.814814814814811,5.0,0.0,100.0,0.0
Karlheinz RIEDLE,GER,5,1,0,1,0.2,5.88235294117647,14.814814814814811,5.0,0.0,100.0,0.0
Karol DOBIAS,TCH,3,0,1,1,0.0,0.0,7.4074074074074066,0.0,0.0,87.5,2.0
Karol JOKL,TCH,3,0,0,1,0.0,0.0,7.4074074074074066,0.0,0.0,100.0,0.0
Karoly CSAPO,HUN,6,1,0,2,0.1666666666666666,5.88235294117647,18.51851851851852,4.166666666666666,25.0,100.0,1.0
Karoly SANDOR,HUN,8,1,0,2,0.125,5.88235294117647,25.925925925925924,3.125,25.0,100.0,1.0
Kasey KELLER,USA,6,0,0,2,0.0,0.0,18.51851851851852,0.0,25.0,100.0,1.0
Kassem SLIMANI,MAR,3,0,0,1,0.0,0.0,7.4074074074074066,0.0,0.0,100.0,0.0
Kazadi MUAMBA,ZAI,3,0,0,1,0.0,0.0,7.4074074074074066,0.0,0.0,100.0,0.0
Kazimierz DEYNA,POL,13,3,0,2,0.2307692307692307,17.647058823529413,44.44444444444444,5.769230769230769,25.0,100.0,1.0
Kazimierz KMIECIK,POL,7,0,0,1,0.0,0.0,22.22222222222222,0.0,0.0,100.0,0.0
Kazimierz LIS,POL,1,0,0,1,0.0,0.0,0.0,0.0,0.0,100.0,
Kazimierz PRZYBYS,POL,4,0,0,1,0.0,0.0,11.11111111111111,0.0,0.0,100.0,0.0
Kazimir GAJDOS,TCH,6,0,0,2,0.0,0.0,18.51851851851852,0.0,25.0,100.0,1.0
Kazimir HNATOW,FRA,6,0,0,1,0.0,0.0,18.51851851851852,0.0,0.0,100.0,0.0
Kees MIJNDERS,NED,1,0,0,1,0.0,0.0,0.0,0.0,0.0,100.0,
Keith McKAY,NZL,3,0,0,1,0.0,0.0,7.4074074074074066,0.0,0.0,100.0,0.0
Keith NEWTON,ENG,4,0,0,1,0.0,0.0,11.11111111111111,0.0,0.0,100.0,0.0
Kembo Uba KEMBO,ZAI,3,0,0,1,0.0,0.0,7.4074074074074066,0.0,0.0,100.0,0.0
Ken ARMSTRONG,ENG,3,0,0,1,0.0,0.0,7.4074074074074066,0.0,0.0,100.0,0.0
Ken GREEN,ENG,3,0,0,1,0.0,0.0,7.4074074074074066,0.0,0.0,100.0,0.0
Ken JONES,WAL,5,0,0,1,0.0,0.0,14.814814814814811,0.0,0.0,100.0,0.0
Ken LEEK,WAL,5,0,0,1,0.0,0.0,14.814814814814811,0.0,0.0,100.0,0.0
Kennet ANDERSSON,SWE,7,5,2,1,0.7142857142857143,29.411764705882355,22.22222222222222,17.857142857142858,0.0,75.0,2.0
Kenny BURNS,SCO,3,0,0,1,0.0,0.0,7.4074074074074066,0.0,0.0,100.0,0.0
Kenny CRESSWELL,NZL,3,0,0,1,0.0,0.0,7.4074074074074066,0.0,0.0,100.0,0.0
Kenny DALGLISH,SCO,9,2,0,3,0.2222222222222222,11.76470588235294,29.629629629629623,5.555555555555555,50.0,100.0,1.0
Kenny SANSOM,ENG,10,0,0,2,0.0,0.0,33.33333333333333,0.0,25.0,100.0,1.0
Kent KARLSSON,SWE,9,0,0,2,0.0,0.0,29.629629629629623,0.0,25.0,100.0,1.0
Kent NIELSEN,DEN,4,0,0,1,0.0,0.0,11.11111111111111,0.0,0.0,100.0,0.0
Kerry DIXON,ENG,5,0,0,1,0.0,0.0,14.814814814814811,0.0,0.0,100.0,0.0
Kevin GALLACHER,SCO,3,0,1,1,0.0,0.0,7.4074074074074066,0.0,0.0,87.5,2.0
Kevin KEEGAN,ENG,5,0,0,1,0.0,0.0,14.814814814814811,0.0,0.0,100.0,0.0
Kevin MORAN,IRL,9,0,1,2,0.0,0.0,29.629629629629623,0.0,25.0,87.5,1.0
Kevin SHEEDY,IRL,5,1,0,1,0.2,5.88235294117647,14.814814814814811,5.0,0.0,100.0,0.0
Khaled BADRA,TUN,3,0,0,1,0.0,0.0,7.4074074074074066,0.0,0.0,100.0,0.0
Khaled GASMI,TUN,3,0,0,1,0.0,0.0,7.4074074074074066,0.0,0.0,100.0,0.0
Khalil AZMI,MAR,3,0,0,1,0.0,0.0,7.4074074074074066,0.0,0.0,100.0,0.0
Khamis AL DOSSARI,KSA,3,0,1,1,0.0,0.0,7.4074074074074066,0.0,0.0,87.5,2.0
Khemais LABIDI,TUN,3,0,0,1,0.0,0.0,7.4074074074074066,0.0,0.0,100.0,0.0
Khoren OGANESIAN,URS,5,1,0,1,0.2,5.88235294117647,14.814814814814811,5.0,0.0,100.0,0.0
Kibonge MAFU,ZAI,3,0,0,1,0.0,0.0,7.4074074074074066,0.0,0.0,100.0,0.0
Kick SMIT,NED,2,1,0,2,0.5,5.88235294117647,3.7037037037037033,12.5,25.0,100.0,
Kidumu MANTANTU,ZAI,3,0,1,1,0.0,0.0,7.4074074074074066,0.0,0.0,87.5,2.0
Kiki ANTENEN,SUI,10,1,0,3,0.1,5.88235294117647,33.33333333333333,2.5,50.0,100.0,1.0
Kilasu MASSAMBA,ZAI,3,0,0,1,0.0,0.0,7.4074074074074066,0.0,0.0,100.0,0.0
Kiril DOJCINOVSKI,YUG,6,0,0,1,0.0,0.0,18.51851851851852,0.0,0.0,100.0,0.0
Kiril IVKOV,BUL,3,0,0,1,0.0,0.0,7.4074074074074066,0.0,0.0,100.0,0.0
Kiril MILANOV,BUL,3,0,0,1,0.0,0.0,7.4074074074074066,0.0,0.0,100.0,0.0
Kiril RAKAROV,BUL,3,0,0,1,0.0,0.0,7.4074074074074066,0.0,0.0,100.0,0.0
Kjetil REKDAL,NOR,4,0,2,1,0.0,0.0,11.11111111111111,0.0,0.0,75.0,2.0
Klas INGESSON,SWE,10,0,1,2,0.0,0.0,33.33333333333333,0.0,25.0,87.5,1.0
Klaus ALLOFS,FRG,7,2,1,1,0.2857142857142857,11.76470588235294,22.22222222222222,7.142857142857142,0.0,87.5,2.0
Klaus AUGENTHALER,FRG,14,0,0,2,0.0,0.0,48.14814814814815,0.0,25.0,100.0,1.0
Klaus BERGGREEN,DEN,4,0,1,1,0.0,0.0,11.11111111111111,0.0,0.0,87.5,2.0
Klaus FICHTEL,FRG,6,0,0,1,0.0,0.0,18.51851851851852,0.0,0.0,100.0,0.0
Klaus FISCHER,FRG,13,2,1,2,0.1538461538461538,11.76470588235294,44.44444444444444,3.8461538461538463,25.0,87.5,1.0
Klaus LINDENBERGER,AUT,8,0,1,2,0.0,0.0,25.925925925925924,0.0,25.0,87.5,1.0
Klaus-Dieter SIELOFF,FRG,12,0,0,2,0.0,0.0,40.74074074074074,0.0,25.0,100.0,1.0
Knut BRYNILDSEN,NOR,1,0,0,1,0.0,0.0,0.0,0.0,0.0,100.0,
Knut HANSSON,SWE,3,0,0,1,0.0,0.0,7.4074074074074066,0.0,0.0,100.0,0.0
Knut KROON,SWE,2,1,0,1,0.5,5.88235294117647,3.7037037037037033,12.5,0.0,100.0,
Knut NORDAHL,SWE,5,0,0,1,0.0,0.0,14.814814814814811,0.0,0.0,100.0,0.0
Koebi KUHN,SUI,3,0,0,1,0.0,0.0,7.4074074074074066,0.0,0.0,100.0,0.0
Konrad WEISE,GDR,6,0,0,1,0.0,0.0,18.51851851851852,0.0,0.0,100.0,0.0
Konstantin KRIZHEVSKI,URS,5,0,0,1,0.0,0.0,14.814814814814811,0.0,0.0,100.0,0.0
Kosta TOMASEVIC,YUG,3,2,0,1,0.6666666666666666,11.76470588235294,7.4074074074074066,16.666666666666664,0.0,100.0,0.0
Kostadin KOSTADINOV,BUL,4,0,0,1,0.0,0.0,11.11111111111111,0.0,0.0,100.0,0.0
Krasimir BORISOV,BUL,3,0,0,1,0.0,0.0,7.4074074074074066,0.0,0.0,100.0,0.0
Krassimir BALAKOV,BUL,3,0,0,1,0.0,0.0,7.4074074074074066,0.0,0.0,100.0,0.0
Krister KIRSTERSSON,SWE,3,0,0,1,0.0,0.0,7.4074074074074066,0.0,0.0,100.0,0.0
Kristian HENRIKSEN,NOR,1,0,0,1,0.0,0.0,0.0,0.0,0.0,100.0,
Krunoslav JURCIC,CRO,7,0,1,1,0.0,0.0,22.22222222222222,0.0,0.0,87.5,2.0
Krzysztof PAWLAK,POL,4,0,0,1,0.0,0.0,11.11111111111111,0.0,0.0,100.0,0.0
Kurt AMBRUSTER,SUI,3,0,0,1,0.0,0.0,7.4074074074074066,0.0,0.0,100.0,0.0
Kurt AXELSSON,SWE,3,0,0,1,0.0,0.0,7.4074074074074066,0.0,0.0,100.0,0.0
Kurt HAMRIN,SWE,6,4,0,1,0.6666666666666666,23.52941176470588,18.51851851851852,16.666666666666664,0.0,100.0,0.0
Kurt JARA,AUT,11,0,0,2,0.0,0.0,37.03703703703704,0.0,25.0,100.0,1.0
Kurt REY,SUI,3,0,0,1,0.0,0.0,7.4074074074074066,0.0,0.0,100.0,0.0
Kurt RUSS,AUT,3,0,0,1,0.0,0.0,7.4074074074074066,0.0,0.0,100.0,0.0
Kurt SCHMIED,AUT,8,0,0,2,0.0,0.0,25.925925925925924,0.0,25.0,100.0,1.0
Kurt STETTLER,SUI,3,0,0,1,0.0,0.0,7.4074074074074066,0.0,0.0,100.0,0.0
Kurt SVANSTROM,SWE,3,0,0,1,0.0,0.0,7.4074074074074066,0.0,0.0,100.0,0.0
Kurt WELZL,AUT,5,0,0,1,0.0,0.0,14.814814814814811,0.0,0.0,100.0,0.0
Kyriakos KARATAIDIS,GRE,3,0,0,1,0.0,0.0,7.4074074074074066,0.0,0.0,100.0,0.0
L GUSTAVO,BRA,7,0,3,1,0.0,0.0,22.22222222222222,0.0,0.0,62.5,2.0
L MICHEL,MEX,4,0,0,1,0.0,0.0,11.11111111111111,0.0,0.0,100.0,0.0
L. BLANC,FRA,7,1,2,1,0.1428571428571428,5.88235294117647,22.22222222222222,3.571428571428571,0.0,75.0,2.0
L. FABIANO,BRA,5,3,1,1,0.6,17.647058823529413,14.814814814814811,15.0,0.0,87.5,2.0
L. FERDINAND,ENG,4,0,0,1,0.0,0.0,11.11111111111111,0.0,0.0,100.0,0.0
L. HERNANDEZ,MEX,4,0,1,1,0.0,0.0,11.11111111111111,0.0,0.0,87.5,2.0
L. JACOBSEN,DEN,3,0,0,1,0.0,0.0,7.4074074074074066,0.0,0.0,100.0,0.0
L. PEREZ,MEX,4,0,4,1,0.0,0.0,11.11111111111111,0.0,0.0,50.0,2.0
L. SUAREZ,URU,4,2,0,1,0.5,11.76470588235294,11.11111111111111,12.5,0.0,100.0,0.0
LACATUS,ROU,4,1,2,1,0.25,5.88235294117647,11.11111111111111,6.25,0.0,75.0,2.0
LACEN,ALG,7,0,2,2,0.0,0.0,22.22222222222222,0.0,25.0,75.0,1.0
LAFUENTE,ESP,3,0,0,1,0.0,0.0,7.4074074074074066,0.0,0.0,100.0,0.0
LAHM,GER,21,1,3,3,0.0476190476190476,5.88235294117647,74.07407407407408,1.1904761904761905,50.0,62.5,3.0
LAIFAOUI,ALG,3,0,0,1,0.0,0.0,7.4074074074074066,0.0,0.0,100.0,0.0
LALAS,USA,4,0,1,1,0.0,0.0,11.11111111111111,0.0,0.0,87.5,2.0
LALLANA,ENG,3,0,1,1,0.0,0.0,7.4074074074074066,0.0,0.0,87.5,2.0
LAM,ANG,3,0,0,1,0.0,0.0,7.4074074074074066,0.0,0.0,100.0,0.0
LAMBERT,ENG,3,0,0,1,0.0,0.0,7.4074074074074066,0.0,0.0,100.0,0.0
LAMPARD,ENG,12,0,1,3,0.0,0.0,40.74074074074074,0.0,50.0,87.5,3.0
LANDREAU,FRA,12,0,0,2,0.0,0.0,40.74074074074074,0.0,25.0,100.0,1.0
LANDZAAT,NED,4,0,0,1,0.0,0.0,11.11111111111111,0.0,0.0,100.0,0.0
LANG,SUI,4,0,0,1,0.0,0.0,11.11111111111111,0.0,0.0,100.0,0.0
LANGERAK,AUS,3,0,0,1,0.0,0.0,7.4074074074074066,0.0,0.0,100.0,0.0
LARA,MEX,4,0,0,1,0.0,0.0,11.11111111111111,0.0,0.0,100.0,0.0
LARSEN,DEN,3,0,0,1,0.0,0.0,7.4074074074074066,0.0,0.0,100.0,0.0
LARSSON,SWE,8,3,2,2,0.375,17.647058823529413,25.925925925925924,9.375,25.0,75.0,1.0
LATAPY,TRI,3,0,0,1,0.0,0.0,7.4074074074074066,0.0,0.0,100.0,0.0
LAUDRUP B.,DEN,5,2,0,1,0.4,11.76470588235294,14.814814814814811,10.0,0.0,100.0,0.0
LAUDRUP M.,DEN,5,0,0,1,0.0,0.0,14.814814814814811,0.0,0.0,100.0,0.0
LAUREN,CMR,3,0,1,1,0.0,0.0,7.4074074074074066,0.0,0.0,87.5,2.0
LAURSEN,DEN,4,0,1,1,0.0,0.0,11.11111111111111,0.0,0.0,87.5,2.0
LAVEZZI,ARG,7,0,0,1,0.0,0.0,22.22222222222222,0.0,0.0,100.0,0.0
LAWAL,NGA,3,0,0,1,0.0,0.0,7.4074074074074066,0.0,0.0,100.0,0.0
LAWRENCE,TRI,3,0,0,1,0.0,0.0,7.4074074074074066,0.0,0.0,100.0,0.0
LAZARIDIS,AUS,4,0,0,1,0.0,0.0,11.11111111111111,0.0,0.0,100.0,0.0
LAZAROS,GRE,4,0,0,1,0.0,0.0,11.11111111111111,0.0,0.0,100.0,0.0
LAZOVI?,SRB,3,0,0,1,0.0,0.0,7.4074074074074066,0.0,0.0,100.0,0.0
LCIO,BRA,10,0,1,2,0.0,0.0,33.33333333333333,0.0,25.0,87.5,1.0
LEANDRO,BRA,5,0,0,1,0.0,0.0,14.814814814814811,0.0,0.0,100.0,0.0
LEAO,BRA,25,0,0,4,0.0,0.0,88.88888888888889,0.0,75.0,100.0,3.0
LEBO LEBO,ANG,3,0,0,1,0.0,0.0,7.4074074074074066,0.0,0.0,100.0,0.0
LEBOEUF,FRA,3,0,0,1,0.0,0.0,7.4074074074074066,0.0,0.0,100.0,0.0
LECKIE,AUS,3,0,0,1,0.0,0.0,7.4074074074074066,0.0,0.0,100.0,0.0
LEE Chang Myung,PRK,4,0,0,1,0.0,0.0,11.11111111111111,0.0,0.0,100.0,0.0
LEE D. G.,KOR,3,0,0,1,0.0,0.0,7.4074074074074066,0.0,0.0,100.0,0.0
LEE Heung Sil,KOR,3,0,1,1,0.0,0.0,7.4074074074074066,0.0,0.0,87.5,2.0
LEE J. Y.,KOR,3,0,0,1,0.0,0.0,7.4074074074074066,0.0,0.0,100.0,0.0
LEE Jong Uwa,KOR,3,0,0,1,0.0,0.0,7.4074074074074066,0.0,0.0,100.0,0.0
LEE Keun Hak,PRK,4,0,0,1,0.0,0.0,11.11111111111111,0.0,0.0,100.0,0.0
LEE L. S.,KOR,3,0,1,1,0.0,0.0,7.4074074074074066,0.0,0.0,87.5,2.0
LEE M. S.,KOR,3,0,2,1,0.0,0.0,7.4074074074074066,0.0,0.0,75.0,2.0
LEE S. H.,KOR,3,0,0,1,0.0,0.0,7.4074074074074066,0.0,0.0,100.0,0.0
LEE Sang Yi,KOR,2,0,0,1,0.0,0.0,3.7037037037037033,0.0,0.0,100.0,
LEE Sang Yoon,KOR,3,0,0,1,0.0,0.0,7.4074074074074066,0.0,0.0,100.0,0.0
LEE Tae Ho,KOR,6,0,0,2,0.0,0.0,18.51851851851852,0.0,25.0,100.0,1.0
LEE Woonjae,KOR,3,0,0,1,0.0,0.0,7.4074074074074066,0.0,0.0,100.0,0.0
LEE Young Jin,KOR,6,0,0,2,0.0,0.0,18.51851851851852,0.0,25.0,100.0,1.0
LEHMANN,GER,14,0,0,2,0.0,0.0,48.14814814814815,0.0,25.0,100.0,1.0
LEIGHTON,SCO,3,0,0,1,0.0,0.0,7.4074074074074066,0.0,0.0,100.0,0.0
LEIVINHA,BRA,7,0,0,1,0.0,0.0,22.22222222222222,0.0,0.0,100.0,0.0
LEKGETHO,RSA,3,0,0,1,0.0,0.0,7.4074074074074066,0.0,0.0,100.0,0.0
LENNON,ENG,9,0,0,2,0.0,0.0,29.629629629629623,0.0,25.0,100.0,1.0
LENS,NED,7,0,0,1,0.0,0.0,22.22222222222222,0.0,0.0,100.0,0.0
LEONARDO,BRA,14,0,2,2,0.0,0.0,48.14814814814815,0.0,25.0,75.0,3.0
LEONHARDSEN,NOR,3,0,1,1,0.0,0.0,7.4074074074074066,0.0,0.0,87.5,2.0
LEONI,SUI,3,0,0,1,0.0,0.0,7.4074074074074066,0.0,0.0,100.0,0.0
LEONIDAS,BRA,6,8,0,2,1.3333333333333333,47.05882352941176,18.51851851851852,33.33333333333333,25.0,100.0,1.0
LESMES II,ESP,6,0,0,1,0.0,0.0,18.51851851851852,0.0,0.0,100.0,0.0
LETSHOLONYANE,RSA,3,0,0,1,0.0,0.0,7.4074074074074066,0.0,0.0,100.0,0.0
LEWANDOWSKI,POL,3,0,0,1,0.0,0.0,7.4074074074074066,0.0,0.0,100.0,0.0
LEWIS,USA,8,0,2,2,0.0,0.0,25.925925925925924,0.0,25.0,75.0,1.0
LI Chi An,PRK,4,0,0,1,0.0,0.0,11.11111111111111,0.0,0.0,100.0,0.0
LI Dong Woon,PRK,4,1,0,1,0.25,5.88235294117647,11.11111111111111,6.25,0.0,100.0,0.0
LI Jong Kap,KOR,2,0,0,1,0.0,0.0,3.7037037037037033,0.0,0.0,100.0,
LI Ki Joo,KOR,2,0,0,1,0.0,0.0,3.7037037037037033,0.0,0.0,100.0,
LI Sao Nam,KOR,2,0,0,1,0.0,0.0,3.7037037037037033,0.0,0.0,100.0,
LICHTSTEINER,SUI,7,0,0,2,0.0,0.0,22.22222222222222,0.0,25.0,100.0,1.0
LIEDSON,POR,4,1,0,1,0.25,5.88235294117647,11.11111111111111,6.25,0.0,100.0,0.0
LIM Zoong Sun,PRK,4,0,0,1,0.0,0.0,11.11111111111111,0.0,0.0,100.0,0.0
LIMA,BRA,3,0,0,1,0.0,0.0,7.4074074074074066,0.0,0.0,100.0,0.0
LINDEROTH,SWE,8,0,1,2,0.0,0.0,25.925925925925924,0.0,25.0,87.5,1.0
LINKE,GER,7,1,0,1,0.1428571428571428,5.88235294117647,22.22222222222222,3.571428571428571,0.0,100.0,0.0
LIZARAZU,FRA,3,0,0,1,0.0,0.0,7.4074074074074066,0.0,0.0,100.0,0.0
LJUBIJANKI?,SVN,3,1,0,1,0.3333333333333333,5.88235294117647,7.4074074074074066,8.333333333333332,0.0,100.0,0.0
LJUBOJA,SCG,3,0,0,1,0.0,0.0,7.4074074074074066,0.0,0.0,100.0,0.0
LJUNGBERG,SWE,8,1,1,2,0.125,5.88235294117647,25.925925925925924,3.125,25.0,87.5,1.0
LLAMOSA,USA,5,0,0,1,0.0,0.0,14.814814814814811,0.0,0.0,100.0,0.0
LLORENTE,ESP,7,0,0,1,0.0,0.0,22.22222222222222,0.0,0.0,100.0,0.0
LLORIS,FRA,8,0,0,2,0.0,0.0,25.925925925925924,0.0,25.0,100.0,1.0
LOC,ANG,3,0,2,1,0.0,0.0,7.4074074074074066,0.0,0.0,75.0,2.0
LOCHHEAD,NZL,3,0,1,1,0.0,0.0,7.4074074074074066,0.0,0.0,87.5,2.0
LODEIRO,URU,7,0,4,1,0.0,0.0,22.22222222222222,0.0,0.0,50.0,2.0
LODYGIN,RUS,3,0,0,1,0.0,0.0,7.4074074074074066,0.0,0.0,100.0,0.0
LOKVENC,CZE,3,0,2,1,0.0,0.0,7.4074074074074066,0.0,0.0,75.0,2.0
LOMBAERTS,BEL,5,0,0,1,0.0,0.0,14.814814814814811,0.0,0.0,100.0,0.0
LONNIS,CRC,3,0,0,1,0.0,0.0,7.4074074074074066,0.0,0.0,100.0,0.0
LOPES,BRA,5,0,0,1,0.0,0.0,14.814814814814811,0.0,0.0,100.0,0.0
LOPEZ,CRC,3,0,0,1,0.0,0.0,7.4074074074074066,0.0,0.0,100.0,0.0
LOPEZ,CRC,3,0,0,1,0.0,0.0,7.4074074074074066,0.0,0.0,100.0,0.0
LOPEZ,HON,3,0,0,1,0.0,0.0,7.4074074074074066,0.0,0.0,100.0,0.0
LOPEZ,HON,3,0,0,1,0.0,0.0,7.4074074074074066,0.0,0.0,100.0,0.0
LOPEZ C.,ARG,3,0,0,1,0.0,0.0,7.4074074074074066,0.0,0.0,100.0,0.0
LOPEZ G.,ARG,3,0,0,1,0.0,0.0,7.4074074074074066,0.0,0.0,100.0,0.0
LOPEZ UFARTE,ESP,5,0,0,1,0.0,0.0,14.814814814814811,0.0,0.0,100.0,0.0
LOURENCO,POR,6,0,0,1,0.0,0.0,18.51851851851852,0.0,0.0,100.0,0.0
LOVENKRANDS,DEN,4,0,0,1,0.0,0.0,11.11111111111111,0.0,0.0,100.0,0.0
LOVREN,CRO,3,0,1,1,0.0,0.0,7.4074074074074066,0.0,0.0,87.5,2.0
LOZANO,COL,6,1,0,2,0.1666666666666666,5.88235294117647,18.51851851851852,4.166666666666666,25.0,100.0,1.0
LUBO PENEV,BUL,3,0,1,1,0.0,0.0,7.4074074074074066,0.0,0.0,87.5,2.0
LUCAS,PAR,5,0,0,1,0.0,0.0,14.814814814814811,0.0,0.0,100.0,0.0
LUCIC,SWE,8,0,5,2,0.0,0.0,25.925925925925924,0.0,25.0,37.5,2.0
LUCIO,BRA,7,0,0,1,0.0,0.0,22.22222222222222,0.0,0.0,100.0,0.0
LUGANO,URU,7,0,1,1,0.0,0.0,22.22222222222222,0.0,0.0,87.5,2.0
LUIS ENRIQUE,ESP,13,2,1,3,0.1538461538461538,11.76470588235294,44.44444444444444,3.8461538461538463,50.0,87.5,3.0
LUIS GARCIA,ESP,4,0,0,1,0.0,0.0,11.11111111111111,0.0,0.0,100.0,0.0
LUIS MARIN,ESP,3,0,0,1,0.0,0.0,7.4074074074074066,0.0,0.0,100.0,0.0
LUIS PEREIRA,BRA,7,0,2,1,0.0,0.0,22.22222222222222,0.0,0.0,75.0,2.0
LUIS REGUEIRO,ESP,3,1,0,1,0.3333333333333333,5.88235294117647,7.4074074074074066,8.333333333333332,0.0,100.0,0.0
LUISINHO,BRA,6,0,0,2,0.0,0.0,18.51851851851852,0.0,25.0,100.0,1.0
LUISO,BRA,10,0,0,2,0.0,0.0,33.33333333333333,0.0,25.0,100.0,1.0
LUIZ LUZ,BRA,1,0,0,1,0.0,0.0,0.0,0.0,0.0,100.0,
LUIZAO,BRA,7,0,0,1,0.0,0.0,22.22222222222222,0.0,0.0,100.0,0.0
LUIZINHO,BRA,5,0,0,1,0.0,0.0,14.814814814814811,0.0,0.0,100.0,0.0
LUKAKU,BEL,5,2,0,1,0.4,11.76470588235294,14.814814814814811,10.0,0.0,100.0,0.0
LUKOVI?,SRB,3,0,5,1,0.0,0.0,7.4074074074074066,0.0,0.0,37.5,2.0
LULI?,BIH,3,0,0,1,0.0,0.0,7.4074074074074066,0.0,0.0,100.0,0.0
LUONGO,AUS,3,0,0,1,0.0,0.0,7.4074074074074066,0.0,0.0,100.0,0.0
LUQUE,ESP,5,0,0,1,0.0,0.0,14.814814814814811,0.0,0.0,100.0,0.0
LUSTRINELLI,SUI,4,0,0,1,0.0,0.0,11.11111111111111,0.0,0.0,100.0,0.0
LUSTU,DEN,4,0,0,1,0.0,0.0,11.11111111111111,0.0,0.0,100.0,0.0
Labid KHALIFA,MAR,4,0,2,1,0.0,0.0,11.11111111111111,0.0,0.0,75.0,2.0
Ladislao MAZURKIEWICZ,URU,13,0,0,3,0.0,0.0,44.44444444444444,0.0,50.0,100.0,3.0
Ladislau RAFFINSKY,ROU,4,0,0,2,0.0,0.0,11.11111111111111,0.0,25.0,100.0,1.0
Ladislav JURKEMIK,TCH,3,0,0,1,0.0,0.0,7.4074074074074066,0.0,0.0,100.0,0.0
Ladislav KACANI,TCH,2,0,0,1,0.0,0.0,3.7037037037037033,0.0,0.0,100.0,
Ladislav KUNA,TCH,3,0,0,1,0.0,0.0,7.4074074074074066,0.0,0.0,100.0,0.0
Ladislav NOVAK,TCH,12,0,0,3,0.0,0.0,40.74074074074074,0.0,50.0,100.0,3.0
Ladislav PETRAS,TCH,3,2,0,1,0.6666666666666666,11.76470588235294,7.4074074074074066,16.666666666666664,0.0,100.0,0.0
Ladislav SIMUNEK,TCH,3,0,0,1,0.0,0.0,7.4074074074074066,0.0,0.0,100.0,0.0
Ladislav VIZEK,TCH,3,0,1,1,0.0,0.0,7.4074074074074066,0.0,0.0,87.5,2.0
Ladislav ZENISEK,TCH,4,0,0,1,0.0,0.0,11.11111111111111,0.0,0.0,100.0,0.0
Lahcen ABRAMI,MAR,3,0,0,1,0.0,0.0,7.4074074074074066,0.0,0.0,100.0,0.0
Lahcen OUDANI,MAR,4,0,0,1,0.0,0.0,11.11111111111111,0.0,0.0,100.0,0.0
Lajos CSORDAS,HUN,5,0,0,1,0.0,0.0,14.814814814814811,0.0,0.0,100.0,0.0
Lajos DETARI,HUN,3,1,0,1,0.3333333333333333,5.88235294117647,7.4074074074074066,8.333333333333332,0.0,100.0,0.0
Lajos KORANYI,HUN,4,0,0,1,0.0,0.0,11.11111111111111,0.0,0.0,100.0,0.0
Lajos PUSKAS,HUN,4,0,0,1,0.0,0.0,11.11111111111111,0.0,0.0,100.0,0.0
Lajos TICHY,HUN,12,7,0,3,0.5833333333333334,41.17647058823529,40.74074074074074,14.583333333333334,50.0,100.0,3.0
Lakhdar BELLOUMI,ALG,6,1,0,2,0.1666666666666666,5.88235294117647,18.51851851851852,4.166666666666666,25.0,100.0,1.0
Lamine BEN AZIZA,TUN,3,0,0,1,0.0,0.0,7.4074074074074066,0.0,0.0,100.0,0.0
Larbi EL HADI,ALG,3,0,0,1,0.0,0.0,7.4074074074074066,0.0,0.0,100.0,0.0
Lars BOHINEN,NOR,3,0,0,1,0.0,0.0,7.4074074074074066,0.0,0.0,100.0,0.0
Lars ERIKSSON,SWE,10,0,0,2,0.0,0.0,33.33333333333333,0.0,25.0,100.0,1.0
Lars HOGH,DEN,4,0,0,1,0.0,0.0,11.11111111111111,0.0,0.0,100.0,0.0
Laszlo BALINT,HUN,6,0,0,2,0.0,0.0,18.51851851851852,0.0,25.0,100.0,1.0
Laszlo BODOR,HUN,4,0,0,1,0.0,0.0,11.11111111111111,0.0,0.0,100.0,0.0
Laszlo BUDAI,HUN,9,0,0,2,0.0,0.0,29.629629629629623,0.0,25.0,100.0,1.0
Laszlo CSEH,HUN,4,0,0,1,0.0,0.0,11.11111111111111,0.0,0.0,100.0,0.0
Laszlo DAJKA,HUN,3,0,0,1,0.0,0.0,7.4074074074074066,0.0,0.0,100.0,0.0
Laszlo DISZTL,HUN,3,0,0,1,0.0,0.0,7.4074074074074066,0.0,0.0,100.0,0.0
Laszlo FAZEKAS,HUN,6,2,1,2,0.3333333333333333,11.76470588235294,18.51851851851852,8.333333333333332,25.0,87.5,1.0
Laszlo KISS,HUN,3,3,0,1,1.0,17.647058823529413,7.4074074074074066,25.0,0.0,100.0,0.0
Laszlo KOVACS,HUN,3,0,0,1,0.0,0.0,7.4074074074074066,0.0,0.0,100.0,0.0
Laszlo LACHOS,HUN,4,0,0,1,0.0,0.0,11.11111111111111,0.0,0.0,100.0,0.0
Laszlo NAGY,HUN,3,0,0,1,0.0,0.0,7.4074074074074066,0.0,0.0,100.0,0.0
Laszlo PUSZTAI,HUN,3,0,0,1,0.0,0.0,7.4074074074074066,0.0,0.0,100.0,0.0
Laszlo SAROSI,HUN,8,0,0,2,0.0,0.0,25.925925925925924,0.0,25.0,100.0,1.0
Laszlo STERNBERG,HUN,2,0,0,1,0.0,0.0,3.7037037037037033,0.0,0.0,100.0,
Laurent DI LORTO,FRA,2,0,0,1,0.0,0.0,3.7037037037037033,0.0,0.0,100.0,
Laurent GRIMMONPREZ,BEL,1,0,0,1,0.0,0.0,0.0,0.0,0.0,100.0,
Laurent ROBUSCHI,FRA,3,0,0,1,0.0,0.0,7.4074074074074066,0.0,0.0,100.0,0.0
Laurie HUGHES,ENG,3,0,0,1,0.0,0.0,7.4074074074074066,0.0,0.0,100.0,0.0
Laurie SCOTT,ENG,3,0,0,1,0.0,0.0,7.4074074074074066,0.0,0.0,100.0,0.0
Lauro AMADO,SUI,3,0,0,1,0.0,0.0,7.4074074074074066,0.0,0.0,100.0,0.0
Lav MANTULA,YUG,3,0,0,1,0.0,0.0,7.4074074074074066,0.0,0.0,100.0,0.0
Lazar SFERA,ROU,3,0,0,2,0.0,0.0,7.4074074074074066,0.0,25.0,100.0,1.0
Lazar SZENTES,HUN,3,1,0,1,0.3333333333333333,5.88235294117647,7.4074074074074066,8.333333333333332,0.0,100.0,0.0
Lazare GIANESSI,FRA,2,0,0,1,0.0,0.0,3.7037037037037033,0.0,0.0,100.0,
Leandro REMONDINI,ITA,2,0,0,1,0.0,0.0,3.7037037037037033,0.0,0.0,100.0,
Lebogang MORULA,RSA,3,0,0,1,0.0,0.0,7.4074074074074066,0.0,0.0,100.0,0.0
Leen VENTE,NED,2,1,0,2,0.5,5.88235294117647,3.7037037037037033,12.5,25.0,100.0,
Lefter KUCUKANDONYADIS,TUR,3,2,0,1,0.6666666666666666,11.76470588235294,7.4074074074074066,16.666666666666664,0.0,100.0,0.0
Leif ENGQVIST,SWE,3,0,0,1,0.0,0.0,7.4074074074074066,0.0,0.0,100.0,0.0
Leif ERIKSSON,SWE,3,0,0,1,0.0,0.0,7.4074074074074066,0.0,0.0,100.0,0.0
Leif MALBERG,SWE,3,0,0,1,0.0,0.0,7.4074074074074066,0.0,0.0,100.0,0.0
Len ALLCHURCH,WAL,5,0,0,1,0.0,0.0,14.814814814814811,0.0,0.0,100.0,0.0
Len GRAHAM,NIR,5,0,0,1,0.0,0.0,14.814814814814811,0.0,0.0,100.0,0.0
Lennart BUNKE,SWE,3,0,0,1,0.0,0.0,7.4074074074074066,0.0,0.0,100.0,0.0
Lennart LARSSON,SWE,3,0,0,1,0.0,0.0,7.4074074074074066,0.0,0.0,100.0,0.0
Lennart SAMUELSSON,SWE,5,0,0,1,0.0,0.0,14.814814814814811,0.0,0.0,100.0,0.0
Lennart SKOGLUND,SWE,11,1,0,2,0.0909090909090909,5.88235294117647,37.03703703703704,2.272727272727273,25.0,100.0,1.0
Leo CLIJSTERS,BEL,11,1,0,2,0.0909090909090909,5.88235294117647,37.03703703703704,2.272727272727273,25.0,100.0,1.0
Leo EICHMANN,SUI,3,0,0,1,0.0,0.0,7.4074074074074066,0.0,0.0,100.0,0.0
Leo HALLE,NED,1,0,0,1,0.0,0.0,0.0,0.0,0.0,100.0,
Leo VAN DER ELST,BEL,7,0,0,1,0.0,0.0,22.22222222222222,0.0,0.0,100.0,0.0
Leo WILDEN,FRG,4,0,0,1,0.0,0.0,11.11111111111111,0.0,0.0,100.0,0.0
Leon GLOVACKI,FRA,2,0,0,1,0.0,0.0,3.7037037037037033,0.0,0.0,100.0,
Leon JECK,BEL,3,0,0,1,0.0,0.0,7.4074074074074066,0.0,0.0,100.0,0.0
Leon SEMMELING,BEL,3,0,0,1,0.0,0.0,7.4074074074074066,0.0,0.0,100.0,0.0
Leon VILLA,COL,4,0,0,1,0.0,0.0,11.11111111111111,0.0,0.0,100.0,0.0
Leonard PIONTEK,POL,1,0,0,1,0.0,0.0,0.0,0.0,0.0,100.0,
Leonardo ASTRADA,ARG,5,0,0,1,0.0,0.0,14.814814814814811,0.0,0.0,100.0,0.0
Leonardo COSTAGLIOLA,ITA,3,0,0,1,0.0,0.0,7.4074074074074066,0.0,0.0,100.0,0.0
Leonardo CUELLAR,MEX,3,0,0,1,0.0,0.0,7.4074074074074066,0.0,0.0,100.0,0.0
Leonardo FERREL,BOL,1,0,0,1,0.0,0.0,0.0,0.0,0.0,100.0,
Leonardo RODRIGUEZ,ARG,4,0,1,1,0.0,0.0,11.11111111111111,0.0,0.0,87.5,2.0
Leonardo VELIZ,CHI,3,0,1,1,0.0,0.0,7.4074074074074066,0.0,0.0,87.5,2.0
Leonel ALVAREZ,COL,7,0,3,2,0.0,0.0,22.22222222222222,0.0,25.0,62.5,1.0
Leonel SANCHEZ,CHI,9,3,0,2,0.3333333333333333,17.647058823529413,29.629629629629623,8.333333333333332,25.0,100.0,1.0
Leongino UNZAIN,PAR,2,0,0,1,0.0,0.0,3.7037037037037033,0.0,0.0,100.0,
Leonid BURYAK,URS,5,0,0,1,0.0,0.0,14.814814814814811,0.0,0.0,100.0,0.0
Leonid OSTROVSKI,URS,15,0,0,3,0.0,0.0,51.85185185185185,0.0,50.0,100.0,3.0
Leonid SHMUTS,URS,4,0,0,1,0.0,0.0,11.11111111111111,0.0,0.0,100.0,0.0
Leopold ANOUL,BEL,2,3,0,1,1.5,17.647058823529413,3.7037037037037033,37.5,0.0,100.0,
Leopold BARSCHANDT,AUT,8,0,0,2,0.0,0.0,25.925925925925924,0.0,25.0,100.0,1.0
Leopold GERNAEY,BEL,2,0,0,1,0.0,0.0,3.7037037037037033,0.0,0.0,100.0,
Leopold HOFMANN,AUT,4,0,0,1,0.0,0.0,11.11111111111111,0.0,0.0,100.0,0.0
Leopold KIELHOLZ,SUI,5,3,0,2,0.6,17.647058823529413,14.814814814814811,15.0,25.0,100.0,1.0
Leopold NEUMER,GER,2,0,0,1,0.0,0.0,3.7037037037037033,0.0,0.0,100.0,
Leopoldo LUQUE,ARG,7,4,0,1,0.5714285714285714,23.52941176470588,22.22222222222222,14.285714285714285,0.0,100.0,0.0
Leopoldo VALLEJOS,CHI,3,0,0,1,0.0,0.0,7.4074074074074066,0.0,0.0,100.0,0.0
Leslaw CMIKIEWICZ,POL,7,0,0,1,0.0,0.0,22.22222222222222,0.0,0.0,100.0,0.0
Lev YASHIN,URS,19,0,0,4,0.0,0.0,66.66666666666666,0.0,75.0,100.0,3.0
Libor RADIMEC,TCH,3,0,0,1,0.0,0.0,7.4074074074074066,0.0,0.0,100.0,0.0
Lido VIERI,ITA,6,0,0,1,0.0,0.0,18.51851851851852,0.0,0.0,100.0,0.0
Ligorio LOPEZ,MEX,3,0,0,1,0.0,0.0,7.4074074074074066,0.0,0.0,100.0,0.0
Lilian THURAM,FRA,7,2,0,1,0.2857142857142857,11.76470588235294,22.22222222222222,7.142857142857142,0.0,100.0,0.0
Lino NESSI,PAR,2,0,0,1,0.0,0.0,3.7037037037037033,0.0,0.0,100.0,
Linval DIXON,JAM,3,0,0,1,0.0,0.0,7.4074074074074066,0.0,0.0,100.0,0.0
Lionel CHARBONNIER,FRA,7,0,0,1,0.0,0.0,22.22222222222222,0.0,0.0,100.0,0.0
Lionello MANFREDONIA,ITA,7,0,0,1,0.0,0.0,22.22222222222222,0.0,0.0,100.0,0.0
Liviu CIOBOTARIU,ROU,4,0,1,1,0.0,0.0,11.11111111111111,0.0,0.0,87.5,2.0
Lizardo GARRIDO,CHI,3,0,1,1,0.0,0.0,7.4074074074074066,0.0,0.0,87.5,2.0
Lizardo NUE RODRIGUEZ,PER,2,0,0,1,0.0,0.0,3.7037037037037033,0.0,0.0,100.0,
Ljubinko DRULOVIC,YUG,4,0,0,1,0.0,0.0,11.11111111111111,0.0,0.0,100.0,0.0
Ljubisa STEFANOVIC,YUG,3,0,0,1,0.0,0.0,7.4074074074074066,0.0,0.0,100.0,0.0
Ljubomir SPAJIC,YUG,3,0,0,1,0.0,0.0,7.4074074074074066,0.0,0.0,100.0,0.0
Lobilo BOBA,ZAI,3,0,0,1,0.0,0.0,7.4074074074074066,0.0,0.0,100.0,0.0
Lorenzo BUFFON,ITA,3,0,0,1,0.0,0.0,7.4074074074074066,0.0,0.0,100.0,0.0
Lorenzo CALONGA,PAR,2,0,0,1,0.0,0.0,3.7037037037037033,0.0,0.0,100.0,
Lorenzo FERNANDEZ,URU,4,0,0,1,0.0,0.0,11.11111111111111,0.0,0.0,100.0,0.0
Lorenzo MINOTTI,ITA,7,0,0,1,0.0,0.0,22.22222222222222,0.0,0.0,100.0,0.0
Lorenzo STAELENS,BEL,7,0,1,2,0.0,0.0,22.22222222222222,0.0,25.0,87.5,1.0
Lothar EMMERICH,FRG,6,1,0,1,0.1666666666666666,5.88235294117647,18.51851851851852,4.166666666666666,0.0,100.0,0.0
Lothar KURBJUWEIT,GDR,6,0,0,1,0.0,0.0,18.51851851851852,0.0,0.0,100.0,0.0
Lothar MATTHAEUS,FRG,21,4,3,3,0.1904761904761904,23.52941176470588,74.07407407407408,4.761904761904762,50.0,62.5,3.0
Lou MACARI,SCO,3,0,0,1,0.0,0.0,7.4074074074074066,0.0,0.0,100.0,0.0
Louis CARRE,BEL,2,0,0,1,0.0,0.0,3.7037037037037033,0.0,0.0,100.0,
Louis GABRILLARGUES,FRA,1,0,0,1,0.0,0.0,0.0,0.0,0.0,100.0,
Louis GOBET,SUI,2,0,0,1,0.0,0.0,3.7037037037037033,0.0,0.0,100.0,
Louis MFEDE,CMR,8,0,0,2,0.0,0.0,25.925925925925924,0.0,25.0,100.0,1.0
Louis VERSYP,BEL,3,0,0,2,0.0,0.0,7.4074074074074066,0.0,25.0,100.0,1.0
Lubomir MORAVCIK,TCH,5,0,3,1,0.0,0.0,14.814814814814811,0.0,0.0,62.5,2.0
Lubos KUBIK,TCH,5,1,2,1,0.2,5.88235294117647,14.814814814814811,5.0,0.0,75.0,2.0
Luc MILLECAMPS,BEL,5,0,1,1,0.0,0.0,14.814814814814811,0.0,0.0,87.5,2.0
Luc NILIS,BEL,3,1,0,1,0.3333333333333333,5.88235294117647,7.4074074074074066,8.333333333333332,0.0,100.0,0.0
Luc VAN HOYWEGEN,BEL,2,0,0,1,0.0,0.0,3.7037037037037033,0.0,0.0,100.0,
Luca BUCCI,ITA,7,0,0,1,0.0,0.0,22.22222222222222,0.0,0.0,100.0,0.0
Luca IZZETA,ARG,1,0,0,1,0.0,0.0,0.0,0.0,0.0,100.0,
Luca MARCHEGIANI,ITA,7,0,0,1,0.0,0.0,22.22222222222222,0.0,0.0,100.0,0.0
Lucas RADEBE,RSA,3,0,2,1,0.0,0.0,7.4074074074074066,0.0,0.0,75.0,2.0
Lucian MARINESCU,ROU,4,0,0,1,0.0,0.0,11.11111111111111,0.0,0.0,100.0,0.0
Luciano CASTELLINI,ITA,3,0,0,1,0.0,0.0,7.4074074074074066,0.0,0.0,100.0,0.0
Luciano RE CECCONI,ITA,3,0,0,1,0.0,0.0,7.4074074074074066,0.0,0.0,100.0,0.0
Luciano SPINOSI,ITA,3,0,0,1,0.0,0.0,7.4074074074074066,0.0,0.0,100.0,0.0
Lucidio SENTIMENTI,ITA,2,0,0,1,0.0,0.0,3.7037037037037033,0.0,0.0,100.0,
Lucien JASSERON,FRA,2,0,0,1,0.0,0.0,3.7037037037037033,0.0,0.0,100.0,
Lucien LAURENT,FRA,4,1,0,2,0.25,5.88235294117647,11.11111111111111,6.25,25.0,100.0,1.0
Lucien MULLER,FRA,3,0,0,1,0.0,0.0,7.4074074074074066,0.0,0.0,100.0,0.0
Ludek MIKLOSKO,TCH,5,0,0,1,0.0,0.0,14.814814814814811,0.0,0.0,100.0,0.0
Ludo COECK,BEL,5,1,0,1,0.2,5.88235294117647,14.814814814814811,5.0,0.0,100.0,0.0
Ludovic SATMAREANU,ROU,3,0,0,1,0.0,0.0,7.4074074074074066,0.0,0.0,100.0,0.0
Ludovico AVIO,ARG,3,1,0,1,0.3333333333333333,5.88235294117647,7.4074074074074066,8.333333333333332,0.0,100.0,0.0
Ludwig GOLDBRUNNER,GER,2,0,0,1,0.0,0.0,3.7037037037037033,0.0,0.0,100.0,
Luigi ALLEMANDI,ITA,5,0,0,1,0.0,0.0,14.814814814814811,0.0,0.0,100.0,0.0
Luigi APOLLONI,ITA,7,0,1,1,0.0,0.0,22.22222222222222,0.0,0.0,87.5,2.0
Luigi BERTOLINI,ITA,5,0,0,1,0.0,0.0,14.814814814814811,0.0,0.0,100.0,0.0
Luigi DE AGOSTINI,ITA,7,0,1,1,0.0,0.0,22.22222222222222,0.0,0.0,87.5,2.0
Luigi DI BIAGIO,ITA,5,1,2,1,0.2,5.88235294117647,14.814814814814811,5.0,0.0,75.0,2.0
Luigi MERONI,ITA,3,0,0,1,0.0,0.0,7.4074074074074066,0.0,0.0,100.0,0.0
Luigi RADICE,ITA,3,0,0,1,0.0,0.0,7.4074074074074066,0.0,0.0,100.0,0.0
Luis ARCONADA,ESP,8,0,0,2,0.0,0.0,25.925925925925924,0.0,25.0,100.0,1.0
Luis ARTIME,ARG,4,3,1,1,0.75,17.647058823529413,11.11111111111111,18.75,0.0,87.5,2.0
Luis CABALLERO,PAR,4,0,0,1,0.0,0.0,11.11111111111111,0.0,0.0,100.0,0.0
Luis CRISTALDO,BOL,3,0,4,1,0.0,0.0,7.4074074074074066,0.0,0.0,50.0,2.0
Luis CRUZ,URU,5,0,0,1,0.0,0.0,14.814814814814811,0.0,0.0,100.0,0.0
Luis CRUZADO,PER,4,0,0,1,0.0,0.0,11.11111111111111,0.0,0.0,100.0,0.0
Luis CUBILLA,URU,12,2,0,3,0.1666666666666666,11.76470588235294,40.74074074074074,4.166666666666666,50.0,100.0,3.0
Luis Carlos PEREA,COL,7,0,1,2,0.0,0.0,22.22222222222222,0.0,25.0,87.5,1.0
Luis DEL SOL,ESP,6,0,0,2,0.0,0.0,18.51851851851852,0.0,25.0,100.0,1.0
Luis EYZAGUIRRE,CHI,9,0,0,2,0.0,0.0,29.629629629629623,0.0,25.0,100.0,1.0
Luis Ernesto CASTRO,URU,5,0,0,1,0.0,0.0,14.814814814814811,0.0,0.0,100.0,0.0
Luis FAJARDO,COL,4,0,0,1,0.0,0.0,11.11111111111111,0.0,0.0,100.0,0.0
Luis FERNANDEZ,FRA,7,1,2,1,0.1428571428571428,5.88235294117647,22.22222222222222,3.571428571428571,0.0,75.0,2.0
Luis FLORES,MEX,5,1,0,1,0.2,5.88235294117647,14.814814814814811,5.0,0.0,100.0,0.0
Luis GALVAN,ARG,12,0,0,2,0.0,0.0,40.74074074074074,0.0,25.0,100.0,1.0
Luis GARISTO,URU,3,0,0,1,0.0,0.0,7.4074074074074066,0.0,0.0,100.0,0.0
Luis GINI,PAR,3,0,0,1,0.0,0.0,7.4074074074074066,0.0,0.0,100.0,0.0
Luis GUEVARA MORA,SLV,3,0,0,1,0.0,0.0,7.4074074074074066,0.0,0.0,100.0,0.0
Luis HERRERA,COL,7,0,2,2,0.0,0.0,22.22222222222222,0.0,25.0,75.0,1.0
Luis ISLAS,ARG,11,0,0,2,0.0,0.0,37.03703703703704,0.0,25.0,100.0,1.0
Luis MAIDANA,URU,3,0,0,1,0.0,0.0,7.4074074074074066,0.0,0.0,100.0,0.0
Luis MAYANES,CHI,3,0,0,1,0.0,0.0,7.4074074074074066,0.0,0.0,100.0,0.0
Luis MOLOWNY,ESP,6,0,0,1,0.0,0.0,18.51851851851852,0.0,0.0,100.0,0.0
Luis MONTI,ARG,5,2,0,1,0.4,11.76470588235294,14.814814814814811,10.0,0.0,100.0,0.0
Luis MONTI,ARG,5,2,0,1,0.4,11.76470588235294,14.814814814814811,10.0,0.0,100.0,0.0
Luis MONTI,ITA,5,0,0,1,0.0,0.0,14.814814814814811,0.0,0.0,100.0,0.0
Luis MONTI,ITA,5,0,0,1,0.0,0.0,14.814814814814811,0.0,0.0,100.0,0.0
Luis MUSRRI,CHI,4,0,0,1,0.0,0.0,11.11111111111111,0.0,0.0,100.0,0.0
Luis PAZ,COL,3,0,0,1,0.0,0.0,7.4074074074074066,0.0,0.0,100.0,0.0
Luis PEREZ,MEX,3,0,0,1,0.0,0.0,7.4074074074074066,0.0,0.0,100.0,0.0
Luis RAMALLO,BOL,3,0,0,1,0.0,0.0,7.4074074074074066,0.0,0.0,100.0,0.0
Luis RAMIREZ,SLV,3,1,1,1,0.3333333333333333,5.88235294117647,7.4074074074074066,8.333333333333332,0.0,87.5,2.0
Luis RAMOS,URU,4,0,0,1,0.0,0.0,11.11111111111111,0.0,0.0,100.0,0.0
Luis REGUEIRO,MEX,3,0,0,1,0.0,0.0,7.4074074074074066,0.0,0.0,100.0,0.0
Luis REYES PENARANDA,BOL,2,0,0,1,0.0,0.0,3.7037037037037033,0.0,0.0,100.0,
Luis REYNA,PER,3,0,0,1,0.0,0.0,7.4074074074074066,0.0,0.0,100.0,0.0
Luis RIJO,URU,4,0,0,1,0.0,0.0,11.11111111111111,0.0,0.0,100.0,0.0
Luis RUBINOS,PER,4,0,0,1,0.0,0.0,11.11111111111111,0.0,0.0,100.0,0.0
Luis SALVADOR,MEX,4,0,0,1,0.0,0.0,11.11111111111111,0.0,0.0,100.0,0.0
Luis SILVA,PAR,3,0,0,1,0.0,0.0,7.4074074074074066,0.0,0.0,100.0,0.0
Luis SOUZA,PER,2,1,0,1,0.5,5.88235294117647,3.7037037037037033,12.5,0.0,100.0,
Luis SUAREZ,ESP,6,0,0,2,0.0,0.0,18.51851851851852,0.0,25.0,100.0,1.0
Luis UBINA,URU,10,0,1,2,0.0,0.0,33.33333333333333,0.0,25.0,87.5,1.0
Luis VALDEZ,MEX,4,0,0,1,0.0,0.0,11.11111111111111,0.0,0.0,100.0,0.0
Luis VARGAS PENA,PAR,2,1,0,1,0.5,5.88235294117647,3.7037037037037033,12.5,0.0,100.0,
Luka LIPOSINOVIC,YUG,4,0,0,1,0.0,0.0,11.11111111111111,0.0,0.0,100.0,0.0
Luka PERUZOVIC,YUG,6,0,0,1,0.0,0.0,18.51851851851852,0.0,0.0,100.0,0.0
M B HONG,KOR,13,2,1,3,0.1538461538461538,11.76470588235294,44.44444444444444,3.8461538461538463,50.0,87.5,3.0
M S LEE,KOR,7,0,1,1,0.0,0.0,22.22222222222222,0.0,0.0,87.5,2.0
M Y MA,CHN,3,0,0,1,0.0,0.0,7.4074074074074066,0.0,0.0,100.0,0.0
M ZH SU,CHN,3,0,0,1,0.0,0.0,7.4074074074074066,0.0,0.0,100.0,0.0
M. A. PEYRAVANI,IRN,3,0,0,1,0.0,0.0,7.4074074074074066,0.0,0.0,100.0,0.0
M. AL-KHLAIWI,KSA,3,0,1,1,0.0,0.0,7.4074074074074066,0.0,0.0,87.5,2.0
M. AYOVI,ECU,7,0,0,2,0.0,0.0,22.22222222222222,0.0,25.0,100.0,1.0
M. BASTOS,BRA,5,0,1,1,0.0,0.0,14.814814814814811,0.0,0.0,87.5,2.0
M. BROWN,MEX,4,0,0,1,0.0,0.0,11.11111111111111,0.0,0.0,100.0,0.0
M. CACERES,URU,4,0,1,1,0.0,0.0,11.11111111111111,0.0,0.0,87.5,2.0
M. CHAVEZ,HON,3,0,0,1,0.0,0.0,7.4074074074074066,0.0,0.0,100.0,0.0
M. FABIAN,MEX,4,0,0,1,0.0,0.0,11.11111111111111,0.0,0.0,100.0,0.0
M. GONZALEZ,CHI,4,1,0,1,0.25,5.88235294117647,11.11111111111111,6.25,0.0,100.0,0.0
M. IN GUK,PRK,3,0,0,1,0.0,0.0,7.4074074074074066,0.0,0.0,100.0,0.0
M. KHAKPOUR,IRN,3,0,0,1,0.0,0.0,7.4074074074074066,0.0,0.0,100.0,0.0
M. LAYUN,MEX,4,0,0,1,0.0,0.0,11.11111111111111,0.0,0.0,100.0,0.0
M. MAHDAVIKIA,IRN,3,1,0,1,0.3333333333333333,5.88235294117647,7.4074074074074066,8.333333333333332,0.0,100.0,0.0
M. MARTINEZ,HON,3,0,0,1,0.0,0.0,7.4074074074074066,0.0,0.0,100.0,0.0
M. MENDEZ,MEX,4,0,0,1,0.0,0.0,11.11111111111111,0.0,0.0,100.0,0.0
M. MINAVAND,IRN,3,0,1,1,0.0,0.0,7.4074074074074066,0.0,0.0,87.5,2.0
M. NDIAYE,SEN,5,0,0,1,0.0,0.0,14.814814814814811,0.0,0.0,100.0,0.0
M. PASHAZADEH,IRN,3,0,0,1,0.0,0.0,7.4074074074074066,0.0,0.0,100.0,0.0
M. PEREIRA,URU,4,0,1,1,0.0,0.0,11.11111111111111,0.0,0.0,87.5,2.0
M. PERNIA,ESP,4,0,0,1,0.0,0.0,11.11111111111111,0.0,0.0,100.0,0.0
M. PETKOV,BUL,3,0,0,1,0.0,0.0,7.4074074074074066,0.0,0.0,100.0,0.0
M. PONCE,MEX,4,0,0,1,0.0,0.0,11.11111111111111,0.0,0.0,100.0,0.0
M. RODRIGUEZ,ARG,12,0,0,2,0.0,0.0,40.74074074074074,0.0,25.0,100.0,1.0
M. SALGADO,ESP,4,0,0,1,0.0,0.0,11.11111111111111,0.0,0.0,100.0,0.0
M. SAYOUBA,CIV,3,0,0,1,0.0,0.0,7.4074074074074066,0.0,0.0,100.0,0.0
M. SILVA,URU,4,0,0,1,0.0,0.0,11.11111111111111,0.0,0.0,100.0,0.0
M. VELOSO,POR,4,0,0,1,0.0,0.0,11.11111111111111,0.0,0.0,100.0,0.0
M. VIDRIO,MEX,4,0,1,1,0.0,0.0,11.11111111111111,0.0,0.0,87.5,2.0
M. ZEWLAKOW,POL,3,1,0,1,0.3333333333333333,5.88235294117647,7.4074074074074066,8.333333333333332,0.0,100.0,0.0
M.AL-JAHNI,KSA,3,0,1,1,0.0,0.0,7.4074074074074066,0.0,0.0,87.5,2.0
M.MADANCHI,IRN,3,0,2,1,0.0,0.0,7.4074074074074066,0.0,0.0,75.0,2.0
M.MAHDAVIKIA,IRN,3,0,0,1,0.0,0.0,7.4074074074074066,0.0,0.0,100.0,0.0
M.NAVIDKIA,IRN,3,0,0,1,0.0,0.0,7.4074074074074066,0.0,0.0,100.0,0.0
M.NOSRATI,IRN,3,0,0,1,0.0,0.0,7.4074074074074066,0.0,0.0,100.0,0.0
M.PEREIRA,URU,7,1,1,1,0.1428571428571428,5.88235294117647,22.22222222222222,3.571428571428571,0.0,87.5,2.0
M.REGUEIRO,URU,3,0,0,1,0.0,0.0,7.4074074074074066,0.0,0.0,100.0,0.0
M.ROMERO,URU,3,0,2,1,0.0,0.0,7.4074074074074066,0.0,0.0,75.0,2.0
M.SOLEIMANI,IRN,3,0,0,1,0.0,0.0,7.4074074074074066,0.0,0.0,100.0,0.0
MACHADO,BRA,5,0,1,1,0.0,0.0,14.814814814814811,0.0,0.0,87.5,2.0
MADSEN,DEN,4,0,0,1,0.0,0.0,11.11111111111111,0.0,0.0,100.0,0.0
MADURO,NED,4,0,0,1,0.0,0.0,11.11111111111111,0.0,0.0,100.0,0.0
MAGGIO,ITA,3,0,0,1,0.0,0.0,7.4074074074074066,0.0,0.0,100.0,0.0
MAGNIN,SUI,7,0,1,2,0.0,0.0,22.22222222222222,0.0,25.0,87.5,1.0
MAHMOUD SHAKER,IRQ,3,0,0,1,0.0,0.0,7.4074074074074066,0.0,0.0,100.0,0.0
MAHOUV,CMR,3,0,0,1,0.0,0.0,7.4074074074074066,0.0,0.0,100.0,0.0
MAHREZ,ALG,4,0,0,1,0.0,0.0,11.11111111111111,0.0,0.0,100.0,0.0
MAICON,BRA,12,1,0,2,0.0833333333333333,5.88235294117647,40.74074074074074,2.083333333333333,25.0,100.0,1.0
MAJDAN,POL,3,0,1,1,0.0,0.0,7.4074074074074066,0.0,0.0,87.5,2.0
MAKELELE,FRA,10,0,2,2,0.0,0.0,33.33333333333333,0.0,25.0,75.0,1.0
MAKI,JPN,3,0,0,1,0.0,0.0,7.4074074074074066,0.0,0.0,100.0,0.0
MAKOUN,CMR,6,0,0,2,0.0,0.0,18.51851851851852,0.0,25.0,100.0,1.0
MALDINI,ITA,11,0,1,2,0.0,0.0,37.03703703703704,0.0,25.0,87.5,1.0
MALEK,KSA,3,0,0,1,0.0,0.0,7.4074074074074066,0.0,0.0,100.0,0.0
MALEZAS,GRE,3,0,0,1,0.0,0.0,7.4074074074074066,0.0,0.0,100.0,0.0
MALM,TOG,3,0,0,1,0.0,0.0,7.4074074074074066,0.0,0.0,100.0,0.0
MALOUDA,FRA,10,1,1,2,0.1,5.88235294117647,33.33333333333333,2.5,25.0,87.5,1.0
MANDANDA,FRA,3,0,0,1,0.0,0.0,7.4074074074074066,0.0,0.0,100.0,0.0
MANDI,ALG,4,0,0,1,0.0,0.0,11.11111111111111,0.0,0.0,100.0,0.0
MANDJECK,CMR,3,0,0,1,0.0,0.0,7.4074074074074066,0.0,0.0,100.0,0.0
MANDUKI?,CRO,3,2,0,1,0.6666666666666666,11.76470588235294,7.4074074074074066,16.666666666666664,0.0,100.0,0.0
MANECA,BRA,6,1,0,1,0.1666666666666666,5.88235294117647,18.51851851851852,4.166666666666666,0.0,100.0,0.0
MANGA,BRA,3,0,0,1,0.0,0.0,7.4074074074074066,0.0,0.0,100.0,0.0
MANGALA,FRA,5,0,0,1,0.0,0.0,14.814814814814811,0.0,0.0,100.0,0.0
MANIATIS,GRE,4,0,0,1,0.0,0.0,11.11111111111111,0.0,0.0,100.0,0.0
MANICHE,POR,7,2,2,1,0.2857142857142857,11.76470588235294,22.22222222222222,7.142857142857142,0.0,75.0,2.0
MANOELZINHO,BRA,2,0,0,1,0.0,0.0,3.7037037037037033,0.0,0.0,100.0,
MANOLAS,GRE,4,0,2,1,0.0,0.0,11.11111111111111,0.0,0.0,75.0,2.0
MANOLO,ESP,4,0,0,1,0.0,0.0,11.11111111111111,0.0,0.0,100.0,0.0
MANSOURI,ALG,3,0,0,1,0.0,0.0,7.4074074074074066,0.0,0.0,100.0,0.0
MANTORRAS,ANG,3,0,0,1,0.0,0.0,7.4074074074074066,0.0,0.0,100.0,0.0
MANUEL DUARTE,POR,6,0,0,1,0.0,0.0,18.51851851851852,0.0,0.0,100.0,0.0
MANZUR,PAR,3,0,0,1,0.0,0.0,7.4074074074074066,0.0,0.0,100.0,0.0
MARANON,ESP,3,0,0,1,0.0,0.0,7.4074074074074066,0.0,0.0,100.0,0.0
MARCELINO,ESP,6,0,0,2,0.0,0.0,18.51851851851852,0.0,25.0,100.0,1.0
MARCELO,BRA,7,0,0,1,0.0,0.0,22.22222222222222,0.0,0.0,100.0,0.0
MARCHETTI,ITA,3,0,0,1,0.0,0.0,7.4074074074074066,0.0,0.0,100.0,0.0
MARCHISIO,ITA,6,1,1,2,0.1666666666666666,5.88235294117647,18.51851851851852,4.166666666666666,25.0,87.5,1.0
MARCIO SANTOS,BRA,7,1,0,1,0.1428571428571428,5.88235294117647,22.22222222222222,3.571428571428571,0.0,100.0,0.0
MARCO ABREU,ANG,3,0,0,1,0.0,0.0,7.4074074074074066,0.0,0.0,100.0,0.0
MARCO ANTONIO,BRA,13,0,0,2,0.0,0.0,44.44444444444444,0.0,25.0,100.0,1.0
MARCOS,BRA,7,0,0,1,0.0,0.0,22.22222222222222,0.0,0.0,100.0,0.0
MARCULETA,ESP,3,0,0,1,0.0,0.0,7.4074074074074066,0.0,0.0,100.0,0.0
MARES,CZE,3,0,0,1,0.0,0.0,7.4074074074074066,0.0,0.0,100.0,0.0
MARGAIRAZ,SUI,4,0,0,1,0.0,0.0,11.11111111111111,0.0,0.0,100.0,0.0
MARIN,CHI,4,0,0,1,0.0,0.0,11.11111111111111,0.0,0.0,100.0,0.0
MARIN,CHI,4,0,0,1,0.0,0.0,11.11111111111111,0.0,0.0,100.0,2.0
MARIN,CHI,4,0,0,1,0.0,0.0,11.11111111111111,0.0,0.0,100.0,0.0
MARIN,CRC,3,0,1,1,0.0,0.0,7.4074074074074066,0.0,0.0,87.5,0.0
MARIN,CRC,3,0,1,1,0.0,0.0,7.4074074074074066,0.0,0.0,87.5,2.0
MARIN,CRC,3,0,1,1,0.0,0.0,7.4074074074074066,0.0,0.0,87.5,0.0
MARIN,GER,7,0,0,1,0.0,0.0,22.22222222222222,0.0,0.0,100.0,0.0
MARIN,GER,7,0,0,1,0.0,0.0,22.22222222222222,0.0,0.0,100.0,2.0
MARIN,GER,7,0,0,1,0.0,0.0,22.22222222222222,0.0,0.0,100.0,0.0
MARIN L.,CRC,3,0,2,1,0.0,0.0,7.4074074074074066,0.0,0.0,75.0,2.0
MARINHO CHAGAS,BRA,7,0,1,1,0.0,0.0,22.22222222222222,0.0,0.0,87.5,2.0
MARINHO PERES,BRA,7,0,2,1,0.0,0.0,22.22222222222222,0.0,0.0,75.0,2.0
MARIO COLUNA,POR,6,0,1,1,0.0,0.0,18.51851851851852,0.0,0.0,87.5,2.0
MARLIN,RSA,3,0,0,1,0.0,0.0,7.4074074074074066,0.0,0.0,100.0,0.0
MARTIM,BRA,6,0,0,2,0.0,0.0,18.51851851851852,0.0,25.0,100.0,1.0
MARTIN VAZQUEZ,ESP,4,0,0,1,0.0,0.0,11.11111111111111,0.0,0.0,100.0,0.0
MARTINEZ,CRC,3,0,1,1,0.0,0.0,7.4074074074074066,0.0,0.0,87.5,2.0
MARTINEZ,CRC,3,0,1,1,0.0,0.0,7.4074074074074066,0.0,0.0,87.5,0.0
MARTINEZ,CRC,3,0,1,1,0.0,0.0,7.4074074074074066,0.0,0.0,87.5,0.0
MARTINEZ,ECU,3,0,0,1,0.0,0.0,7.4074074074074066,0.0,0.0,100.0,2.0
MARTINEZ,ECU,3,0,0,1,0.0,0.0,7.4074074074074066,0.0,0.0,100.0,0.0
MARTINEZ,ECU,3,0,0,1,0.0,0.0,7.4074074074074066,0.0,0.0,100.0,0.0
MARTINEZ,HON,3,0,0,1,0.0,0.0,7.4074074074074066,0.0,0.0,100.0,2.0
MARTINEZ,HON,3,0,0,1,0.0,0.0,7.4074074074074066,0.0,0.0,100.0,0.0
MARTINEZ,HON,3,0,0,1,0.0,0.0,7.4074074074074066,0.0,0.0,100.0,0.0
MARTINEZ G.,CRC,3,0,0,1,0.0,0.0,7.4074074074074066,0.0,0.0,100.0,0.0
MARTINS,NGA,3,0,0,1,0.0,0.0,7.4074074074074066,0.0,0.0,100.0,0.0
MARTINS INDI,NED,7,0,4,1,0.0,0.0,22.22222222222222,0.0,0.0,50.0,2.0
MARTYN,ENG,5,0,0,1,0.0,0.0,14.814814814814811,0.0,0.0,100.0,0.0
MARZOUKI,TUN,3,0,0,1,0.0,0.0,7.4074074074074066,0.0,0.0,100.0,0.0
MASCHERANO,ARG,17,0,6,3,0.0,0.0,59.25925925925925,0.0,50.0,25.0,3.0
MASILELA,RSA,3,0,1,1,0.0,0.0,7.4074074074074066,0.0,0.0,87.5,2.0
MASOUD. SH,IRN,3,0,1,1,0.0,0.0,7.4074074074074066,0.0,0.0,87.5,2.0
MASSAD,KSA,3,0,0,1,0.0,0.0,7.4074074074074066,0.0,0.0,100.0,0.0
MASTROENI,USA,8,0,3,2,0.0,0.0,25.925925925925924,0.0,25.0,62.5,1.0
MATA,ESP,10,1,0,2,0.1,5.88235294117647,33.33333333333333,2.5,25.0,100.0,1.0
MATAV,SVN,3,0,0,1,0.0,0.0,7.4074074074074066,0.0,0.0,100.0,0.0
MATERAZZI,ITA,11,2,1,2,0.1818181818181818,11.76470588235294,37.03703703703704,4.545454545454546,25.0,87.5,1.0
MATEUS,ANG,3,0,0,1,0.0,0.0,7.4074074074074066,0.0,0.0,100.0,0.0
MATHIJSEN,NED,11,0,2,2,0.0,0.0,37.03703703703704,0.0,25.0,75.0,1.0
MATHIS,USA,5,1,0,1,0.2,5.88235294117647,14.814814814814811,5.0,0.0,100.0,0.0
MATIP,CMR,6,1,0,2,0.1666666666666666,5.88235294117647,18.51851851851852,4.166666666666666,25.0,100.0,1.0
MATMOUR,ALG,3,0,0,1,0.0,0.0,7.4074074074074066,0.0,0.0,100.0,0.0
MATSUDA,JPN,4,0,0,1,0.0,0.0,11.11111111111111,0.0,0.0,100.0,0.0
MATSUI,JPN,4,0,1,1,0.0,0.0,11.11111111111111,0.0,0.0,87.5,2.0
MATTHUS,GER,10,0,2,2,0.0,0.0,33.33333333333333,0.0,25.0,75.0,1.0
MATUIDI,FRA,5,1,2,1,0.2,5.88235294117647,14.814814814814811,5.0,0.0,75.0,2.0
MATYSEK,POL,3,0,0,1,0.0,0.0,7.4074074074074066,0.0,0.0,100.0,0.0
MAURINHO,BRA,3,0,0,1,0.0,0.0,7.4074074074074066,0.0,0.0,100.0,0.0
MAURO GALVAO,BRA,9,0,1,2,0.0,0.0,29.629629629629623,0.0,25.0,87.5,1.0
MAURO RAMOS,BRA,15,0,0,3,0.0,0.0,51.85185185185185,0.0,50.0,100.0,3.0
MAURO SILVA,BRA,7,0,1,1,0.0,0.0,22.22222222222222,0.0,0.0,87.5,2.0
MAVRI?,SVN,3,0,0,1,0.0,0.0,7.4074074074074066,0.0,0.0,100.0,0.0
MAVUBA,FRA,5,0,0,1,0.0,0.0,14.814814814814811,0.0,0.0,100.0,0.0
MAXWELL,BRA,7,0,0,1,0.0,0.0,22.22222222222222,0.0,0.0,100.0,0.0
MAZINHO,BRA,11,0,2,2,0.0,0.0,37.03703703703704,0.0,25.0,75.0,1.0
MBIA,CMR,6,0,3,2,0.0,0.0,18.51851851851852,0.0,25.0,62.5,2.0
MBOLHI,ALG,3,0,0,1,0.0,0.0,7.4074074074074066,0.0,0.0,100.0,0.0
MBOMA,CMR,6,2,0,2,0.3333333333333333,11.76470588235294,18.51851851851852,8.333333333333332,25.0,100.0,1.0
MC GLINCHEY,NZL,3,0,0,1,0.0,0.0,7.4074074074074066,0.0,0.0,100.0,0.0
MCATEER,IRL,4,0,1,1,0.0,0.0,11.11111111111111,0.0,0.0,87.5,2.0
MCGOWAN,AUS,3,0,0,1,0.0,0.0,7.4074074074074066,0.0,0.0,100.0,0.0
MCKAY,AUS,3,0,0,1,0.0,0.0,7.4074074074074066,0.0,0.0,100.0,0.0
MEDEL,CHI,8,0,2,2,0.0,0.0,25.925925925925924,0.0,25.0,75.0,1.0
MEDFORD,CRC,3,0,0,1,0.0,0.0,7.4074074074074066,0.0,0.0,100.0,0.0
MEDJANI,ALG,7,0,0,2,0.0,0.0,22.22222222222222,0.0,25.0,100.0,1.0
MEDUNJANIN,BIH,3,0,1,1,0.0,0.0,7.4074074074074066,0.0,0.0,87.5,2.0
MEHMEDI,SUI,4,1,0,1,0.25,5.88235294117647,11.11111111111111,6.25,0.0,100.0,0.0
MEHRDAD,IRN,3,0,0,1,0.0,0.0,7.4074074074074066,0.0,0.0,100.0,0.0
MEITE,CIV,3,0,0,1,0.0,0.0,7.4074074074074066,0.0,0.0,100.0,0.0
MELKI,TUN,2,0,1,1,0.0,0.0,3.7037037037037033,0.0,0.0,87.5,
MELLBERG,SWE,8,0,0,2,0.0,0.0,25.925925925925924,0.0,25.0,100.0,1.0
MELLITI,TUN,3,0,0,1,0.0,0.0,7.4074074074074066,0.0,0.0,100.0,0.0
MEMPHIS,NED,7,2,0,1,0.2857142857142857,11.76470588235294,22.22222222222222,7.142857142857142,0.0,100.0,0.0
MENA,CHI,4,0,3,1,0.0,0.0,11.11111111111111,0.0,0.0,62.5,2.0
MENDEZ,ECU,6,1,0,2,0.1666666666666666,5.88235294117647,18.51851851851852,4.166666666666666,25.0,100.0,1.0
MENDIETA,ESP,5,1,0,1,0.2,5.88235294117647,14.814814814814811,5.0,0.0,100.0,0.0
MENDONCA,ANG,3,0,1,1,0.0,0.0,7.4074074074074066,0.0,0.0,87.5,2.0
MENDOZA,HON,3,0,0,1,0.0,0.0,7.4074074074074066,0.0,0.0,100.0,0.0
MENGALVIO,BRA,6,0,0,1,0.0,0.0,18.51851851851852,0.0,0.0,100.0,0.0
MENSAH,GHA,9,0,2,2,0.0,0.0,29.629629629629623,0.0,25.0,75.0,1.0
MEOLA,USA,5,0,0,1,0.0,0.0,14.814814814814811,0.0,0.0,100.0,0.0
MERTENS,BEL,5,1,0,1,0.2,5.88235294117647,14.814814814814811,5.0,0.0,100.0,0.0
MERTESACKER,GER,21,0,0,3,0.0,0.0,74.07407407407408,0.0,50.0,100.0,3.0
MESBAH,ALG,7,0,1,2,0.0,0.0,22.22222222222222,0.0,25.0,87.5,1.0
MESEN,CRC,3,0,0,1,0.0,0.0,7.4074074074074066,0.0,0.0,100.0,0.0
MESEN A.,CRC,3,0,0,1,0.0,0.0,7.4074074074074066,0.0,0.0,100.0,0.0
MESSI,ARG,17,5,0,3,0.2941176470588235,29.411764705882355,59.25925925925925,7.352941176470589,50.0,100.0,3.0
METTOMO,CMR,3,0,0,1,0.0,0.0,7.4074074074074066,0.0,0.0,100.0,0.0
METZELDER,GER,14,0,2,2,0.0,0.0,48.14814814814815,0.0,25.0,75.0,3.0
MHADHEBI,TUN,3,0,0,1,0.0,0.0,7.4074074074074066,0.0,0.0,100.0,0.0
MICHAELSEN,DEN,4,0,0,1,0.0,0.0,11.11111111111111,0.0,0.0,100.0,0.0
MICHEL,ESP,9,3,1,2,0.3333333333333333,17.647058823529413,29.629629629629623,8.333333333333332,25.0,87.5,1.0
MICOUD,FRA,3,0,0,1,0.0,0.0,7.4074074074074066,0.0,0.0,100.0,0.0
MIGNOLET,BEL,5,0,0,1,0.0,0.0,14.814814814814811,0.0,0.0,100.0,0.0
MIGUEL,POR,14,0,1,3,0.0,0.0,48.14814814814815,0.0,50.0,87.5,3.0
MIGUEL ANGEL,ESP,8,0,0,2,0.0,0.0,25.925925925925924,0.0,25.0,100.0,1.0
MIGUELI,ESP,3,0,0,1,0.0,0.0,7.4074074074074066,0.0,0.0,100.0,0.0
MIKEL,NGA,4,0,1,1,0.0,0.0,11.11111111111111,0.0,0.0,87.5,2.0
MILA,POL,3,0,0,1,0.0,0.0,7.4074074074074066,0.0,0.0,100.0,0.0
MILEVSKYI,UKR,5,0,1,1,0.0,0.0,14.814814814814811,0.0,0.0,87.5,2.0
MILIJA,SRB,3,0,0,1,0.0,0.0,7.4074074074074066,0.0,0.0,100.0,0.0
MILINOVIC,SVN,3,0,2,1,0.0,0.0,7.4074074074074066,0.0,0.0,75.0,2.0
MILITO,ARG,5,0,0,1,0.0,0.0,14.814814814814811,0.0,0.0,100.0,0.0
MILLAR,CHI,4,1,1,1,0.25,5.88235294117647,11.11111111111111,6.25,0.0,87.5,2.0
MILLER R.,CRC,5,0,0,1,0.0,0.0,14.814814814814811,0.0,0.0,100.0,0.0
MILLIGAN,AUS,10,0,1,3,0.0,0.0,33.33333333333333,0.0,50.0,87.5,3.0
MILLS,ENG,5,0,1,1,0.0,0.0,14.814814814814811,0.0,0.0,87.5,2.0
MILNER,ENG,7,0,1,2,0.0,0.0,22.22222222222222,0.0,25.0,87.5,1.0
MILOSEVIC,SCG,3,0,0,1,0.0,0.0,7.4074074074074066,0.0,0.0,100.0,0.0
MILOY,ANG,3,0,0,1,0.0,0.0,7.4074074074074066,0.0,0.0,100.0,0.0
MIN Byung Dae,KOR,2,0,0,1,0.0,0.0,3.7037037037037033,0.0,0.0,100.0,
MINDA,ECU,3,0,0,1,0.0,0.0,7.4074074074074066,0.0,0.0,100.0,0.0
MINEIRO,BRA,5,0,0,1,0.0,0.0,14.814814814814811,0.0,0.0,100.0,0.0
MINI,NOR,7,0,0,2,0.0,0.0,22.22222222222222,0.0,25.0,100.0,1.0
MINSOO,KOR,4,0,0,1,0.0,0.0,11.11111111111111,0.0,0.0,100.0,0.0
MIRALLAS,BEL,5,0,0,1,0.0,0.0,14.814814814814811,0.0,0.0,100.0,0.0
MIRANDINHA,BRA,7,0,1,1,0.0,0.0,22.22222222222222,0.0,0.0,87.5,2.0
MISIMOVI?,BIH,3,0,0,1,0.0,0.0,7.4074074074074066,0.0,0.0,100.0,0.0
MITROGLOU,GRE,4,0,0,1,0.0,0.0,11.11111111111111,0.0,0.0,100.0,0.0
MIYAMOTO,JPN,7,0,3,2,0.0,0.0,22.22222222222222,0.0,25.0,62.5,1.0
MJALLBY,SWE,4,0,1,1,0.0,0.0,11.11111111111111,0.0,0.0,87.5,2.0
MKACHER,TUN,3,0,0,1,0.0,0.0,7.4074074074074066,0.0,0.0,100.0,0.0
MKADMI,TUN,3,0,0,1,0.0,0.0,7.4074074074074066,0.0,0.0,100.0,0.0
MKHALELE,RSA,3,0,0,1,0.0,0.0,7.4074074074074066,0.0,0.0,100.0,0.0
MNARI,TUN,3,1,1,1,0.3333333333333333,5.88235294117647,7.4074074074074066,8.333333333333332,0.0,87.5,2.0
MNGOMENI,RSA,3,0,0,1,0.0,0.0,7.4074074074074066,0.0,0.0,100.0,0.0
MNGUNI,RSA,3,0,0,1,0.0,0.0,7.4074074074074066,0.0,0.0,100.0,0.0
MOACIR,BRA,6,0,0,1,0.0,0.0,18.51851851851852,0.0,0.0,100.0,0.0
MODERATO,BRA,2,2,0,1,1.0,11.76470588235294,3.7037037037037033,25.0,0.0,100.0,
MODISE,RSA,3,0,0,1,0.0,0.0,7.4074074074074066,0.0,0.0,100.0,0.0
MODRI?,CRO,3,0,0,1,0.0,0.0,7.4074074074074066,0.0,0.0,100.0,0.0
MODRIC,CRO,3,0,0,1,0.0,0.0,7.4074074074074066,0.0,0.0,100.0,0.0
MOGILEVETC,RUS,3,0,0,1,0.0,0.0,7.4074074074074066,0.0,0.0,100.0,0.0
MOHAMED HARIS,IRQ,3,0,1,1,0.0,0.0,7.4074074074074066,0.0,0.0,87.5,2.0
MOHAMED ISMAIL,IRQ,3,0,0,1,0.0,0.0,7.4074074074074066,0.0,0.0,100.0,0.0
MOHAMED SALIM,UAE,3,0,0,1,0.0,0.0,7.4074074074074066,0.0,0.0,100.0,0.0
MOKOENA,RSA,6,1,1,2,0.1666666666666666,5.88235294117647,18.51851851851852,4.166666666666666,25.0,87.5,1.0
MOLEFE,RSA,3,0,0,1,0.0,0.0,7.4074074074074066,0.0,0.0,100.0,0.0
MOLINA,ESP,3,0,0,1,0.0,0.0,7.4074074074074066,0.0,0.0,100.0,0.0
MOLLER,DEN,5,1,0,1,0.2,5.88235294117647,14.814814814814811,5.0,0.0,100.0,0.0
MONDRAGON,COL,8,0,0,2,0.0,0.0,25.925925925925924,0.0,25.0,100.0,1.0
MONIWA,JPN,3,0,1,1,0.0,0.0,7.4074074074074066,0.0,0.0,87.5,2.0
MONTAZERI,IRN,3,0,0,1,0.0,0.0,7.4074074074074066,0.0,0.0,100.0,0.0
MONTELLA,ITA,4,0,1,1,0.0,0.0,11.11111111111111,0.0,0.0,87.5,2.0
MONTERO,ECU,3,0,1,1,0.0,0.0,7.4074074074074066,0.0,0.0,87.5,2.0
MONTES,HON,3,0,0,1,0.0,0.0,7.4074074074074066,0.0,0.0,100.0,0.0
MONTIEL,PAR,3,0,0,1,0.0,0.0,7.4074074074074066,0.0,0.0,100.0,0.0
MONTOLIVO,ITA,3,0,0,1,0.0,0.0,7.4074074074074066,0.0,0.0,100.0,0.0
MOORE,AUS,7,0,3,2,0.0,0.0,22.22222222222222,0.0,25.0,62.5,1.0
MOORE,AUS,7,0,3,2,0.0,0.0,22.22222222222222,0.0,25.0,62.5,0.0
MOORE,USA,5,0,0,1,0.0,0.0,14.814814814814811,0.0,0.0,100.0,1.0
MOORE,USA,5,0,0,1,0.0,0.0,14.814814814814811,0.0,0.0,100.0,0.0
MORAIS,POR,6,0,0,1,0.0,0.0,18.51851851851852,0.0,0.0,100.0,0.0
MORALES,PAR,4,0,0,1,0.0,0.0,11.11111111111111,0.0,0.0,100.0,0.0
MORAS,GRE,6,0,0,2,0.0,0.0,18.51851851851852,0.0,25.0,100.0,1.0
MORATO,POR,3,0,0,1,0.0,0.0,7.4074074074074066,0.0,0.0,100.0,0.0
MOREL R.,PAR,5,0,1,1,0.0,0.0,14.814814814814811,0.0,0.0,87.5,2.0
MORENO,COL,3,0,0,1,0.0,0.0,7.4074074074074066,0.0,0.0,100.0,0.0
MORGAN,CRC,3,0,0,1,0.0,0.0,7.4074074074074066,0.0,0.0,100.0,0.0
MORIENTES,ESP,8,5,1,2,0.625,29.411764705882355,25.925925925925924,15.625,25.0,87.5,1.0
MORIMOTO,JPN,4,0,0,1,0.0,0.0,11.11111111111111,0.0,0.0,100.0,0.0
MORINIGO,PAR,4,0,0,1,0.0,0.0,11.11111111111111,0.0,0.0,100.0,0.0
MORIOKA,JPN,4,0,0,1,0.0,0.0,11.11111111111111,0.0,0.0,100.0,0.0
MORIRI,RSA,3,0,0,1,0.0,0.0,7.4074074074074066,0.0,0.0,100.0,0.0
MORISHIGE,JPN,3,0,1,1,0.0,0.0,7.4074074074074066,0.0,0.0,87.5,2.0
MORISHIMA,JPN,4,1,0,1,0.25,5.88235294117647,11.11111111111111,6.25,0.0,100.0,0.0
MORRISON,IRL,4,0,0,1,0.0,0.0,11.11111111111111,0.0,0.0,100.0,0.0
MOSES,NGA,4,0,0,1,0.0,0.0,11.11111111111111,0.0,0.0,100.0,0.0
MOSS,NZL,3,0,0,1,0.0,0.0,7.4074074074074066,0.0,0.0,100.0,0.0
MOSTEFA,ALG,4,0,0,1,0.0,0.0,11.11111111111111,0.0,0.0,100.0,0.0
MOSTOVOY,RUS,3,0,0,1,0.0,0.0,7.4074074074074066,0.0,0.0,100.0,0.0
MOUKANDJO,CMR,3,0,0,1,0.0,0.0,7.4074074074074066,0.0,0.0,100.0,0.0
MOZER,BRA,4,0,2,1,0.0,0.0,11.11111111111111,0.0,0.0,75.0,2.0
MPENZA E.,BEL,3,0,0,1,0.0,0.0,7.4074074074074066,0.0,0.0,100.0,0.0
MPENZA M.,BEL,7,0,0,2,0.0,0.0,22.22222222222222,0.0,25.0,100.0,1.0
MPHELA,RSA,3,1,0,1,0.3333333333333333,5.88235294117647,7.4074074074074066,8.333333333333332,0.0,100.0,0.0
MRDJA,SRB,3,0,0,1,0.0,0.0,7.4074074074074066,0.0,0.0,100.0,0.0
MRIO,ANG,3,0,0,1,0.0,0.0,7.4074074074074066,0.0,0.0,100.0,0.0
MTILIGA,DEN,3,0,0,1,0.0,0.0,7.4074074074074066,0.0,0.0,100.0,0.0
MUCHA,SVK,4,0,1,1,0.0,0.0,11.11111111111111,0.0,0.0,87.5,2.0
MUELLER,SUI,4,0,0,1,0.0,0.0,11.11111111111111,0.0,0.0,100.0,0.0
MUHSIN MUSABAH,UAE,3,0,0,1,0.0,0.0,7.4074074074074066,0.0,0.0,100.0,0.0
MUJDA,BIH,3,0,0,1,0.0,0.0,7.4074074074074066,0.0,0.0,100.0,0.0
MUKANSI,RSA,3,0,0,1,0.0,0.0,7.4074074074074066,0.0,0.0,100.0,0.0
MULLER,BRA,16,2,0,3,0.125,11.76470588235294,55.55555555555556,3.125,50.0,100.0,3.0
MULLER,BRA,16,2,0,3,0.125,11.76470588235294,55.55555555555556,3.125,50.0,100.0,3.0
MULLER,GER,24,11,3,4,0.4583333333333333,64.70588235294117,85.18518518518519,11.458333333333332,75.0,62.5,3.0
MULLER,GER,24,11,3,4,0.4583333333333333,64.70588235294117,85.18518518518519,11.458333333333332,75.0,62.5,3.0
MULLIGAN,NZL,3,0,0,1,0.0,0.0,7.4074074074074066,0.0,0.0,100.0,0.0
MUNTARI,GHA,12,2,5,3,0.1666666666666666,11.76470588235294,40.74074074074074,4.166666666666666,50.0,37.5,3.0
MUNTEANU,ROU,5,0,0,1,0.0,0.0,14.814814814814811,0.0,0.0,100.0,0.0
MURAWSKI,POL,3,0,0,1,0.0,0.0,7.4074074074074066,0.0,0.0,100.0,0.0
MUSA,NGA,4,2,0,1,0.5,11.76470588235294,11.11111111111111,12.5,0.0,100.0,0.0
MUSLERA,URU,7,0,0,1,0.0,0.0,22.22222222222222,0.0,0.0,100.0,0.0
MUSTAFA IZZET,TUR,7,0,0,1,0.0,0.0,22.22222222222222,0.0,0.0,100.0,0.0
MUSTAFI,GER,7,0,0,1,0.0,0.0,22.22222222222222,0.0,0.0,100.0,0.0
MYKLAND,NOR,3,0,0,1,0.0,0.0,7.4074074074074066,0.0,0.0,100.0,0.0
MYOJIN,JPN,4,0,0,1,0.0,0.0,11.11111111111111,0.0,0.0,100.0,0.0
MYRIE D.,CRC,5,0,0,1,0.0,0.0,14.814814814814811,0.0,0.0,100.0,0.0
Maad IBRAHIM,IRQ,3,0,0,1,0.0,0.0,7.4074074074074066,0.0,0.0,100.0,0.0
Magdaleno MERCADO,MEX,3,0,0,1,0.0,0.0,7.4074074074074066,0.0,0.0,100.0,0.0
Magdy ABDELGHANY,EGY,3,0,1,1,0.0,0.0,7.4074074074074066,0.0,0.0,87.5,2.0
Magdy TOLBA,EGY,3,0,0,1,0.0,0.0,7.4074074074074066,0.0,0.0,100.0,0.0
Magnar ISAKSEN,NOR,1,0,0,1,0.0,0.0,0.0,0.0,0.0,100.0,
Magnus ANDERSSON,SWE,3,0,0,1,0.0,0.0,7.4074074074074066,0.0,0.0,100.0,0.0
Magnus ERLINGMARK,SWE,7,0,0,1,0.0,0.0,22.22222222222222,0.0,0.0,100.0,0.0
Magnus HEDMAN,SWE,7,0,0,1,0.0,0.0,22.22222222222222,0.0,0.0,100.0,0.0
Mahboud MUBARAK,KUW,3,0,0,1,0.0,0.0,7.4074074074074066,0.0,0.0,100.0,0.0
Mahdi CERBAH,ALG,3,0,0,1,0.0,0.0,7.4074074074074066,0.0,0.0,100.0,0.0
Mahjoub GHAZOUANI,MAR,3,1,0,1,0.3333333333333333,5.88235294117647,7.4074074074074066,8.333333333333332,0.0,100.0,0.0
Mahmoud GUENDOUZ,ALG,6,0,0,2,0.0,0.0,18.51851851851852,0.0,25.0,100.0,1.0
Mahmoud MOUKHTAR,EGY,1,0,0,1,0.0,0.0,0.0,0.0,0.0,100.0,
Mahmoud NEGRO,EGY,1,0,0,1,0.0,0.0,0.0,0.0,0.0,100.0,
Maino NERI,ITA,3,0,0,1,0.0,0.0,7.4074074074074066,0.0,0.0,100.0,0.0
Majed ABDULLAH,KSA,4,0,0,1,0.0,0.0,11.11111111111111,0.0,0.0,100.0,0.0
Majid BISHKAR,IRN,3,0,0,1,0.0,0.0,7.4074074074074066,0.0,0.0,100.0,0.0
Mal DONAGHY,NIR,8,0,2,2,0.0,0.0,25.925925925925924,0.0,25.0,75.0,1.0
Mana MAMBUENE,ZAI,3,0,0,1,0.0,0.0,7.4074074074074066,0.0,0.0,100.0,0.0
Manfred KALTZ,FRG,13,0,0,2,0.0,0.0,44.44444444444444,0.0,25.0,100.0,1.0
Manfred LINZMAIER,AUT,3,0,0,1,0.0,0.0,7.4074074074074066,0.0,0.0,100.0,0.0
Manfred MANGLITZ,FRG,6,0,0,1,0.0,0.0,18.51851851851852,0.0,0.0,100.0,0.0
Manfred SCHAEFER,AUS,3,0,0,1,0.0,0.0,7.4074074074074066,0.0,0.0,100.0,0.0
Manfred ZSAK,AUT,3,0,2,1,0.0,0.0,7.4074074074074066,0.0,0.0,75.0,2.0
Manuel ALVAREZ,CHI,3,0,0,1,0.0,0.0,7.4074074074074066,0.0,0.0,100.0,0.0
Manuel AMOROS,FRA,14,0,3,2,0.0,0.0,48.14814814814815,0.0,25.0,62.5,3.0
Manuel ASTORGA,CHI,6,0,0,1,0.0,0.0,18.51851851851852,0.0,0.0,100.0,0.0
Manuel CAMACHO,MEX,3,0,0,1,0.0,0.0,7.4074074074074066,0.0,0.0,100.0,0.0
Manuel CHORENS,CUB,3,0,0,1,0.0,0.0,7.4074074074074066,0.0,0.0,100.0,0.0
Manuel FERREIRA,ARG,5,0,0,1,0.0,0.0,14.814814814814811,0.0,0.0,100.0,0.0
Manuel GAVILAN,PAR,2,0,0,1,0.0,0.0,3.7037037037037033,0.0,0.0,100.0,
Manuel GUTIERREZ,MEX,3,0,0,1,0.0,0.0,7.4074074074074066,0.0,0.0,100.0,0.0
Manuel JIMENEZ,ESP,9,0,1,2,0.0,0.0,29.629629629629623,0.0,25.0,87.5,1.0
Manuel MACHUCA,CHI,3,0,0,1,0.0,0.0,7.4074074074074066,0.0,0.0,100.0,0.0
Manuel MUNOZ,CHI,3,0,0,1,0.0,0.0,7.4074074074074066,0.0,0.0,100.0,0.0
Manuel NAJERA,MEX,3,0,0,1,0.0,0.0,7.4074074074074066,0.0,0.0,100.0,0.0
Manuel NEGRETE,MEX,5,1,1,1,0.2,5.88235294117647,14.814814814814811,5.0,0.0,87.5,2.0
Manuel RODRIGUEZ,CHI,6,0,0,1,0.0,0.0,18.51851851851852,0.0,0.0,100.0,0.0
Manuel ROJAS,CHI,3,0,0,1,0.0,0.0,7.4074074074074066,0.0,0.0,100.0,0.0
Manuel ROSAS,MEX,3,1,0,1,0.3333333333333333,5.88235294117647,7.4074074074074066,8.333333333333332,0.0,100.0,0.0
Manuel SANCHIS,ESP,7,1,0,2,0.1428571428571428,5.88235294117647,22.22222222222222,3.571428571428571,25.0,100.0,1.0
Manus VRAUWDEUNT,NED,1,0,0,1,0.0,0.0,0.0,0.0,0.0,100.0,
Marc BAECKE,BEL,5,0,0,1,0.0,0.0,14.814814814814811,0.0,0.0,100.0,0.0
Marc BERDOLL,FRA,3,1,0,1,0.3333333333333333,5.88235294117647,7.4074074074074066,8.333333333333332,0.0,100.0,0.0
Marc DE GRIJSE,BEL,8,2,0,2,0.25,11.76470588235294,25.925925925925924,6.25,25.0,100.0,1.0
Marc EMMERS,BEL,8,0,0,2,0.0,0.0,25.925925925925924,0.0,25.0,100.0,1.0
Marc HOTTIGER,SUI,4,0,1,1,0.0,0.0,11.11111111111111,0.0,0.0,87.5,2.0
Marc MILLECAMPS,BEL,5,0,0,1,0.0,0.0,14.814814814814811,0.0,0.0,100.0,0.0
Marc OVERMARS,NED,7,1,0,1,0.1428571428571428,5.88235294117647,22.22222222222222,3.571428571428571,0.0,100.0,0.0
Marc VAN DER LINDEN,BEL,4,0,0,1,0.0,0.0,11.11111111111111,0.0,0.0,100.0,0.0
Marc WILMOTS,BEL,7,2,0,2,0.2857142857142857,11.76470588235294,22.22222222222222,7.142857142857142,25.0,100.0,1.0
Marc-Vivien FOE,CMR,3,0,0,1,0.0,0.0,7.4074074074074066,0.0,0.0,100.0,0.0
Marcel ARTELESA,FRA,3,0,0,1,0.0,0.0,7.4074074074074066,0.0,0.0,100.0,0.0
Marcel AUBOUR,FRA,3,0,0,1,0.0,0.0,7.4074074074074066,0.0,0.0,100.0,0.0
Marcel CAPELLE,FRA,3,0,0,1,0.0,0.0,7.4074074074074066,0.0,0.0,100.0,0.0
Marcel DESAILLY,FRA,7,0,4,1,0.0,0.0,22.22222222222222,0.0,0.0,50.0,2.0
Marcel DRIES,BEL,2,0,0,1,0.0,0.0,3.7037037037037033,0.0,0.0,100.0,
Marcel FLUECKIGER,SUI,4,0,0,1,0.0,0.0,11.11111111111111,0.0,0.0,100.0,0.0
Marcel LANGILLER,FRA,3,1,0,1,0.3333333333333333,5.88235294117647,7.4074074074074066,8.333333333333332,0.0,100.0,0.0
Marcel MAURON,SUI,4,0,0,1,0.0,0.0,11.11111111111111,0.0,0.0,100.0,0.0
Marcel PINEL,FRA,3,0,0,1,0.0,0.0,7.4074074074074066,0.0,0.0,100.0,0.0
Marcel VONLANTHEN,SUI,3,0,0,1,0.0,0.0,7.4074074074074066,0.0,0.0,100.0,0.0
Marcelino VARGAS,PAR,2,0,0,1,0.0,0.0,3.7037037037037033,0.0,0.0,100.0,
Marcelo BALBOA,USA,6,0,0,2,0.0,0.0,18.51851851851852,0.0,25.0,100.0,1.0
Marcelo DELGADO,ARG,5,0,0,1,0.0,0.0,14.814814814814811,0.0,0.0,100.0,0.0
Marcelo GALLARDO,ARG,5,0,0,1,0.0,0.0,14.814814814814811,0.0,0.0,100.0,0.0
Marcelo PAGANI,ARG,3,0,0,1,0.0,0.0,7.4074074074074066,0.0,0.0,100.0,0.0
Marcelo RAMIREZ,CHI,4,0,0,1,0.0,0.0,11.11111111111111,0.0,0.0,100.0,0.0
Marcelo SALAS,CHI,4,4,1,1,1.0,23.52941176470588,11.11111111111111,25.0,0.0,87.5,2.0
Marcelo TORRICO,BOL,3,0,0,1,0.0,0.0,7.4074074074074066,0.0,0.0,100.0,0.0
Marcelo TROBBIANI,ARG,7,0,0,1,0.0,0.0,22.22222222222222,0.0,0.0,100.0,0.0
Marcelo VEGA,CHI,4,0,0,1,0.0,0.0,11.11111111111111,0.0,0.0,100.0,0.0
Marcial AVALOS,PAR,2,0,0,1,0.0,0.0,3.7037037037037033,0.0,0.0,100.0,
Marco Antonio SANDY,BOL,3,0,0,1,0.0,0.0,7.4074074074074066,0.0,0.0,100.0,0.0
Marco CORNEZ,CHI,3,0,0,1,0.0,0.0,7.4074074074074066,0.0,0.0,100.0,0.0
Marco ETCHEVERRY,BOL,3,0,1,1,0.0,0.0,7.4074074074074066,0.0,0.0,87.5,2.0
Marco GRASSI,SUI,4,0,0,1,0.0,0.0,11.11111111111111,0.0,0.0,100.0,0.0
Marco PASCOLO,SUI,4,0,1,1,0.0,0.0,11.11111111111111,0.0,0.0,87.5,2.0
Marco TARDELLI,ITA,18,2,3,3,0.1111111111111111,11.76470588235294,62.96296296296296,2.7777777777777777,50.0,62.5,3.0
Marco VAN BASTEN,NED,4,0,1,1,0.0,0.0,11.11111111111111,0.0,0.0,87.5,2.0
Marcos COLL,COL,3,1,0,1,0.3333333333333333,5.88235294117647,7.4074074074074066,8.333333333333332,0.0,100.0,0.0
Marcos RIVAS,MEX,4,0,0,1,0.0,0.0,11.11111111111111,0.0,0.0,100.0,0.0
Marcus GAYLE,JAM,3,0,0,1,0.0,0.0,7.4074074074074066,0.0,0.0,100.0,0.0
Marek DZIUBA,POL,7,0,0,1,0.0,0.0,22.22222222222222,0.0,0.0,100.0,0.0
Marek KUSTO,POL,20,0,0,3,0.0,0.0,70.37037037037037,0.0,50.0,100.0,3.0
Marek OSTROWSKI,POL,4,0,0,1,0.0,0.0,11.11111111111111,0.0,0.0,100.0,0.0
Marian HRISTOV,BUL,3,0,0,1,0.0,0.0,7.4074074074074066,0.0,0.0,100.0,0.0
Marian IVAN,ROU,5,0,0,1,0.0,0.0,14.814814814814811,0.0,0.0,100.0,0.0
Marian MASNY,TCH,3,0,0,1,0.0,0.0,7.4074074074074066,0.0,0.0,100.0,0.0
Marin TUFAN,ROU,3,0,0,1,0.0,0.0,7.4074074074074066,0.0,0.0,100.0,0.0
Marino KLINGER,COL,3,1,0,1,0.3333333333333333,5.88235294117647,7.4074074074074066,8.333333333333332,0.0,100.0,0.0
Marino PERANI,ITA,3,0,0,1,0.0,0.0,7.4074074074074066,0.0,0.0,100.0,0.0
Mario ALBORTA,BOL,2,0,0,1,0.0,0.0,3.7037037037037033,0.0,0.0,100.0,
Mario BASLER,GER,5,0,0,1,0.0,0.0,14.814814814814811,0.0,0.0,100.0,0.0
Mario BERGARA,URU,3,0,0,1,0.0,0.0,7.4074074074074066,0.0,0.0,100.0,0.0
Mario BERTINI,ITA,6,0,0,1,0.0,0.0,18.51851851851852,0.0,0.0,100.0,0.0
Mario CASTILLO,SLV,3,0,0,1,0.0,0.0,7.4074074074074066,0.0,0.0,100.0,0.0
Mario CHALDU,ARG,4,0,0,1,0.0,0.0,11.11111111111111,0.0,0.0,100.0,0.0
Mario DAVID,ITA,3,0,1,1,0.0,0.0,7.4074074074074066,0.0,0.0,87.5,2.0
Mario DE LAS CASAS,PER,2,0,0,1,0.0,0.0,3.7037037037037033,0.0,0.0,100.0,
Mario EVARISTO,ARG,5,1,0,1,0.2,5.88235294117647,14.814814814814811,5.0,0.0,100.0,0.0
Mario GALINDO,CHI,6,0,0,2,0.0,0.0,18.51851851851852,0.0,25.0,100.0,1.0
Mario GENTA,ITA,4,0,0,1,0.0,0.0,11.11111111111111,0.0,0.0,100.0,0.0
Mario GONZALEZ,URU,3,0,0,1,0.0,0.0,7.4074074074074066,0.0,0.0,100.0,0.0
Mario HAAS,AUT,3,0,0,1,0.0,0.0,7.4074074074074066,0.0,0.0,100.0,0.0
Mario KEMPES,ARG,18,6,1,3,0.3333333333333333,35.294117647058826,62.96296296296296,8.333333333333332,50.0,87.5,3.0
Mario LEPE,CHI,6,0,0,1,0.0,0.0,18.51851851851852,0.0,0.0,100.0,0.0
Mario MEDINA,MEX,3,0,0,1,0.0,0.0,7.4074074074074066,0.0,0.0,100.0,0.0
Mario MENA,BOL,1,0,0,1,0.0,0.0,0.0,0.0,0.0,100.0,
Mario MENDEZ,URU,3,0,0,1,0.0,0.0,7.4074074074074066,0.0,0.0,100.0,0.0
Mario MONGE,SLV,3,0,0,1,0.0,0.0,7.4074074074074066,0.0,0.0,100.0,0.0
Mario MORENO,CHI,6,0,0,1,0.0,0.0,18.51851851851852,0.0,0.0,100.0,0.0
Mario OCHOA,MEX,5,0,0,2,0.0,0.0,14.814814814814811,0.0,25.0,100.0,1.0
Mario ORTIZ,CHI,6,0,0,1,0.0,0.0,18.51851851851852,0.0,0.0,100.0,0.0
Mario OSBEN,CHI,3,0,0,1,0.0,0.0,7.4074074074074066,0.0,0.0,100.0,0.0
Mario PERAZZOLO,ITA,4,0,0,1,0.0,0.0,11.11111111111111,0.0,0.0,100.0,0.0
Mario PEREZ,MEX,7,0,0,2,0.0,0.0,22.22222222222222,0.0,25.0,100.0,1.0
Mario PINEDO,BOL,3,0,0,1,0.0,0.0,7.4074074074074066,0.0,0.0,100.0,0.0
Mario PIZZIOLO,ITA,5,0,0,1,0.0,0.0,14.814814814814811,0.0,0.0,100.0,0.0
Mario PROSPERI,SUI,3,0,0,1,0.0,0.0,7.4074074074074066,0.0,0.0,100.0,0.0
Mario SARALEGUI,URU,4,0,1,1,0.0,0.0,11.11111111111111,0.0,0.0,87.5,2.0
Mario SOSA,CUB,3,0,0,1,0.0,0.0,7.4074074074074066,0.0,0.0,100.0,0.0
Mario SOTO,CHI,3,0,0,1,0.0,0.0,7.4074074074074066,0.0,0.0,100.0,0.0
Mario STANIC,CRO,7,1,3,1,0.1428571428571428,5.88235294117647,22.22222222222222,3.571428571428571,0.0,62.5,2.0
Mario TREJO,MEX,5,0,1,1,0.0,0.0,14.814814814814811,0.0,0.0,87.5,2.0
Mario VARGLIEN,ITA,5,0,0,1,0.0,0.0,14.814814814814811,0.0,0.0,100.0,0.0
Mario VELARDE,MEX,7,0,0,2,0.0,0.0,22.22222222222222,0.0,25.0,100.0,1.0
Mario ZAGALLO,BRA,12,2,0,2,0.1666666666666666,11.76470588235294,40.74074074074074,4.166666666666666,25.0,100.0,1.0
Mario ZATELLI,FRA,2,0,0,1,0.0,0.0,3.7037037037037033,0.0,0.0,100.0,
Marius LACATUS,ROU,4,0,0,1,0.0,0.0,11.11111111111111,0.0,0.0,100.0,0.0
Marius TRESOR,FRA,10,1,0,2,0.1,5.88235294117647,33.33333333333333,2.5,25.0,100.0,1.0
Marjan MRMIC,CRO,7,0,0,1,0.0,0.0,22.22222222222222,0.0,0.0,100.0,0.0
Mark CAUGHEY,NIR,3,0,0,1,0.0,0.0,7.4074074074074066,0.0,0.0,100.0,0.0
Mark FISH,RSA,3,0,0,1,0.0,0.0,7.4074074074074066,0.0,0.0,100.0,0.0
Mark HATELEY,ENG,5,0,1,1,0.0,0.0,14.814814814814811,0.0,0.0,87.5,2.0
Mark WRIGHT,ENG,7,1,0,1,0.1428571428571428,5.88235294117647,22.22222222222222,3.571428571428571,0.0,100.0,0.0
Markus BABBEL,GER,5,0,1,1,0.0,0.0,14.814814814814811,0.0,0.0,87.5,2.0
Markus SCHOPP,AUT,3,0,0,1,0.0,0.0,7.4074074074074066,0.0,0.0,100.0,0.0
Martin AMERHAUSER,AUT,3,0,0,1,0.0,0.0,7.4074074074074066,0.0,0.0,100.0,0.0
Martin BRUNNER,SUI,4,0,0,1,0.0,0.0,11.11111111111111,0.0,0.0,100.0,0.0
Martin BUCHAN,SCO,6,0,0,2,0.0,0.0,18.51851851851852,0.0,25.0,100.0,1.0
Martin DAHLIN,SWE,7,4,2,1,0.5714285714285714,23.52941176470588,22.22222222222222,14.285714285714285,0.0,75.0,2.0
Martin HIDEN,AUT,3,0,0,1,0.0,0.0,7.4074074074074066,0.0,0.0,100.0,0.0
Martin HOFFMANN,GDR,6,1,0,1,0.1666666666666666,5.88235294117647,18.51851851851852,4.166666666666666,0.0,100.0,0.0
Martin JORGENSEN,DEN,5,1,0,1,0.2,5.88235294117647,14.814814814814811,5.0,0.0,100.0,0.0
Martin KEOWN,ENG,4,0,0,1,0.0,0.0,11.11111111111111,0.0,0.0,100.0,0.0
Martin O NEILL,NIR,5,0,0,1,0.0,0.0,14.814814814814811,0.0,0.0,100.0,0.0
Martin PANDO,ARG,3,0,0,1,0.0,0.0,7.4074074074074066,0.0,0.0,100.0,0.0
Martin PETERS,ENG,10,2,1,2,0.2,11.76470588235294,33.33333333333333,5.0,25.0,87.5,1.0
Martin RUEDA,SUI,4,0,0,1,0.0,0.0,11.11111111111111,0.0,0.0,100.0,0.0
Martin VENTOLRA,ESP,3,0,0,1,0.0,0.0,7.4074074074074066,0.0,0.0,100.0,0.0
Martin VERGES,ESP,3,0,0,1,0.0,0.0,7.4074074074074066,0.0,0.0,100.0,0.0
Martin WAGNER,GER,5,0,2,1,0.0,0.0,14.814814814814811,0.0,0.0,75.0,2.0
Marton ESTERHAZY,HUN,3,1,0,1,0.3333333333333333,5.88235294117647,7.4074074074074066,8.333333333333332,0.0,100.0,0.0
Marvin OBANDO,CRC,4,0,0,1,0.0,0.0,11.11111111111111,0.0,0.0,100.0,0.0
Maryan WISNIESKI,FRA,6,2,0,1,0.3333333333333333,11.76470588235294,18.51851851851852,8.333333333333332,0.0,100.0,0.0
Masami IHARA,JPN,3,0,1,1,0.0,0.0,7.4074074074074066,0.0,0.0,87.5,2.0
Masashi NAKAYAMA,JPN,3,1,0,1,0.3333333333333333,5.88235294117647,7.4074074074074066,8.333333333333332,0.0,100.0,0.0
Masayuki OKANO,JPN,3,0,0,1,0.0,0.0,7.4074074074074066,0.0,0.0,100.0,0.0
Mate FENYVESI,HUN,12,0,0,3,0.0,0.0,40.74074074074074,0.0,50.0,100.0,3.0
Mathias HEIDEMANN,GER,4,0,0,1,0.0,0.0,11.11111111111111,0.0,0.0,100.0,0.0
Mathias KABUREK,AUT,4,0,0,1,0.0,0.0,11.11111111111111,0.0,0.0,100.0,0.0
Matias ALMEYDA,ARG,5,0,1,1,0.0,0.0,14.814814814814811,0.0,0.0,87.5,2.0
Matias GONZALEZ,URU,4,0,0,1,0.0,0.0,11.11111111111111,0.0,0.0,100.0,0.0
Mats GREN,SWE,3,0,0,1,0.0,0.0,7.4074074074074066,0.0,0.0,100.0,0.0
Mats MAGNUSSON,SWE,3,0,0,1,0.0,0.0,7.4074074074074066,0.0,0.0,100.0,0.0
Matt ELLIOTT,SCO,3,0,0,1,0.0,0.0,7.4074074074074066,0.0,0.0,100.0,0.0
Matthias HERGET,FRG,7,0,0,1,0.0,0.0,22.22222222222222,0.0,0.0,100.0,0.0
Matthias SAMMER,GER,5,0,0,1,0.0,0.0,14.814814814814811,0.0,0.0,100.0,0.0
Matthias SINDELAR,AUT,4,1,0,1,0.25,5.88235294117647,11.11111111111111,6.25,0.0,100.0,0.0
Mauk WEBER,NED,2,0,0,2,0.0,0.0,3.7037037037037033,0.0,25.0,100.0,
Maurice LAFONT,FRA,6,0,0,1,0.0,0.0,18.51851851851852,0.0,0.0,100.0,0.0
Maurice MALPAS,SCO,6,0,1,2,0.0,0.0,18.51851851851852,0.0,25.0,87.5,1.0
Maurice MARTENS,BEL,3,0,0,1,0.0,0.0,7.4074074074074066,0.0,0.0,100.0,0.0
Maurice NORMAN,ENG,8,0,0,2,0.0,0.0,25.925925925925924,0.0,25.0,100.0,1.0
Maurice SETTERS,ENG,4,0,0,1,0.0,0.0,11.11111111111111,0.0,0.0,100.0,0.0
Mauricio ALFARO,SLV,3,0,0,1,0.0,0.0,7.4074074074074066,0.0,0.0,100.0,0.0
Mauricio AROS,CHI,4,0,0,1,0.0,0.0,11.11111111111111,0.0,0.0,100.0,0.0
Mauricio MANZANO,SLV,3,0,0,1,0.0,0.0,7.4074074074074066,0.0,0.0,100.0,0.0
Mauricio MONTERO,CRC,4,0,0,1,0.0,0.0,11.11111111111111,0.0,0.0,100.0,0.0
Mauricio PINEDA,ARG,5,1,0,1,0.2,5.88235294117647,14.814814814814811,5.0,0.0,100.0,0.0
Mauricio RAMOS,BOL,3,0,0,1,0.0,0.0,7.4074074074074066,0.0,0.0,100.0,0.0
Mauricio RODRIGUEZ,SLV,3,0,0,1,0.0,0.0,7.4074074074074066,0.0,0.0,100.0,0.0
Mauricio SERNA,COL,3,0,0,1,0.0,0.0,7.4074074074074066,0.0,0.0,100.0,0.0
Maurits DE SCHRIJVER,BEL,5,0,0,1,0.0,0.0,14.814814814814811,0.0,0.0,100.0,0.0
Maurizio GAUDINO,GER,5,0,0,1,0.0,0.0,14.814814814814811,0.0,0.0,100.0,0.0
Mauro BELLUGI,ITA,10,0,0,2,0.0,0.0,33.33333333333333,0.0,25.0,100.0,1.0
Mauro TASSOTTI,ITA,7,0,0,1,0.0,0.0,22.22222222222222,0.0,0.0,100.0,0.0
Mavuda MAFUILA,ZAI,3,0,0,1,0.0,0.0,7.4074074074074066,0.0,0.0,100.0,0.0
Max HAGMAYR,AUT,5,0,0,1,0.0,0.0,14.814814814814811,0.0,0.0,100.0,0.0
Max LORENZ,FRG,12,0,1,2,0.0,0.0,40.74074074074074,0.0,25.0,87.5,1.0
Max MORLOCK,FRG,6,6,0,1,1.0,35.294117647058826,18.51851851851852,25.0,0.0,100.0,0.0
Max PRIETO,MEX,3,0,0,1,0.0,0.0,7.4074074074074066,0.0,0.0,100.0,0.0
Max TOLSON,AUS,3,0,0,1,0.0,0.0,7.4074074074074066,0.0,0.0,100.0,0.0
Max WEILER,SUI,2,0,0,1,0.0,0.0,3.7037037037037033,0.0,0.0,100.0,
Maxime BOSSIS,FRA,17,1,0,3,0.0588235294117647,5.88235294117647,59.25925925925925,1.4705882352941175,50.0,100.0,3.0
Mayanga MAKU,ZAI,3,0,0,1,0.0,0.0,7.4074074074074066,0.0,0.0,100.0,0.0
Mbungu EKOFO,ZAI,3,0,0,1,0.0,0.0,7.4074074074074066,0.0,0.0,100.0,0.0
Mc BRIDE,USA,5,2,0,1,0.4,11.76470588235294,14.814814814814811,10.0,0.0,100.0,0.0
McBRIDE,USA,3,0,0,1,0.0,0.0,7.4074074074074066,0.0,0.0,100.0,0.0
McCARTHY,RSA,6,2,1,2,0.3333333333333333,11.76470588235294,18.51851851851852,8.333333333333332,25.0,87.5,1.0
McMANAMAN,ENG,4,0,0,1,0.0,0.0,11.11111111111111,0.0,0.0,100.0,0.0
McNAMARA,SCO,3,0,0,1,0.0,0.0,7.4074074074074066,0.0,0.0,100.0,0.0
Mel CHARLES,WAL,5,0,0,1,0.0,0.0,14.814814814814811,0.0,0.0,100.0,0.0
Mel HOPKINS,WAL,5,0,0,1,0.0,0.0,14.814814814814811,0.0,0.0,100.0,0.0
Melanio BAEZ,PAR,2,0,0,1,0.0,0.0,3.7037037037037033,0.0,0.0,100.0,
Menachem BELLO,ISR,3,0,1,1,0.0,0.0,7.4074074074074066,0.0,0.0,87.5,2.0
Michael BAUR,AUT,3,0,0,1,0.0,0.0,7.4074074074074066,0.0,0.0,100.0,0.0
Michael EMENALO,NGA,4,0,2,1,0.0,0.0,11.11111111111111,0.0,0.0,75.0,2.0
Michael KLEIN,ROU,4,0,1,1,0.0,0.0,11.11111111111111,0.0,0.0,87.5,2.0
Michael KONSEL,AUT,6,0,0,2,0.0,0.0,18.51851851851852,0.0,25.0,100.0,1.0
Michael LAPPER,USA,4,0,0,1,0.0,0.0,11.11111111111111,0.0,0.0,100.0,0.0
Michael LAUDRUP,DEN,4,1,0,1,0.25,5.88235294117647,11.11111111111111,6.25,0.0,100.0,0.0
Michael OWEN,ENG,4,2,0,1,0.5,11.76470588235294,11.11111111111111,12.5,0.0,100.0,0.0
Michael REIZIGER,NED,7,0,1,1,0.0,0.0,22.22222222222222,0.0,0.0,87.5,2.0
Michael SORBER,USA,4,0,0,1,0.0,0.0,11.11111111111111,0.0,0.0,100.0,0.0
Michael STREITER,AUT,3,0,0,1,0.0,0.0,7.4074074074074066,0.0,0.0,100.0,0.0
Michael TARNAT,GER,5,0,2,1,0.0,0.0,14.814814814814811,0.0,0.0,75.0,2.0
Michael WINDISCHMANN,USA,3,0,1,1,0.0,0.0,7.4074074074074066,0.0,0.0,87.5,2.0
Michal BENEDIKOVIC,TCH,2,0,0,1,0.0,0.0,3.7037037037037033,0.0,0.0,100.0,
Michal BILEK,TCH,5,0,1,1,0.0,0.0,14.814814814814811,0.0,0.0,87.5,2.0
Michel BIBARD,FRA,7,0,0,1,0.0,0.0,22.22222222222222,0.0,0.0,100.0,0.0
Michel BRUSSEAUX,FRA,2,0,0,1,0.0,0.0,3.7037037037037033,0.0,0.0,100.0,
Michel DE WOLF,BEL,15,1,0,3,0.0666666666666666,5.88235294117647,51.85185185185185,1.6666666666666667,50.0,100.0,3.0
Michel KAHAM,CMR,3,0,0,1,0.0,0.0,7.4074074074074066,0.0,0.0,100.0,0.0
Michel LEBLOND,FRA,2,0,0,1,0.0,0.0,3.7037037037037033,0.0,0.0,100.0,
Michel PLATINI,FRA,17,4,1,3,0.2352941176470588,23.52941176470588,59.25925925925925,5.88235294117647,50.0,87.5,3.0
Michel PREUDHOMME,BEL,8,0,0,2,0.0,0.0,25.925925925925924,0.0,25.0,100.0,1.0
Michel RENQUIN,BEL,12,0,1,2,0.0,0.0,40.74074074074074,0.0,25.0,87.5,1.0
Michele ANDREOLO,ITA,4,0,0,1,0.0,0.0,11.11111111111111,0.0,0.0,100.0,0.0
Mick MC CARTHY,IRL,5,0,0,1,0.0,0.0,14.814814814814811,0.0,0.0,100.0,0.0
Mick MILLS,ENG,5,0,0,1,0.0,0.0,14.814814814814811,0.0,0.0,100.0,0.0
Miguel ALONSO,ESP,5,0,0,1,0.0,0.0,14.814814814814811,0.0,0.0,100.0,0.0
Miguel Angel DIAZ,SLV,3,0,0,1,0.0,0.0,7.4074074074074066,0.0,0.0,100.0,0.0
Miguel Angel RIMBA,BOL,3,0,1,1,0.0,0.0,7.4074074074074066,0.0,0.0,87.5,2.0
Miguel BENITEZ,PAR,4,1,2,1,0.25,5.88235294117647,11.11111111111111,6.25,0.0,75.0,2.0
Miguel BOSSIO,URU,4,0,2,1,0.0,0.0,11.11111111111111,0.0,0.0,75.0,2.0
Miguel BRINDISI,ARG,6,1,0,1,0.1666666666666666,5.88235294117647,18.51851851851852,4.166666666666666,0.0,100.0,0.0
Miguel BRITO,BOL,2,0,0,1,0.0,0.0,3.7037037037037033,0.0,0.0,100.0,
Miguel BUSQUETS,CHI,3,0,0,1,0.0,0.0,7.4074074074074066,0.0,0.0,100.0,0.0
Miguel CAPPUCCINI,URU,4,0,0,1,0.0,0.0,11.11111111111111,0.0,0.0,100.0,0.0
Miguel DAVIS,CRC,4,0,0,1,0.0,0.0,11.11111111111111,0.0,0.0,100.0,0.0
Miguel ESPANA,MEX,5,0,0,1,0.0,0.0,14.814814814814811,0.0,0.0,100.0,0.0
Miguel FLORES,CHI,3,0,0,1,0.0,0.0,7.4074074074074066,0.0,0.0,100.0,0.0
Miguel GAMBOA,CHI,3,0,1,1,0.0,0.0,7.4074074074074066,0.0,0.0,87.5,2.0
Miguel GUERRERO,COL,4,0,0,1,0.0,0.0,11.11111111111111,0.0,0.0,100.0,0.0
Miguel GUTIERREZ,MEX,3,0,0,1,0.0,0.0,7.4074074074074066,0.0,0.0,100.0,0.0
Miguel GUTIERREZ,MEX,3,0,0,1,0.0,0.0,7.4074074074074066,0.0,0.0,100.0,0.0
Miguel GUTIERREZ,PER,3,0,0,1,0.0,0.0,7.4074074074074066,0.0,0.0,100.0,0.0
Miguel GUTIERREZ,PER,3,0,0,1,0.0,0.0,7.4074074074074066,0.0,0.0,100.0,0.0
Miguel MURILLO,BOL,2,0,0,1,0.0,0.0,3.7037037037037033,0.0,0.0,100.0,
Miguel NEIRA,CHI,3,0,0,1,0.0,0.0,7.4074074074074066,0.0,0.0,100.0,0.0
Miguel OVIEDO,ARG,7,0,0,1,0.0,0.0,22.22222222222222,0.0,0.0,100.0,0.0
Miguel PARDEZA,ESP,4,0,0,1,0.0,0.0,11.11111111111111,0.0,0.0,100.0,0.0
Miguel RAMIREZ,CHI,4,0,1,1,0.0,0.0,11.11111111111111,0.0,0.0,87.5,2.0
Miguel REINA,ESP,3,0,0,1,0.0,0.0,7.4074074074074066,0.0,0.0,100.0,0.0
Miguel SANTORO,ARG,6,0,0,1,0.0,0.0,18.51851851851852,0.0,0.0,100.0,0.0
Miguel SEGURA,CRC,4,0,0,1,0.0,0.0,11.11111111111111,0.0,0.0,100.0,0.0
Miguel TENDILLO,ESP,5,0,0,1,0.0,0.0,14.814814814814811,0.0,0.0,100.0,0.0
Mihai IVANCESCU,ROU,3,0,0,1,0.0,0.0,7.4074074074074066,0.0,0.0,100.0,0.0
Mihai MOCANU,ROU,3,0,1,1,0.0,0.0,7.4074074074074066,0.0,0.0,87.5,2.0
Mihaly BIRO,HUN,4,0,0,1,0.0,0.0,11.11111111111111,0.0,0.0,100.0,0.0
Mihaly LANTOS,HUN,5,1,0,1,0.2,5.88235294117647,14.814814814814811,5.0,0.0,100.0,0.0
Mihaly TOTH,HUN,5,0,0,1,0.0,0.0,14.814814814814811,0.0,0.0,100.0,0.0
Mihaly VASAS,HUN,4,0,0,1,0.0,0.0,11.11111111111111,0.0,0.0,100.0,0.0
Mikael NILSSON,SWE,7,0,0,1,0.0,0.0,22.22222222222222,0.0,0.0,100.0,0.0
Mike BOOKIE,USA,3,0,0,1,0.0,0.0,7.4074074074074066,0.0,0.0,100.0,0.0
Mike BURNS,USA,7,0,0,2,0.0,0.0,22.22222222222222,0.0,25.0,100.0,1.0
Mike SWEENEY,CAN,3,0,2,1,0.0,0.0,7.4074074074074066,0.0,0.0,75.0,2.0
Mike VERSTRAETEN,BEL,3,0,0,1,0.0,0.0,7.4074074074074066,0.0,0.0,100.0,0.0
Mikhail MESKHI,URS,4,0,0,1,0.0,0.0,11.11111111111111,0.0,0.0,100.0,0.0
Miklos MOLNAR,DEN,5,0,1,1,0.0,0.0,14.814814814814811,0.0,0.0,87.5,2.0
Milan ALBRECHT,TCH,3,0,0,1,0.0,0.0,7.4074074074074066,0.0,0.0,100.0,0.0
Milan DVORAK,TCH,4,1,0,1,0.25,5.88235294117647,11.11111111111111,6.25,0.0,100.0,0.0
Milan GALIC,YUG,6,3,0,1,0.5,17.647058823529413,18.51851851851852,12.5,0.0,100.0,0.0
Milan LUHOVY,TCH,5,1,0,1,0.2,5.88235294117647,14.814814814814811,5.0,0.0,100.0,0.0
Milan STOJANOVIC,YUG,3,0,0,1,0.0,0.0,7.4074074074074066,0.0,0.0,100.0,0.0
Milan ZEKOVIC,YUG,3,0,0,1,0.0,0.0,7.4074074074074066,0.0,0.0,100.0,0.0
Milko GAIDARSKI,BUL,3,0,0,1,0.0,0.0,7.4074074074074066,0.0,0.0,100.0,0.0
Milorad ARSENIJEVIC,YUG,3,0,0,1,0.0,0.0,7.4074074074074066,0.0,0.0,100.0,0.0
Milorad MILUTINOVIC,YUG,4,0,0,1,0.0,0.0,11.11111111111111,0.0,0.0,100.0,0.0
Milos HRSTIC,YUG,3,0,0,1,0.0,0.0,7.4074074074074066,0.0,0.0,100.0,0.0
Milos MILUTINOVIC,YUG,7,1,0,2,0.1428571428571428,5.88235294117647,22.22222222222222,3.571428571428571,25.0,100.0,1.0
Milos SESTIC,YUG,3,0,0,1,0.0,0.0,7.4074074074074066,0.0,0.0,100.0,0.0
Milovan JAKSIC,YUG,3,0,0,1,0.0,0.0,7.4074074074074066,0.0,0.0,100.0,0.0
Milton MELGAR,BOL,3,0,0,1,0.0,0.0,7.4074074074074066,0.0,0.0,100.0,0.0
Milton VIERA,URU,4,0,0,1,0.0,0.0,11.11111111111111,0.0,0.0,100.0,0.0
Milutin IVKOVIC,YUG,3,0,0,1,0.0,0.0,7.4074074074074066,0.0,0.0,100.0,0.0
Milutin SOSKIC,YUG,6,0,0,1,0.0,0.0,18.51851851851852,0.0,0.0,100.0,0.0
Minas HANTZIDIS,GRE,3,0,1,1,0.0,0.0,7.4074074074074066,0.0,0.0,87.5,2.0
Miodrag BELODEDICI,ROU,5,0,1,1,0.0,0.0,14.814814814814811,0.0,0.0,87.5,2.0
Miodrag JOVANOVIC,YUG,3,0,0,1,0.0,0.0,7.4074074074074066,0.0,0.0,100.0,0.0
Mircea DAVID,ROU,2,0,0,1,0.0,0.0,3.7037037037037033,0.0,0.0,100.0,
Mircea LUCESCU,ROU,3,0,0,1,0.0,0.0,7.4074074074074066,0.0,0.0,100.0,0.0
Mircea REDNIC,ROU,4,0,0,1,0.0,0.0,11.11111111111111,0.0,0.0,100.0,0.0
Mirko STOJANOVIC,YUG,6,0,0,1,0.0,0.0,18.51851851851852,0.0,0.0,100.0,0.0
Miroslav DJUKIC,YUG,4,0,0,1,0.0,0.0,11.11111111111111,0.0,0.0,100.0,0.0
Miroslav JUSTEK,POL,6,0,0,1,0.0,0.0,18.51851851851852,0.0,0.0,100.0,0.0
Miroslav KADLEC,TCH,5,0,1,1,0.0,0.0,14.814814814814811,0.0,0.0,87.5,2.0
Miroslav PAVLOVIC,YUG,6,0,0,1,0.0,0.0,18.51851851851852,0.0,0.0,100.0,0.0
Miroslav STEVIC,YUG,4,0,0,1,0.0,0.0,11.11111111111111,0.0,0.0,100.0,0.0
Miroslaw BULZACKI,POL,7,0,0,1,0.0,0.0,22.22222222222222,0.0,0.0,100.0,0.0
Mirsad BALJIC,YUG,5,0,0,1,0.0,0.0,14.814814814814811,0.0,0.0,100.0,0.0
Mirto DAVOINE,URU,5,0,0,1,0.0,0.0,14.814814814814811,0.0,0.0,100.0,0.0
Misael ESCUTI,CHI,6,0,0,1,0.0,0.0,18.51851851851852,0.0,0.0,100.0,0.0
Mladen VASILEV,BUL,3,0,0,1,0.0,0.0,7.4074074074074066,0.0,0.0,100.0,0.0
Mo Heng TAN,INH,1,0,0,1,0.0,0.0,0.0,0.0,0.0,100.0,
Mo JOHNSTON,SCO,3,0,1,1,0.0,0.0,7.4074074074074066,0.0,0.0,87.5,2.0
Mobi OPARAKU,NGA,4,0,0,1,0.0,0.0,11.11111111111111,0.0,0.0,100.0,0.0
Modesto DENIS,PAR,2,0,0,1,0.0,0.0,3.7037037037037033,0.0,0.0,100.0,
Modesto SORUCO,BOL,3,0,0,1,0.0,0.0,7.4074074074074066,0.0,0.0,100.0,0.0
Mogens KROGH,DEN,5,0,0,1,0.0,0.0,14.814814814814811,0.0,0.0,100.0,0.0
Mohamed ABDELJAWAD,KSA,4,0,1,1,0.0,0.0,11.11111111111111,0.0,0.0,87.5,2.0
Mohamed ABDULLAH,UAE,3,0,0,1,0.0,0.0,7.4074074074074066,0.0,0.0,100.0,0.0
Mohamed AKID,TUN,3,0,0,1,0.0,0.0,7.4074074074074066,0.0,0.0,100.0,0.0
Mohamed BEN MOUSSA,TUN,3,0,0,1,0.0,0.0,7.4074074074074066,0.0,0.0,100.0,0.0
Mohamed CHAIB,ALG,3,0,0,1,0.0,0.0,7.4074074074074066,0.0,0.0,100.0,0.0
Mohamed EL FILALI,MAR,3,0,0,1,0.0,0.0,7.4074074074074066,0.0,0.0,100.0,0.0
Mohamed HAZZAZ,MAR,3,0,0,1,0.0,0.0,7.4074074074074066,0.0,0.0,100.0,0.0
Mohamed Hassan HELMI,EGY,1,0,0,1,0.0,0.0,0.0,0.0,0.0,100.0,
Mohamed KACI SAID,ALG,3,0,0,1,0.0,0.0,7.4074074074074066,0.0,0.0,100.0,0.0
Mohamed KARAM,KUW,3,0,0,1,0.0,0.0,7.4074074074074066,0.0,0.0,100.0,0.0
Mohamed LATIF,EGY,1,0,0,1,0.0,0.0,0.0,0.0,0.0,100.0,
Mohamed MAAROUFI,MAR,3,0,0,1,0.0,0.0,7.4074074074074066,0.0,0.0,100.0,0.0
Mohamed SAHIL,MAR,4,0,0,1,0.0,0.0,11.11111111111111,0.0,0.0,100.0,0.0
Mohamed SAMADI,MAR,3,0,1,1,0.0,0.0,7.4074074074074066,0.0,0.0,87.5,2.0
Mohamed TIMOUMI,MAR,4,0,1,1,0.0,0.0,11.11111111111111,0.0,0.0,87.5,2.0
Mohammad Reza KORBEKANDI,IRN,3,0,0,1,0.0,0.0,7.4074074074074066,0.0,0.0,100.0,0.0
Mohammad SADEQI,IRN,3,0,0,1,0.0,0.0,7.4074074074074066,0.0,0.0,100.0,0.0
Mohammed AL KHILAIWI,KSA,4,0,0,1,0.0,0.0,11.11111111111111,0.0,0.0,100.0,0.0
Mohammed CHAOUCH,MAR,3,1,0,1,0.3333333333333333,5.88235294117647,7.4074074074074066,8.333333333333332,0.0,100.0,0.0
Mohammed EL HADDAOUI,MAR,4,0,0,1,0.0,0.0,11.11111111111111,0.0,0.0,100.0,0.0
Mohsen LABIDI,TUN,3,0,0,1,0.0,0.0,7.4074074074074066,0.0,0.0,100.0,0.0
Moises JINICH,MEX,2,0,0,1,0.0,0.0,3.7037037037037033,0.0,0.0,100.0,
Moises VILLARROEL,CHI,4,0,2,1,0.0,0.0,11.11111111111111,0.0,0.0,75.0,2.0
Mokhtar DOUIEB,TUN,3,1,0,1,0.3333333333333333,5.88235294117647,7.4074074074074066,8.333333333333332,0.0,100.0,0.0
Mokhtar HASNI,TUN,3,0,0,1,0.0,0.0,7.4074074074074066,0.0,0.0,100.0,0.0
Mokhtar NAILI,TUN,3,0,0,1,0.0,0.0,7.4074074074074066,0.0,0.0,100.0,0.0
Momcilo DJOKIC,YUG,3,0,0,1,0.0,0.0,7.4074074074074066,0.0,0.0,100.0,0.0
Mordechai SPIEGLER,ISR,3,1,0,1,0.3333333333333333,5.88235294117647,7.4074074074074066,8.333333333333332,0.0,100.0,0.0
Moreno TORRICELLI,ITA,5,0,0,1,0.0,0.0,14.814814814814811,0.0,0.0,100.0,0.0
Morten OLSEN,DEN,4,0,0,1,0.0,0.0,11.11111111111111,0.0,0.0,100.0,0.0
Morten WIEGHORST,DEN,5,0,2,1,0.0,0.0,14.814814814814811,0.0,0.0,75.0,2.0
Moshe ROMANO,ISR,3,0,0,1,0.0,0.0,7.4074074074074066,0.0,0.0,100.0,0.0
Mostafa KAMEL TAHA,EGY,1,0,0,1,0.0,0.0,0.0,0.0,0.0,100.0,
Mostafa MANSOUR,EGY,1,0,0,1,0.0,0.0,0.0,0.0,0.0,100.0,
Motohiro YAMAGUCHI,JPN,3,0,1,1,0.0,0.0,7.4074074074074066,0.0,0.0,87.5,2.0
Mouayad AL HADDAD,KUW,3,0,0,1,0.0,0.0,7.4074074074074066,0.0,0.0,100.0,0.0
Mounir BOUKADIDA,TUN,3,0,0,1,0.0,0.0,7.4074074074074066,0.0,0.0,100.0,0.0
Mourad AMARA,ALG,6,0,0,2,0.0,0.0,18.51851851851852,0.0,25.0,100.0,1.0
Mourad EL MELKI,TUN,3,0,0,1,0.0,0.0,7.4074074074074066,0.0,0.0,100.0,0.0
Mourad MELKI,TUN,1,0,0,1,0.0,0.0,0.0,0.0,0.0,100.0,
Mubarak MUBARAK,KUW,3,0,0,1,0.0,0.0,7.4074074074074066,0.0,0.0,100.0,0.0
Muepu ILUNGA,ZAI,3,0,1,1,0.0,0.0,7.4074074074074066,0.0,0.0,87.5,2.0
Muhamed MUJIC,YUG,6,0,0,1,0.0,0.0,18.51851851851852,0.0,0.0,100.0,0.0
Murdo McLEOD,SCO,3,0,1,1,0.0,0.0,7.4074074074074066,0.0,0.0,87.5,2.0
Murtaz KHURTSILAVA,URS,10,0,0,2,0.0,0.0,33.33333333333333,0.0,25.0,100.0,1.0
Mustafa CHOUKRI,MAR,3,0,0,1,0.0,0.0,7.4074074074074066,0.0,0.0,100.0,0.0
Mustafa DAHLEB,ALG,3,0,0,1,0.0,0.0,7.4074074074074066,0.0,0.0,100.0,0.0
Mustafa EL BIYAZ,MAR,4,0,0,1,0.0,0.0,11.11111111111111,0.0,0.0,100.0,0.0
Mustafa EL HADJI,MAR,3,1,0,1,0.3333333333333333,5.88235294117647,7.4074074074074066,8.333333333333332,0.0,100.0,0.0
Mustafa ERTAN,TUR,3,1,0,1,0.3333333333333333,5.88235294117647,7.4074074074074066,8.333333333333332,0.0,100.0,0.0
Mustafa KOUICI,ALG,3,0,0,1,0.0,0.0,7.4074074074074066,0.0,0.0,100.0,0.0
Mustafa MERRY,MAR,4,0,0,1,0.0,0.0,11.11111111111111,0.0,0.0,100.0,0.0
Mustapha EL CHADILI,MAR,3,0,0,1,0.0,0.0,7.4074074074074066,0.0,0.0,100.0,0.0
Mustapha EL HADAOUI,MAR,7,0,0,2,0.0,0.0,22.22222222222222,0.0,25.0,100.0,1.0
Mutiu ADEPOJU,NGA,4,1,1,1,0.25,5.88235294117647,11.11111111111111,6.25,0.0,87.5,2.0
Mwanza Nel MUKOMBO,ZAI,3,0,0,1,0.0,0.0,7.4074074074074066,0.0,0.0,100.0,0.0
Mwape MIALO,ZAI,3,0,0,1,0.0,0.0,7.4074074074074066,0.0,0.0,100.0,0.0
N I KIM,KOR,7,0,1,1,0.0,0.0,22.22222222222222,0.0,0.0,87.5,2.0
N'DJOCK,CMR,3,0,0,1,0.0,0.0,7.4074074074074066,0.0,0.0,100.0,0.0
N. AL-TEMIYAT,KSA,3,0,0,1,0.0,0.0,7.4074074074074066,0.0,0.0,100.0,0.0
N. ALQADI,KSA,3,0,0,1,0.0,0.0,7.4074074074074066,0.0,0.0,100.0,0.0
N. ALTEMYAT,KSA,6,0,2,2,0.0,0.0,18.51851851851852,0.0,25.0,75.0,1.0
N. DJORDJEVIC,SCG,3,0,0,1,0.0,0.0,7.4074074074074066,0.0,0.0,100.0,0.0
N. JENSEN,DEN,4,0,1,1,0.0,0.0,11.11111111111111,0.0,0.0,87.5,2.0
N. KOVAC,CRO,3,1,1,1,0.3333333333333333,5.88235294117647,7.4074074074074066,8.333333333333332,0.0,87.5,2.0
N. LODEIRO,URU,4,0,0,1,0.0,0.0,11.11111111111111,0.0,0.0,100.0,0.0
N. MOHAMMAD KHANI,IRN,3,0,0,1,0.0,0.0,7.4074074074074066,0.0,0.0,100.0,0.0
N. OLIVERA,URU,3,0,0,1,0.0,0.0,7.4074074074074066,0.0,0.0,100.0,0.0
N. REASCO,ECU,4,0,0,1,0.0,0.0,11.11111111111111,0.0,0.0,100.0,0.0
N. SAADAVI,IRN,3,0,0,1,0.0,0.0,7.4074074074074066,0.0,0.0,100.0,0.0
N. SONG CHOL,PRK,3,0,0,1,0.0,0.0,7.4074074074074066,0.0,0.0,100.0,0.0
N.VALENTE,POR,7,0,2,1,0.0,0.0,22.22222222222222,0.0,0.0,75.0,2.0
NADAL,ESP,13,0,2,3,0.0,0.0,44.44444444444444,0.0,50.0,75.0,3.0
NADJ,SCG,3,0,5,1,0.0,0.0,7.4074074074074066,0.0,0.0,37.5,2.0
NAFTI,TUN,3,0,0,1,0.0,0.0,7.4074074074074066,0.0,0.0,100.0,0.0
NAGATOMO,JPN,7,0,2,2,0.0,0.0,22.22222222222222,0.0,25.0,75.0,1.0
NAJAR,HON,3,0,0,1,0.0,0.0,7.4074074074074066,0.0,0.0,100.0,0.0
NAKAMURA,JPN,7,1,0,2,0.1428571428571428,5.88235294117647,22.22222222222222,3.571428571428571,25.0,100.0,1.0
NAKATA,JPN,7,1,0,2,0.1428571428571428,5.88235294117647,22.22222222222222,3.571428571428571,25.0,100.0,1.0
NAKAYAMA,JPN,4,0,1,1,0.0,0.0,11.11111111111111,0.0,0.0,87.5,2.0
NAKAZAWA,JPN,7,0,0,2,0.0,0.0,22.22222222222222,0.0,25.0,100.0,1.0
NAKISA,IRN,3,0,0,1,0.0,0.0,7.4074074074074066,0.0,0.0,100.0,0.0
NAM CHOL,PRK,3,0,0,1,0.0,0.0,7.4074074074074066,0.0,0.0,100.0,0.0
NAMIL,KOR,7,0,1,2,0.0,0.0,22.22222222222222,0.0,25.0,87.5,1.0
NAMOUCHI,TUN,3,0,0,1,0.0,0.0,7.4074074074074066,0.0,0.0,100.0,0.0
NANDO,ESP,6,0,0,1,0.0,0.0,18.51851851851852,0.0,0.0,100.0,0.0
NANI,POR,3,1,0,1,0.3333333333333333,5.88235294117647,7.4074074074074066,8.333333333333332,0.0,100.0,0.0
NARAZAKI,JPN,11,0,0,3,0.0,0.0,37.03703703703704,0.0,50.0,100.0,3.0
NARIZ,BRA,5,0,0,1,0.0,0.0,14.814814814814811,0.0,0.0,100.0,0.0
NASIR KHAMEES,UAE,3,0,0,1,0.0,0.0,7.4074074074074066,0.0,0.0,100.0,0.0
NAVAS K.,CRC,5,0,2,1,0.0,0.0,14.814814814814811,0.0,0.0,75.0,2.0
NAYBET,MAR,3,0,2,1,0.0,0.0,7.4074074074074066,0.0,0.0,75.0,2.0
NAZARENKO,UKR,5,0,0,1,0.0,0.0,14.814814814814811,0.0,0.0,100.0,0.0
NDIEFI,CMR,3,0,0,1,0.0,0.0,7.4074074074074066,0.0,0.0,100.0,0.0
NDO,CMR,3,0,0,1,0.0,0.0,7.4074074074074066,0.0,0.0,100.0,0.0
NDOUR,SEN,5,0,0,1,0.0,0.0,14.814814814814811,0.0,0.0,100.0,0.0
NDY ASSEMBE,CMR,3,0,0,1,0.0,0.0,7.4074074074074066,0.0,0.0,100.0,0.0
NEDVED,CZE,3,0,0,1,0.0,0.0,7.4074074074074066,0.0,0.0,100.0,0.0
NEFZI,TUN,3,0,0,1,0.0,0.0,7.4074074074074066,0.0,0.0,100.0,0.0
NEILL,AUS,7,0,1,2,0.0,0.0,22.22222222222222,0.0,25.0,87.5,1.0
NEIRA,CHI,4,0,0,1,0.0,0.0,11.11111111111111,0.0,0.0,100.0,0.0
NELINHO,BRA,14,2,1,2,0.1428571428571428,11.76470588235294,48.14814814814815,3.571428571428571,25.0,87.5,1.0
NELSEN,NZL,3,0,2,1,0.0,0.0,7.4074074074074066,0.0,0.0,75.0,2.0
NELSON,POR,3,0,0,1,0.0,0.0,7.4074074074074066,0.0,0.0,100.0,0.0
NEMEC,SVN,3,0,0,1,0.0,0.0,7.4074074074074066,0.0,0.0,100.0,0.0
NENA,BRA,6,0,0,1,0.0,0.0,18.51851851851852,0.0,0.0,100.0,0.0
NEQROUZ,MAR,3,0,0,1,0.0,0.0,7.4074074074074066,0.0,0.0,100.0,0.0
NESMACHNYI,UKR,5,0,1,1,0.0,0.0,14.814814814814811,0.0,0.0,87.5,2.0
NESTA,ITA,11,0,0,2,0.0,0.0,37.03703703703704,0.0,25.0,100.0,1.0
NETO,POR,3,0,0,1,0.0,0.0,7.4074074074074066,0.0,0.0,100.0,0.0
NEUER,GER,14,0,0,2,0.0,0.0,48.14814814814815,0.0,25.0,100.0,1.0
NEUVILLE,GER,14,2,1,2,0.1428571428571428,11.76470588235294,48.14814814814815,3.571428571428571,25.0,87.5,1.0
NEYMAR JR,BRA,7,3,1,1,0.4285714285714285,17.647058823529413,22.22222222222222,10.714285714285714,0.0,87.5,2.0
NGCONGCA,RSA,3,0,0,1,0.0,0.0,7.4074074074074066,0.0,0.0,100.0,0.0
NGOM KOME,CMR,3,0,0,1,0.0,0.0,7.4074074074074066,0.0,0.0,100.0,0.0
NGUEMO,CMR,6,0,0,2,0.0,0.0,18.51851851851852,0.0,25.0,100.0,1.0
NIBOMBE,TOG,3,0,0,1,0.0,0.0,7.4074074074074066,0.0,0.0,100.0,0.0
NIELSEN,DEN,4,0,0,1,0.0,0.0,11.11111111111111,0.0,0.0,100.0,0.0
NIGINHO,BRA,5,0,0,1,0.0,0.0,14.814814814814811,0.0,0.0,100.0,0.0
NIGMATULLIN,RUS,3,0,0,1,0.0,0.0,7.4074074074074066,0.0,0.0,100.0,0.0
NIHAT,TUR,7,0,0,1,0.0,0.0,22.22222222222222,0.0,0.0,100.0,0.0
NIKIFOROV,RUS,3,0,0,1,0.0,0.0,7.4074074074074066,0.0,0.0,100.0,0.0
NILIS,BEL,4,0,0,1,0.0,0.0,11.11111111111111,0.0,0.0,100.0,0.0
NILMAR,BRA,5,0,0,1,0.0,0.0,14.814814814814811,0.0,0.0,100.0,0.0
NILO,BRA,2,0,0,1,0.0,0.0,3.7037037037037033,0.0,0.0,100.0,
NILSSON,SWE,4,0,0,1,0.0,0.0,11.11111111111111,0.0,0.0,100.0,0.0
NILTON SANTOS,BRA,21,1,1,4,0.0476190476190476,5.88235294117647,74.07407407407408,1.1904761904761905,75.0,87.5,3.0
NINIS,GRE,3,0,0,1,0.0,0.0,7.4074074074074066,0.0,0.0,100.0,0.0
NINKOVI?,SRB,3,0,1,1,0.0,0.0,7.4074074074074066,0.0,0.0,87.5,2.0
NISHIKAWA,JPN,3,0,0,1,0.0,0.0,7.4074074074074066,0.0,0.0,100.0,0.0
NISHIZAWA,JPN,4,0,0,1,0.0,0.0,11.11111111111111,0.0,0.0,100.0,0.0
NJANKA,CMR,6,1,1,2,0.1666666666666666,5.88235294117647,18.51851851851852,4.166666666666666,25.0,87.5,1.0
NJITAP,CMR,3,0,0,1,0.0,0.0,7.4074074074074066,0.0,0.0,100.0,0.0
NKOULOU,CMR,6,0,2,2,0.0,0.0,18.51851851851852,0.0,25.0,75.0,1.0
NKUFO,SUI,3,0,1,1,0.0,0.0,7.4074074074074066,0.0,0.0,87.5,2.0
NOBOA,ECU,3,0,0,1,0.0,0.0,7.4074074074074066,0.0,0.0,100.0,0.0
NOH J. Y.,KOR,3,0,0,1,0.0,0.0,7.4074074074074066,0.0,0.0,100.0,0.0
NOH Soo Jin,KOR,6,0,0,2,0.0,0.0,18.51851851851852,0.0,25.0,100.0,1.0
NOMVETHE,RSA,6,1,1,2,0.1666666666666666,5.88235294117647,18.51851851851852,4.166666666666666,25.0,87.5,1.0
NOOR,KSA,6,0,1,2,0.0,0.0,18.51851851851852,0.0,25.0,87.5,1.0
NORONHA,BRA,6,0,0,1,0.0,0.0,18.51851851851852,0.0,0.0,100.0,0.0
NOUNKEU,CMR,3,0,1,1,0.0,0.0,7.4074074074074066,0.0,0.0,87.5,2.0
NOVAK,SVN,3,0,0,1,0.0,0.0,7.4074074074074066,0.0,0.0,100.0,0.0
NOVAKOVI?,SVN,3,0,0,1,0.0,0.0,7.4074074074074066,0.0,0.0,100.0,0.0
NOWOTNY,GER,7,0,0,1,0.0,0.0,22.22222222222222,0.0,0.0,100.0,0.0
NUEZ,HON,3,0,0,1,0.0,0.0,7.4074074074074066,0.0,0.0,100.0,0.0
NUEZ,HON,3,0,0,1,0.0,0.0,7.4074074074074066,0.0,0.0,100.0,2.0
NUEZ,PAR,3,0,1,1,0.0,0.0,7.4074074074074066,0.0,0.0,87.5,0.0
NUEZ,PAR,3,0,1,1,0.0,0.0,7.4074074074074066,0.0,0.0,87.5,2.0
NUEZ V.,CRC,3,0,0,1,0.0,0.0,7.4074074074074066,0.0,0.0,100.0,0.0
NUMAN,NED,5,0,0,1,0.0,0.0,14.814814814814811,0.0,0.0,100.0,0.0
NUNO GOMES,POR,10,1,1,2,0.1,5.88235294117647,33.33333333333333,2.5,25.0,87.5,1.0
NWOFOR,NGA,4,0,0,1,0.0,0.0,11.11111111111111,0.0,0.0,100.0,0.0
NYOM,CMR,3,0,0,1,0.0,0.0,7.4074074074074066,0.0,0.0,100.0,0.0
NZAMA,RSA,3,0,1,1,0.0,0.0,7.4074074074074066,0.0,0.0,87.5,2.0
Nacer ABDELLAH,MAR,3,0,0,1,0.0,0.0,7.4074074074074066,0.0,0.0,100.0,0.0
Naim FAJAH,KUW,3,0,1,1,0.0,0.0,7.4074074074074066,0.0,0.0,87.5,2.0
Nandor HIDEGKUTI,HUN,9,4,0,2,0.4444444444444444,23.52941176470588,29.629629629629623,11.11111111111111,25.0,100.0,1.0
Naoki SOMA,JPN,3,0,0,1,0.0,0.0,7.4074074074074066,0.0,0.0,100.0,0.0
Narciso LOPEZ,MEX,2,0,0,1,0.0,0.0,3.7037037037037033,0.0,0.0,100.0,
Nasko SIRAKOV,BUL,11,2,1,2,0.1818181818181818,11.76470588235294,37.03703703703704,4.545454545454546,25.0,87.5,1.0
Nasrollah ABDOLLAHI,IRN,3,0,0,1,0.0,0.0,7.4074074074074066,0.0,0.0,100.0,0.0
Nasser AL GHANEM,KUW,3,0,0,1,0.0,0.0,7.4074074074074066,0.0,0.0,100.0,0.0
Nasser DRID,ALG,3,0,0,1,0.0,0.0,7.4074074074074066,0.0,0.0,100.0,0.0
Nasser HEJAZI,IRN,3,0,0,1,0.0,0.0,7.4074074074074066,0.0,0.0,100.0,0.0
Nasser NURAY,IRN,3,0,0,1,0.0,0.0,7.4074074074074066,0.0,0.0,100.0,0.0
Nat LOFTHOUSE,ENG,3,3,0,1,1.0,17.647058823529413,7.4074074074074066,25.0,0.0,100.0,0.0
Natalio PERINETTI,ARG,5,0,0,1,0.0,0.0,14.814814814814811,0.0,0.0,100.0,0.0
Ndaye MULAMBA,ZAI,3,0,1,1,0.0,0.0,7.4074074074074066,0.0,0.0,87.5,2.0
Necula RADUCANU,ROU,3,0,0,1,0.0,0.0,7.4074074074074066,0.0,0.0,100.0,0.0
Nedim GUNAR,TUR,3,0,0,1,0.0,0.0,7.4074074074074066,0.0,0.0,100.0,0.0
Neil COVONE,USA,3,0,0,1,0.0,0.0,7.4074074074074066,0.0,0.0,100.0,0.0
Neil MOCHAN,SCO,2,0,0,1,0.0,0.0,3.7037037037037033,0.0,0.0,100.0,
Neil SULLIVAN,SCO,3,0,0,1,0.0,0.0,7.4074074074074066,0.0,0.0,100.0,0.0
Neil WEBB,ENG,7,0,0,1,0.0,0.0,22.22222222222222,0.0,0.0,100.0,0.0
Nejib GHOMMIDH,TUN,3,1,0,1,0.3333333333333333,5.88235294117647,7.4074074074074066,8.333333333333332,0.0,100.0,0.0
Nejib LIMAN,TUN,3,0,0,1,0.0,0.0,7.4074074074074066,0.0,0.0,100.0,0.0
Nelson DIAZ,URU,4,0,0,1,0.0,0.0,11.11111111111111,0.0,0.0,100.0,0.0
Nelson GUTIERREZ,URU,8,0,1,2,0.0,0.0,25.925925925925924,0.0,25.0,87.5,1.0
Nelson LOPEZ,ARG,4,0,0,1,0.0,0.0,11.11111111111111,0.0,0.0,100.0,0.0
Nelson PARRAGUEZ,CHI,4,0,2,1,0.0,0.0,11.11111111111111,0.0,0.0,75.0,2.0
Nelson TAPIA,CHI,4,0,1,1,0.0,0.0,11.11111111111111,0.0,0.0,87.5,2.0
Nelson VIVAS,ARG,5,0,1,1,0.0,0.0,14.814814814814811,0.0,0.0,87.5,2.0
Nenad STOJKOVIC,YUG,3,0,1,1,0.0,0.0,7.4074074074074066,0.0,0.0,87.5,2.0
Nery PUMPIDO,ARG,19,0,2,3,0.0,0.0,66.66666666666666,0.0,50.0,75.0,3.0
Nestor CARBALLO,URU,5,0,0,1,0.0,0.0,14.814814814814811,0.0,0.0,100.0,0.0
Nestor CLAUSEN,ARG,7,0,0,1,0.0,0.0,22.22222222222222,0.0,0.0,100.0,0.0
Nestor COMBIN,FRA,3,0,0,1,0.0,0.0,7.4074074074074066,0.0,0.0,100.0,0.0
Nestor FABBRI,ARG,7,0,0,1,0.0,0.0,22.22222222222222,0.0,0.0,100.0,0.0
Nestor GONCALVES,URU,7,0,0,2,0.0,0.0,22.22222222222222,0.0,25.0,100.0,1.0
Nestor LORENZO,ARG,7,0,0,1,0.0,0.0,22.22222222222222,0.0,0.0,100.0,0.0
Nestor ORTIZ,COL,3,0,0,1,0.0,0.0,7.4074074074074066,0.0,0.0,100.0,0.0
Nestor ROSSI,ARG,3,0,0,1,0.0,0.0,7.4074074074074066,0.0,0.0,100.0,0.0
Nestor SUBIAT,SUI,4,0,2,1,0.0,0.0,11.11111111111111,0.0,0.0,75.0,2.0
Nestor TOGNERI,ARG,6,0,0,1,0.0,0.0,18.51851851851852,0.0,0.0,100.0,0.0
Niall QUINN,IRL,5,1,0,1,0.2,5.88235294117647,14.814814814814811,5.0,0.0,100.0,0.0
Nica PANDURU,ROU,5,0,1,1,0.0,0.0,14.814814814814811,0.0,0.0,87.5,2.0
Nick DI ORIO,USA,3,0,0,1,0.0,0.0,7.4074074074074066,0.0,0.0,100.0,0.0
Niclas NYHLEN,SWE,3,0,0,1,0.0,0.0,7.4074074074074066,0.0,0.0,100.0,0.0
Nico CLAESEN,BEL,11,2,1,2,0.1818181818181818,11.76470588235294,37.03703703703704,4.545454545454546,25.0,87.5,1.0
Nico VAN KERCKHOVEN,BEL,3,0,0,1,0.0,0.0,7.4074074074074066,0.0,0.0,100.0,0.0
Nicola BERTI,ITA,14,0,2,2,0.0,0.0,48.14814814814815,0.0,25.0,75.0,3.0
Nicolae DOBRIN,ROU,3,0,0,1,0.0,0.0,7.4074074074074066,0.0,0.0,100.0,0.0
Nicolae KOVACS,ROU,5,1,0,3,0.2,5.88235294117647,14.814814814814811,5.0,50.0,100.0,1.0
Nicolae LUPESCU,ROU,3,0,0,1,0.0,0.0,7.4074074074074066,0.0,0.0,100.0,0.0
Nicolai KISELYOV,URS,4,0,0,1,0.0,0.0,11.11111111111111,0.0,0.0,100.0,0.0
Nicolas DEWALQUE,BEL,3,0,0,1,0.0,0.0,7.4074074074074066,0.0,0.0,100.0,0.0
Nicolas FUENTES,PER,4,0,0,1,0.0,0.0,11.11111111111111,0.0,0.0,100.0,0.0
Niculae PESCARU,ROU,3,0,0,1,0.0,0.0,7.4074074074074066,0.0,0.0,100.0,0.0
Niek MICHEL,NED,1,0,0,1,0.0,0.0,0.0,0.0,0.0,100.0,
Nigel MARTYN,ENG,4,0,0,1,0.0,0.0,11.11111111111111,0.0,0.0,100.0,0.0
Nigel WORTHINGTON,NIR,3,0,1,1,0.0,0.0,7.4074074074074066,0.0,0.0,87.5,2.0
Nikita SIMONYAN,URS,5,1,0,1,0.2,5.88235294117647,14.814814814814811,5.0,0.0,100.0,0.0
Nikola JOVANOVIC,YUG,3,0,0,1,0.0,0.0,7.4074074074074066,0.0,0.0,100.0,0.0
Nikola KOTKOV,BUL,3,0,0,1,0.0,0.0,7.4074074074074066,0.0,0.0,100.0,0.0
Nikola KOVACHEV,BUL,3,0,0,1,0.0,0.0,7.4074074074074066,0.0,0.0,100.0,0.0
Nikola PARCHANOV,BUL,3,0,0,1,0.0,0.0,7.4074074074074066,0.0,0.0,100.0,0.0
Nikola RADOVIC,YUG,4,0,0,1,0.0,0.0,11.11111111111111,0.0,0.0,100.0,0.0
Nikola STIPIC,YUG,6,0,0,1,0.0,0.0,18.51851851851852,0.0,0.0,100.0,0.0
Nikolaas HOYDONCKX,BEL,2,0,0,1,0.0,0.0,3.7037037037037033,0.0,0.0,100.0,
Nikolai ARABOV,BUL,4,0,1,1,0.0,0.0,11.11111111111111,0.0,0.0,87.5,2.0
Nikolai ILIEV,BUL,7,0,0,1,0.0,0.0,22.22222222222222,0.0,0.0,100.0,0.0
Nikolai LARIONOV,URS,4,0,0,1,0.0,0.0,11.11111111111111,0.0,0.0,100.0,0.0
Nikolai MANOSHIN,URS,4,0,0,1,0.0,0.0,11.11111111111111,0.0,0.0,100.0,0.0
Nikos MACHLAS,GRE,3,0,0,1,0.0,0.0,7.4074074074074066,0.0,0.0,100.0,0.0
Nikos NIOPLIAS,GRE,3,0,0,1,0.0,0.0,7.4074074074074066,0.0,0.0,100.0,0.0
Nikos TSIANTAKIS,GRE,3,0,0,1,0.0,0.0,7.4074074074074066,0.0,0.0,100.0,0.0
Nils AXELSSON,SWE,2,0,0,1,0.0,0.0,3.7037037037037033,0.0,0.0,100.0,
Nils ERIKSEN,NOR,1,0,0,1,0.0,0.0,0.0,0.0,0.0,100.0,
Nils LIEDHOLM,SWE,6,1,0,1,0.1666666666666666,5.88235294117647,18.51851851851852,4.166666666666666,0.0,100.0,0.0
Nils ROSEN,SWE,2,0,0,1,0.0,0.0,3.7037037037037033,0.0,0.0,100.0,
Nisa SAVELJIC,YUG,4,0,0,1,0.0,0.0,11.11111111111111,0.0,0.0,100.0,0.0
Nobby STILES,ENG,10,0,1,2,0.0,0.0,33.33333333333333,0.0,25.0,87.5,1.0
Nobuyuki KOJIMA,JPN,3,0,0,1,0.0,0.0,7.4074074074074066,0.0,0.0,100.0,0.0
Noel BROTHERSTON,NIR,5,0,0,1,0.0,0.0,14.814814814814811,0.0,0.0,100.0,0.0
Noel LIETAER,FRA,1,0,0,1,0.0,0.0,0.0,0.0,0.0,100.0,
Norbert EDER,FRG,7,0,1,1,0.0,0.0,22.22222222222222,0.0,0.0,87.5,2.0
Norbert ESCHMANN,SUI,7,0,0,2,0.0,0.0,22.22222222222222,0.0,25.0,100.0,1.0
Norbert NIGBUR,FRG,7,0,0,1,0.0,0.0,22.22222222222222,0.0,0.0,100.0,0.0
Norberto ALONSO,ARG,7,0,0,1,0.0,0.0,22.22222222222222,0.0,0.0,100.0,0.0
Norberto BOGGIO,ARG,3,0,0,1,0.0,0.0,7.4074074074074066,0.0,0.0,100.0,0.0
Norberto MENENDEZ,ARG,3,1,0,1,0.3333333333333333,5.88235294117647,7.4074074074074066,8.333333333333332,0.0,100.0,0.0
Norberto SCOPONI,ARG,4,0,0,1,0.0,0.0,11.11111111111111,0.0,0.0,100.0,0.0
Nordine KOURICHI,ALG,6,0,0,2,0.0,0.0,18.51851851851852,0.0,25.0,100.0,1.0
Norio OMURA,JPN,3,0,0,1,0.0,0.0,7.4074074074074066,0.0,0.0,100.0,0.0
Norman HUNTER,ENG,10,0,0,2,0.0,0.0,33.33333333333333,0.0,25.0,100.0,1.0
Norman UPRICHARD,NIR,5,0,0,1,0.0,0.0,14.814814814814811,0.0,0.0,100.0,0.0
Norman WHITESIDE,NIR,8,1,2,2,0.125,5.88235294117647,25.925925925925924,3.125,25.0,75.0,1.0
Nouma ANDOIRE,FRA,3,0,0,1,0.0,0.0,7.4074074074074066,0.0,0.0,100.0,0.0
Noureddine BOUYAHYAOUI,MAR,4,0,0,1,0.0,0.0,11.11111111111111,0.0,0.0,100.0,0.0
Noureddine NAYBET,MAR,3,0,0,1,0.0,0.0,7.4074074074074066,0.0,0.0,100.0,0.0
Novak TOMIC,YUG,4,0,0,1,0.0,0.0,11.11111111111111,0.0,0.0,100.0,0.0
Ntumba KALALA,ZAI,3,0,0,1,0.0,0.0,7.4074074074074066,0.0,0.0,100.0,0.0
O ADDO,GHA,4,0,1,1,0.0,0.0,11.11111111111111,0.0,0.0,87.5,2.0
O BRIEN,IRL,4,0,0,1,0.0,0.0,11.11111111111111,0.0,0.0,100.0,0.0
O BRIEN,IRL,4,0,0,1,0.0,0.0,11.11111111111111,0.0,0.0,100.0,0.0
O BRIEN,USA,5,1,0,1,0.2,5.88235294117647,14.814814814814811,5.0,0.0,100.0,0.0
O BRIEN,USA,5,1,0,1,0.2,5.88235294117647,14.814814814814811,5.0,0.0,100.0,0.0
O PEREZ,MEX,4,0,0,1,0.0,0.0,11.11111111111111,0.0,0.0,100.0,0.0
O'BRIEN,USA,3,0,0,1,0.0,0.0,7.4074074074074066,0.0,0.0,100.0,0.0
O. AL-DOSARY,KSA,3,0,0,1,0.0,0.0,7.4074074074074066,0.0,0.0,100.0,0.0
O. BRAVO,MEX,4,2,0,1,0.5,11.76470588235294,11.11111111111111,12.5,0.0,100.0,0.0
O. CHAVEZ,HON,3,0,0,1,0.0,0.0,7.4074074074074066,0.0,0.0,100.0,0.0
O. PERALTA,MEX,4,1,0,1,0.25,5.88235294117647,11.11111111111111,6.25,0.0,100.0,0.0
O. PEREZ,MEX,4,0,1,1,0.0,0.0,11.11111111111111,0.0,0.0,87.5,2.0
O. SANCHEZ,MEX,8,0,0,2,0.0,0.0,25.925925925925924,0.0,25.0,100.0,1.0
OAR,AUS,3,0,0,1,0.0,0.0,7.4074074074074066,0.0,0.0,100.0,0.0
OBAID,KSA,3,0,0,1,0.0,0.0,7.4074074074074066,0.0,0.0,100.0,0.0
OBASI,NGA,3,0,2,1,0.0,0.0,7.4074074074074066,0.0,0.0,75.0,2.0
OBID ANNAD,IRQ,3,0,0,1,0.0,0.0,7.4074074074074066,0.0,0.0,100.0,0.0
OBILALE K.,TOG,3,0,0,1,0.0,0.0,7.4074074074074066,0.0,0.0,100.0,0.0
OBINNA,NGA,3,0,0,1,0.0,0.0,7.4074074074074066,0.0,0.0,100.0,0.0
OBIORAH,NGA,3,0,0,1,0.0,0.0,7.4074074074074066,0.0,0.0,100.0,0.0
OBOABONA,NGA,4,0,0,1,0.0,0.0,11.11111111111111,0.0,0.0,100.0,0.0
OBRADOVI?,SRB,3,0,0,1,0.0,0.0,7.4074074074074066,0.0,0.0,100.0,0.0
OBREGON,ECU,3,0,0,1,0.0,0.0,7.4074074074074066,0.0,0.0,100.0,0.0
OCTACILIO,BRA,1,0,0,1,0.0,0.0,0.0,0.0,0.0,100.0,
ODDO,ITA,7,0,0,1,0.0,0.0,22.22222222222222,0.0,0.0,100.0,0.0
ODEMWINGIE,NGA,7,1,0,2,0.1428571428571428,5.88235294117647,22.22222222222222,3.571428571428571,25.0,100.0,1.0
ODIAH,NGA,3,0,0,1,0.0,0.0,7.4074074074074066,0.0,0.0,100.0,0.0
ODONKOR,GER,7,0,2,1,0.0,0.0,22.22222222222222,0.0,0.0,75.0,2.0
ODUNLAMI,NGA,4,0,0,1,0.0,0.0,11.11111111111111,0.0,0.0,100.0,0.0
OGASAWARA,JPN,7,0,0,2,0.0,0.0,22.22222222222222,0.0,25.0,100.0,1.0
OGBECHE,NGA,3,0,0,1,0.0,0.0,7.4074074074074066,0.0,0.0,100.0,0.0
OGURO,JPN,3,0,0,1,0.0,0.0,7.4074074074074066,0.0,0.0,100.0,0.0
OH Yoon Kyung,PRK,4,0,0,1,0.0,0.0,11.11111111111111,0.0,0.0,100.0,0.0
OH Yun Kyo,KOR,3,0,0,1,0.0,0.0,7.4074074074074066,0.0,0.0,100.0,0.0
OKAN,TUR,7,0,0,1,0.0,0.0,22.22222222222222,0.0,0.0,100.0,0.0
OKAZAKI,JPN,7,2,0,2,0.2857142857142857,11.76470588235294,22.22222222222222,7.142857142857142,25.0,100.0,1.0
OKOCHA,NGA,7,0,0,2,0.0,0.0,22.22222222222222,0.0,25.0,100.0,1.0
OKORONKWO,NGA,3,0,0,1,0.0,0.0,7.4074074074074066,0.0,0.0,100.0,0.0
OKPARA G.,NGA,4,0,0,1,0.0,0.0,11.11111111111111,0.0,0.0,100.0,0.0
OKPARA W.,NGA,4,0,0,1,0.0,0.0,11.11111111111111,0.0,0.0,100.0,0.0
OKUBO,JPN,7,0,0,2,0.0,0.0,22.22222222222222,0.0,25.0,100.0,1.0
OLEMB,CMR,3,0,0,1,0.0,0.0,7.4074074074074066,0.0,0.0,100.0,0.0
OLEMBE,CMR,3,0,1,1,0.0,0.0,7.4074074074074066,0.0,0.0,87.5,2.0
OLI?,CRO,3,1,0,1,0.3333333333333333,5.88235294117647,7.4074074074074066,8.333333333333332,0.0,100.0,0.0
OLIC,CRO,6,1,0,2,0.1666666666666666,5.88235294117647,18.51851851851852,4.166666666666666,25.0,100.0,1.0
OLINGA,CMR,3,0,0,1,0.0,0.0,7.4074074074074066,0.0,0.0,100.0,0.0
OLISADEBE,POL,3,1,1,1,0.3333333333333333,5.88235294117647,7.4074074074074066,8.333333333333332,0.0,87.5,2.0
OLISEH,NGA,4,0,2,1,0.0,0.0,11.11111111111111,0.0,0.0,75.0,2.0
OLIVEIRA,BEL,3,0,0,1,0.0,0.0,7.4074074074074066,0.0,0.0,100.0,0.0
OLIVEIRA,BEL,3,0,0,1,0.0,0.0,7.4074074074074066,0.0,0.0,100.0,0.0
OLIVEIRA,POR,3,0,0,1,0.0,0.0,7.4074074074074066,0.0,0.0,100.0,0.0
OLIVEIRA,POR,3,0,0,1,0.0,0.0,7.4074074074074066,0.0,0.0,100.0,0.0
OLSEN,USA,3,0,0,1,0.0,0.0,7.4074074074074066,0.0,0.0,100.0,0.0
OLUFADE,TOG,3,0,0,1,0.0,0.0,7.4074074074074066,0.0,0.0,100.0,0.0
OMAM BIYIK,CMR,3,1,0,1,0.3333333333333333,5.88235294117647,7.4074074074074066,8.333333333333332,0.0,100.0,0.0
OMAR,KSA,5,0,1,2,0.0,0.0,14.814814814814811,0.0,25.0,87.5,1.0
OMER,TUR,7,0,0,1,0.0,0.0,22.22222222222222,0.0,0.0,100.0,0.0
OMERUO,NGA,4,0,1,1,0.0,0.0,11.11111111111111,0.0,0.0,87.5,2.0
ONAZI,NGA,4,0,0,1,0.0,0.0,11.11111111111111,0.0,0.0,100.0,0.0
ONO,JPN,7,0,0,2,0.0,0.0,22.22222222222222,0.0,25.0,100.0,1.0
ONOPKO,RUS,3,0,0,1,0.0,0.0,7.4074074074074066,0.0,0.0,100.0,0.0
ONYEWU,USA,7,0,1,2,0.0,0.0,22.22222222222222,0.0,25.0,87.5,1.0
OOIJER,NED,11,0,2,2,0.0,0.0,37.03703703703704,0.0,25.0,75.0,1.0
OPABUNMI,NGA,3,0,0,1,0.0,0.0,7.4074074074074066,0.0,0.0,100.0,0.0
ORECO,BRA,6,0,0,1,0.0,0.0,18.51851851851852,0.0,0.0,100.0,0.0
ORELLANA,CHI,8,0,0,2,0.0,0.0,25.925925925925924,0.0,25.0,100.0,1.0
ORIGI,BEL,5,1,0,1,0.2,5.88235294117647,14.814814814814811,5.0,0.0,100.0,0.0
ORION,ARG,7,0,0,1,0.0,0.0,22.22222222222222,0.0,0.0,100.0,0.0
ORLANDO,BRA,9,0,0,2,0.0,0.0,29.629629629629623,0.0,25.0,100.0,1.0
ORTEGA,ARG,7,0,0,2,0.0,0.0,22.22222222222222,0.0,25.0,100.0,1.0
ORTIGOZA,PAR,5,0,0,1,0.0,0.0,14.814814814814811,0.0,0.0,100.0,0.0
OSAKO,JPN,3,0,0,1,0.0,0.0,7.4074074074074066,0.0,0.0,100.0,0.0
OSCAR,BRA,24,4,3,4,0.1666666666666666,23.52941176470588,85.18518518518519,4.166666666666666,75.0,62.5,3.0
OSCARINO,BRA,2,0,0,1,0.0,0.0,3.7037037037037033,0.0,0.0,100.0,
OSHANIWA,NGA,4,0,1,1,0.0,0.0,11.11111111111111,0.0,0.0,87.5,2.0
OSPINA,COL,5,0,0,1,0.0,0.0,14.814814814814811,0.0,0.0,100.0,0.0
OSTERC,SVN,3,0,0,1,0.0,0.0,7.4074074074074066,0.0,0.0,100.0,0.0
OTAMENDI,ARG,5,0,1,1,0.0,0.0,14.814814814814811,0.0,0.0,87.5,2.0
OVERMARS,NED,5,0,0,1,0.0,0.0,14.814814814814811,0.0,0.0,100.0,0.0
OWEN,ENG,10,2,0,2,0.2,11.76470588235294,33.33333333333333,5.0,25.0,100.0,1.0
OWU,GHA,4,0,0,1,0.0,0.0,11.11111111111111,0.0,0.0,100.0,0.0
OWUSU ABEYIE,GHA,5,0,0,1,0.0,0.0,14.814814814814811,0.0,0.0,100.0,0.0
Obdulio VARELA,URU,9,2,0,2,0.2222222222222222,11.76470588235294,29.629629629629623,5.555555555555555,25.0,100.0,1.0
Odd FRANTZEN,NOR,1,0,0,1,0.0,0.0,0.0,0.0,0.0,100.0,
Oddmund ANDERSEN,NOR,1,0,0,1,0.0,0.0,0.0,0.0,0.0,100.0,
Odilon POLLEUNIS,BEL,3,0,0,1,0.0,0.0,7.4074074074074066,0.0,0.0,100.0,0.0
Ognjen PETROVIC,YUG,6,0,0,1,0.0,0.0,18.51851851851852,0.0,0.0,100.0,0.0
Ohman CHEHAIBI,TUN,3,0,0,1,0.0,0.0,7.4074074074074066,0.0,0.0,100.0,0.0
Oivind HOLMSEN,NOR,1,0,0,1,0.0,0.0,0.0,0.0,0.0,100.0,
Ola By RISE,NOR,3,0,0,1,0.0,0.0,7.4074074074074066,0.0,0.0,100.0,0.0
Olaf HEREDIA,MEX,5,0,0,1,0.0,0.0,14.814814814814811,0.0,0.0,100.0,0.0
Olaf MARSCHALL,GER,5,0,0,1,0.0,0.0,14.814814814814811,0.0,0.0,100.0,0.0
Olaf THON,FRG,14,0,0,2,0.0,0.0,48.14814814814815,0.0,25.0,100.0,1.0
Olaf THON,FRG,14,0,0,2,0.0,0.0,48.14814814814815,0.0,25.0,100.0,0.0
Olaf THON,GER,5,0,0,1,0.0,0.0,14.814814814814811,0.0,0.0,100.0,1.0
Olaf THON,GER,5,0,0,1,0.0,0.0,14.814814814814811,0.0,0.0,100.0,0.0
Oldrich NEJEDLY,TCH,7,6,0,2,0.8571428571428571,35.294117647058826,22.22222222222222,21.428571428571427,25.0,100.0,1.0
Oldrich RULC,TCH,3,0,0,1,0.0,0.0,7.4074074074074066,0.0,0.0,100.0,0.0
Ole QVIST,DEN,4,0,0,1,0.0,0.0,11.11111111111111,0.0,0.0,100.0,0.0
Oleg BLOKHIN,URS,9,2,0,2,0.2222222222222222,11.76470588235294,29.629629629629623,5.555555555555555,25.0,100.0,1.0
Oleg KUZNETSOV,URS,7,0,0,2,0.0,0.0,22.22222222222222,0.0,25.0,100.0,1.0
Oleg PROTASOV,URS,7,1,1,2,0.1428571428571428,5.88235294117647,22.22222222222222,3.571428571428571,25.0,87.5,1.0
Oleg ROMANTSEV,URS,5,0,0,1,0.0,0.0,14.814814814814811,0.0,0.0,100.0,0.0
Oleg SALENKO,RUS,3,4,0,1,1.3333333333333333,23.52941176470588,7.4074074074074066,33.33333333333333,0.0,100.0,0.0
Oliver BIERHOFF,GER,5,3,0,1,0.6,17.647058823529413,14.814814814814811,15.0,0.0,100.0,0.0
Oliver EGGIMANN,SUI,7,0,0,2,0.0,0.0,22.22222222222222,0.0,25.0,100.0,1.0
Oliver KAHN,GER,10,0,0,2,0.0,0.0,33.33333333333333,0.0,25.0,100.0,1.0
Olivier ROUYER,FRA,3,0,0,1,0.0,0.0,7.4074074074074066,0.0,0.0,100.0,0.0
Olle AHLUND,SWE,5,0,0,1,0.0,0.0,14.814814814814811,0.0,0.0,100.0,0.0
Olle HAKANSSON,SWE,6,0,0,1,0.0,0.0,18.51851851851852,0.0,0.0,100.0,0.0
Olle KALLGREN,SWE,3,0,0,1,0.0,0.0,7.4074074074074066,0.0,0.0,100.0,0.0
Olle NORDIN,SWE,3,0,0,1,0.0,0.0,7.4074074074074066,0.0,0.0,100.0,0.0
Omar AL GHAMDI,KSA,1,0,0,1,0.0,0.0,0.0,0.0,0.0,100.0,
Omar CAETANO,URU,10,0,0,2,0.0,0.0,33.33333333333333,0.0,25.0,100.0,1.0
Omar JEBALI,TUN,3,0,0,1,0.0,0.0,7.4074074074074066,0.0,0.0,100.0,0.0
Omar LARROSA,ARG,7,0,1,1,0.0,0.0,22.22222222222222,0.0,0.0,87.5,2.0
Omar MENDEZ,URU,5,0,0,1,0.0,0.0,14.814814814814811,0.0,0.0,100.0,0.0
Omar SIVORI,ITA,3,0,0,1,0.0,0.0,7.4074074074074066,0.0,0.0,100.0,0.0
Omar TETRADZE,RUS,3,0,0,1,0.0,0.0,7.4074074074074066,0.0,0.0,100.0,0.0
Omero TOGNON,ITA,5,0,0,2,0.0,0.0,14.814814814814811,0.0,25.0,100.0,1.0
Onandi LOWE,JAM,3,0,0,1,0.0,0.0,7.4074074074074066,0.0,0.0,100.0,0.0
Onarici NECMI,TUR,3,0,0,1,0.0,0.0,7.4074074074074066,0.0,0.0,100.0,0.0
Oreste Omar CORBATTA,ARG,3,1,0,1,0.3333333333333333,5.88235294117647,7.4074074074074066,8.333333333333332,0.0,100.0,0.0
Orjan PERSSON,SWE,9,0,2,2,0.0,0.0,29.629629629629623,0.0,25.0,75.0,1.0
Orlando DE LA TORRE,PER,4,0,0,1,0.0,0.0,11.11111111111111,0.0,0.0,100.0,0.0
Orlando RAMIREZ,CHI,3,0,0,1,0.0,0.0,7.4074074074074066,0.0,0.0,100.0,0.0
Orvar BERGMARK,SWE,6,0,0,1,0.0,0.0,18.51851851851852,0.0,0.0,100.0,0.0
Osama ORABY,EGY,3,0,0,1,0.0,0.0,7.4074074074074066,0.0,0.0,100.0,0.0
Oscar AGUILERA,PAR,3,0,0,1,0.0,0.0,7.4074074074074066,0.0,0.0,100.0,0.0
Oscar ARIZAGA,PER,3,0,0,1,0.0,0.0,7.4074074074074066,0.0,0.0,100.0,0.0
Oscar BONFIGLIO,MEX,3,0,0,1,0.0,0.0,7.4074074074074066,0.0,0.0,100.0,0.0
Oscar CALICS,ARG,4,0,0,1,0.0,0.0,11.11111111111111,0.0,0.0,100.0,0.0
Oscar CORTES,COL,3,0,0,1,0.0,0.0,7.4074074074074066,0.0,0.0,100.0,0.0
Oscar GARRE,ARG,7,0,2,1,0.0,0.0,22.22222222222222,0.0,0.0,75.0,2.0
Oscar HEISSERER,FRA,2,1,0,1,0.5,5.88235294117647,3.7037037037037033,12.5,0.0,100.0,
Oscar LOPEZ,COL,3,0,0,1,0.0,0.0,7.4074074074074066,0.0,0.0,100.0,0.0
Oscar MAS,ARG,4,0,0,1,0.0,0.0,11.11111111111111,0.0,0.0,100.0,0.0
Oscar MIGUEZ,URU,9,8,0,2,0.8888888888888888,47.05882352941176,29.629629629629623,22.22222222222222,25.0,100.0,1.0
Oscar ORTIZ,ARG,7,0,0,1,0.0,0.0,22.22222222222222,0.0,0.0,100.0,0.0
Oscar PEREZ,MEX,4,0,0,1,0.0,0.0,11.11111111111111,0.0,0.0,100.0,0.0
Oscar RAMIREZ,CRC,4,0,0,1,0.0,0.0,11.11111111111111,0.0,0.0,100.0,0.0
Oscar ROJAS,CHI,3,0,0,1,0.0,0.0,7.4074074074074066,0.0,0.0,100.0,0.0
Oscar ROSSI,ARG,3,0,0,1,0.0,0.0,7.4074074074074066,0.0,0.0,100.0,0.0
Oscar RUGGERI,ARG,18,1,3,3,0.0555555555555555,5.88235294117647,62.96296296296296,1.3888888888888888,50.0,62.5,3.0
Oscar SANCHEZ,BOL,3,0,0,1,0.0,0.0,7.4074074074074066,0.0,0.0,100.0,0.0
Oscar WIRTH,CHI,3,0,0,1,0.0,0.0,7.4074074074074066,0.0,0.0,100.0,0.0
Oscar ZUBIA,URU,6,0,0,1,0.0,0.0,18.51851851851852,0.0,0.0,100.0,0.0
Oskar RAUCH,SUI,3,0,0,1,0.0,0.0,7.4074074074074066,0.0,0.0,100.0,0.0
Osvaldo ARDILES,ARG,12,1,2,2,0.0833333333333333,5.88235294117647,40.74074074074074,2.083333333333333,25.0,75.0,1.0
Osvaldo CASTRO,CHI,3,0,0,1,0.0,0.0,7.4074074074074066,0.0,0.0,100.0,0.0
Osvaldo CRUZ,ARG,3,0,0,1,0.0,0.0,7.4074074074074066,0.0,0.0,100.0,0.0
Osvaldo FATTORI,ITA,2,0,0,1,0.0,0.0,3.7037037037037033,0.0,0.0,100.0,
Osvaldo RAMIREZ,PER,4,0,0,1,0.0,0.0,11.11111111111111,0.0,0.0,100.0,0.0
Osvaldo SAEZ,CHI,3,0,0,1,0.0,0.0,7.4074074074074066,0.0,0.0,100.0,0.0
Oszkar SZIGETI,HUN,4,0,0,1,0.0,0.0,11.11111111111111,0.0,0.0,100.0,0.0
Otakar NOZIR,TCH,3,0,0,1,0.0,0.0,7.4074074074074066,0.0,0.0,100.0,0.0
Otto ANDERSSON,SWE,2,0,0,1,0.0,0.0,3.7037037037037033,0.0,0.0,100.0,
Otto BUEHLER,SUI,2,0,0,1,0.0,0.0,3.7037037037037033,0.0,0.0,100.0,
Otto HEMELE,TCH,2,0,0,1,0.0,0.0,3.7037037037037033,0.0,0.0,100.0,
Otto KONRAD,AUT,3,0,0,1,0.0,0.0,7.4074074074074066,0.0,0.0,100.0,0.0
Otto SIFFLING,GER,6,1,0,2,0.1666666666666666,5.88235294117647,18.51851851851852,4.166666666666666,25.0,100.0,1.0
Ottorino SARTOR,PER,6,0,0,1,0.0,0.0,18.51851851851852,0.0,0.0,100.0,0.0
Ove GRAHN,SWE,9,1,2,2,0.1111111111111111,5.88235294117647,29.629629629629623,2.7777777777777777,25.0,75.0,1.0
Ove KINDVALL,SWE,9,0,0,2,0.0,0.0,29.629629629629623,0.0,25.0,100.0,1.0
Ove OHLSSON,SWE,6,0,0,1,0.0,0.0,18.51851851851852,0.0,0.0,100.0,0.0
Ovidiu STANGA,ROU,9,0,0,2,0.0,0.0,29.629629629629623,0.0,25.0,100.0,1.0
Oyvind LEONHARDSEN,NOR,4,0,1,1,0.0,0.0,11.11111111111111,0.0,0.0,87.5,2.0
P AGUILAR,MEX,4,0,0,1,0.0,0.0,11.11111111111111,0.0,0.0,100.0,0.0
P BARRERA,MEX,4,0,0,1,0.0,0.0,11.11111111111111,0.0,0.0,100.0,0.0
P YANG,CHN,3,0,1,1,0.0,0.0,7.4074074074074066,0.0,0.0,87.5,2.0
P. AGUILAR,MEX,4,0,3,1,0.0,0.0,11.11111111111111,0.0,0.0,62.5,2.0
P. AMBROSI,ECU,4,0,0,1,0.0,0.0,11.11111111111111,0.0,0.0,100.0,0.0
P. ARMERO,COL,5,1,2,1,0.2,5.88235294117647,14.814814814814811,5.0,0.0,75.0,2.0
P. BARBOSA,POR,3,0,0,1,0.0,0.0,7.4074074074074066,0.0,0.0,100.0,0.0
P. BENTO,POR,3,0,0,1,0.0,0.0,7.4074074074074066,0.0,0.0,100.0,0.0
P. BROUMAND,IRN,3,0,0,1,0.0,0.0,7.4074074074074066,0.0,0.0,100.0,0.0
P. CHOL JIN,PRK,3,0,1,1,0.0,0.0,7.4074074074074066,0.0,0.0,87.5,2.0
P. DJORDJEVIC,SCG,3,0,0,1,0.0,0.0,7.4074074074074066,0.0,0.0,100.0,0.0
P. FERREIRA,POR,4,0,0,1,0.0,0.0,11.11111111111111,0.0,0.0,100.0,0.0
P. MENDES,POR,4,0,1,1,0.0,0.0,11.11111111111111,0.0,0.0,87.5,2.0
P. NAM CHOL,PRK,3,0,0,1,0.0,0.0,7.4074074074074066,0.0,0.0,100.0,0.0
P. PARDO,MEX,4,0,0,1,0.0,0.0,11.11111111111111,0.0,0.0,100.0,0.0
P. SANTOS,POR,7,0,0,1,0.0,0.0,22.22222222222222,0.0,0.0,100.0,0.0
P. SOUSA,POR,3,0,0,1,0.0,0.0,7.4074074074074066,0.0,0.0,100.0,0.0
P. SUNG HYOK,PRK,3,0,0,1,0.0,0.0,7.4074074074074066,0.0,0.0,100.0,0.0
P. URRUTIA,ECU,4,0,0,1,0.0,0.0,11.11111111111111,0.0,0.0,100.0,0.0
P.FERREIRA,POR,7,0,1,1,0.0,0.0,22.22222222222222,0.0,0.0,87.5,2.0
P.GARCIA,URU,3,0,2,1,0.0,0.0,7.4074074074074066,0.0,0.0,75.0,2.0
P.M. DIOP,SEN,5,0,0,1,0.0,0.0,14.814814814814811,0.0,0.0,100.0,0.0
P.MONTERO,URU,3,0,1,1,0.0,0.0,7.4074074074074066,0.0,0.0,87.5,2.0
PABLO,ESP,4,0,0,1,0.0,0.0,11.11111111111111,0.0,0.0,100.0,0.0
PACHECO,POR,3,0,1,1,0.0,0.0,7.4074074074074066,0.0,0.0,87.5,2.0
PACHIN,ESP,3,0,0,1,0.0,0.0,7.4074074074074066,0.0,0.0,100.0,0.0
PADALINO,SUI,3,0,0,1,0.0,0.0,7.4074074074074066,0.0,0.0,100.0,0.0
PAGLIUCA,ITA,7,0,1,1,0.0,0.0,22.22222222222222,0.0,0.0,87.5,2.0
PAINTSIL,GHA,4,0,1,1,0.0,0.0,11.11111111111111,0.0,0.0,87.5,2.0
PAK Doo Ik,PRK,4,1,0,1,0.25,5.88235294117647,11.11111111111111,6.25,0.0,100.0,0.0
PAK Li Sup,PRK,4,0,0,1,0.0,0.0,11.11111111111111,0.0,0.0,100.0,0.0
PAK Seung Zin,PRK,4,2,0,1,0.5,11.76470588235294,11.11111111111111,12.5,0.0,100.0,0.0
PALACIO,ARG,12,0,0,2,0.0,0.0,40.74074074074074,0.0,25.0,100.0,1.0
PALACIOS,COL,3,0,0,1,0.0,0.0,7.4074074074074066,0.0,0.0,100.0,0.0
PALENCIA,MEX,4,0,0,1,0.0,0.0,11.11111111111111,0.0,0.0,100.0,0.0
PALERMO,ARG,5,1,0,1,0.2,5.88235294117647,14.814814814814811,5.0,0.0,100.0,0.0
PALETTA,ITA,3,0,0,1,0.0,0.0,7.4074074074074066,0.0,0.0,100.0,0.0
PALOMBO,ITA,3,0,0,1,0.0,0.0,7.4074074074074066,0.0,0.0,100.0,0.0
PAMPLONA,BRA,2,0,0,1,0.0,0.0,3.7037037037037033,0.0,0.0,100.0,
PANTELI?,SRB,3,1,0,1,0.3333333333333333,5.88235294117647,7.4074074074074066,8.333333333333332,0.0,100.0,0.0
PANTSIL,GHA,5,0,1,1,0.0,0.0,14.814814814814811,0.0,0.0,87.5,2.0
PANUCCI,ITA,4,0,1,1,0.0,0.0,11.11111111111111,0.0,0.0,87.5,2.0
PAPADOPOULOS,GRE,3,0,0,1,0.0,0.0,7.4074074074074066,0.0,0.0,100.0,0.0
PAPE SARR,SEN,5,0,0,1,0.0,0.0,14.814814814814811,0.0,0.0,100.0,0.0
PAPPOE,GHA,4,0,0,1,0.0,0.0,11.11111111111111,0.0,0.0,100.0,0.0
PARANA,BRA,3,0,0,1,0.0,0.0,7.4074074074074066,0.0,0.0,100.0,0.0
PARDO,MEX,4,0,1,1,0.0,0.0,11.11111111111111,0.0,0.0,87.5,2.0
PAREDES,CHI,8,0,0,2,0.0,0.0,25.925925925925924,0.0,25.0,100.0,1.0
PAREDES,CHI,8,0,0,2,0.0,0.0,25.925925925925924,0.0,25.0,100.0,2.0
PAREDES,CHI,8,0,0,2,0.0,0.0,25.925925925925924,0.0,25.0,100.0,2.0
PAREDES,ECU,3,0,1,1,0.0,0.0,7.4074074074074066,0.0,0.0,87.5,1.0
PAREDES,ECU,3,0,1,1,0.0,0.0,7.4074074074074066,0.0,0.0,87.5,2.0
PAREDES,ECU,3,0,1,1,0.0,0.0,7.4074074074074066,0.0,0.0,87.5,2.0
PAREDES,PAR,7,0,6,2,0.0,0.0,22.22222222222222,0.0,25.0,25.0,1.0
PAREDES,PAR,7,0,6,2,0.0,0.0,22.22222222222222,0.0,25.0,25.0,2.0
PAREDES,PAR,7,0,6,2,0.0,0.0,22.22222222222222,0.0,25.0,25.0,2.0
PARK Chang Sun,KOR,3,1,1,1,0.3333333333333333,5.88235294117647,7.4074074074074066,8.333333333333332,0.0,87.5,2.0
PARK Chul Woo,KOR,3,0,0,1,0.0,0.0,7.4074074074074066,0.0,0.0,100.0,0.0
PARK Il Kap,KOR,2,0,0,1,0.0,0.0,3.7037037037037033,0.0,0.0,100.0,
PARK Jung Bae,KOR,3,0,1,1,0.0,0.0,7.4074074074074066,0.0,0.0,87.5,2.0
PARK Kyu Chong,KOR,2,0,0,1,0.0,0.0,3.7037037037037033,0.0,0.0,100.0,
PARK Kyung Hoon,KOR,6,0,1,2,0.0,0.0,18.51851851851852,0.0,25.0,87.5,1.0
PARK Yae Seung,KOR,2,0,0,1,0.0,0.0,3.7037037037037033,0.0,0.0,100.0,
PARKER,RSA,3,0,0,1,0.0,0.0,7.4074074074074066,0.0,0.0,100.0,0.0
PAROLO,ITA,3,0,0,1,0.0,0.0,7.4074074074074066,0.0,0.0,100.0,0.0
PASTON,NZL,3,0,0,1,0.0,0.0,7.4074074074074066,0.0,0.0,100.0,0.0
PASTORE,ARG,5,0,0,1,0.0,0.0,14.814814814814811,0.0,0.0,100.0,0.0
PATESKO,BRA,6,0,0,2,0.0,0.0,18.51851851851852,0.0,25.0,100.0,1.0
PATSA,GRE,3,0,0,1,0.0,0.0,7.4074074074074066,0.0,0.0,100.0,0.0
PAULETA,POR,10,4,1,2,0.4,23.52941176470588,33.33333333333333,10.0,25.0,87.5,1.0
PAULINHO,BRA,10,0,0,2,0.0,0.0,33.33333333333333,0.0,25.0,100.0,1.0
PAULO CESAR,BRA,13,0,0,2,0.0,0.0,44.44444444444444,0.0,25.0,100.0,1.0
PAULO HENRIQUE,BRA,3,0,0,1,0.0,0.0,7.4074074074074066,0.0,0.0,100.0,0.0
PAULO ISIDORO,BRA,5,0,0,1,0.0,0.0,14.814814814814811,0.0,0.0,100.0,0.0
PAULO SERGIO,BRA,12,0,0,2,0.0,0.0,40.74074074074074,0.0,25.0,100.0,1.0
PAULO VITOR,BRA,5,0,0,1,0.0,0.0,14.814814814814811,0.0,0.0,100.0,0.0
PAVLIN,SVN,3,0,2,1,0.0,0.0,7.4074074074074066,0.0,0.0,75.0,2.0
PAVLOVIC,SVN,3,0,0,1,0.0,0.0,7.4074074074074066,0.0,0.0,100.0,0.0
PAVON,HON,3,0,0,1,0.0,0.0,7.4074074074074066,0.0,0.0,100.0,0.0
PAZZINI,ITA,3,0,0,1,0.0,0.0,7.4074074074074066,0.0,0.0,100.0,0.0
PE?NIK,SVN,3,0,0,1,0.0,0.0,7.4074074074074066,0.0,0.0,100.0,0.0
PEDRINHO,BRA,5,0,0,1,0.0,0.0,14.814814814814811,0.0,0.0,100.0,0.0
PEDRO,ESP,10,0,0,2,0.0,0.0,33.33333333333333,0.0,25.0,100.0,1.0
PEDROSA,BRA,1,0,0,1,0.0,0.0,0.0,0.0,0.0,100.0,
PEETERS,BEL,4,0,0,1,0.0,0.0,11.11111111111111,0.0,0.0,100.0,0.0
PEKARIK,SVK,4,0,1,1,0.0,0.0,11.11111111111111,0.0,0.0,87.5,2.0
PELAEZ,MEX,4,2,1,1,0.5,11.76470588235294,11.11111111111111,12.5,0.0,87.5,2.0
PELE (Edson Arantes do Nascimento),BRA,21,12,0,4,0.5714285714285714,70.58823529411765,74.07407407407408,14.285714285714285,75.0,100.0,3.0
PEMBERTON P.,CRC,5,0,0,1,0.0,0.0,14.814814814814811,0.0,0.0,100.0,0.0
PENSE,CMR,3,0,0,1,0.0,0.0,7.4074074074074066,0.0,0.0,100.0,0.0
PEPE,BRA,12,0,0,2,0.0,0.0,40.74074074074074,0.0,25.0,100.0,1.0
PEPE,BRA,12,0,0,2,0.0,0.0,40.74074074074074,0.0,25.0,100.0,2.0
PEPE,BRA,12,0,0,2,0.0,0.0,40.74074074074074,0.0,25.0,100.0,1.0
PEPE,ITA,3,0,1,1,0.0,0.0,7.4074074074074066,0.0,0.0,87.5,1.0
PEPE,ITA,3,0,1,1,0.0,0.0,7.4074074074074066,0.0,0.0,87.5,2.0
PEPE,ITA,3,0,1,1,0.0,0.0,7.4074074074074066,0.0,0.0,87.5,1.0
PEPE,POR,7,0,2,2,0.0,0.0,22.22222222222222,0.0,25.0,75.0,1.0
PEPE,POR,7,0,2,2,0.0,0.0,22.22222222222222,0.0,25.0,75.0,2.0
PEPE,POR,7,0,2,2,0.0,0.0,22.22222222222222,0.0,25.0,75.0,1.0
PERACIO,BRA,5,3,0,1,0.6,17.647058823529413,14.814814814814811,15.0,0.0,100.0,0.0
PERES,POR,6,0,0,1,0.0,0.0,18.51851851851852,0.0,0.0,100.0,0.0
PEREZ,ARG,7,0,0,1,0.0,0.0,22.22222222222222,0.0,0.0,100.0,0.0
PEREZ,ARG,7,0,0,1,0.0,0.0,22.22222222222222,0.0,0.0,100.0,0.0
PEREZ,ARG,7,0,0,1,0.0,0.0,22.22222222222222,0.0,0.0,100.0,2.0
PEREZ,COL,3,0,0,1,0.0,0.0,7.4074074074074066,0.0,0.0,100.0,0.0
PEREZ,COL,3,0,0,1,0.0,0.0,7.4074074074074066,0.0,0.0,100.0,0.0
PEREZ,COL,3,0,0,1,0.0,0.0,7.4074074074074066,0.0,0.0,100.0,2.0
PEREZ,URU,7,0,2,1,0.0,0.0,22.22222222222222,0.0,0.0,75.0,0.0
PEREZ,URU,7,0,2,1,0.0,0.0,22.22222222222222,0.0,0.0,75.0,0.0
PEREZ,URU,7,0,2,1,0.0,0.0,22.22222222222222,0.0,0.0,75.0,2.0
PERII?,CRO,3,2,0,1,0.6666666666666666,11.76470588235294,7.4074074074074066,16.666666666666664,0.0,100.0,0.0
PERIN,ITA,3,0,0,1,0.0,0.0,7.4074074074074066,0.0,0.0,100.0,0.0
PERNIS,SVK,4,0,0,1,0.0,0.0,11.11111111111111,0.0,0.0,100.0,0.0
PERROTTA,ITA,7,0,0,1,0.0,0.0,22.22222222222222,0.0,0.0,100.0,0.0
PERUZZI,ITA,7,0,0,1,0.0,0.0,22.22222222222222,0.0,0.0,100.0,0.0
PETIT,FRA,3,0,2,1,0.0,0.0,7.4074074074074066,0.0,0.0,75.0,2.0
PETIT,FRA,3,0,2,1,0.0,0.0,7.4074074074074066,0.0,0.0,75.0,1.0
PETIT,POR,10,0,3,2,0.0,0.0,33.33333333333333,0.0,25.0,62.5,2.0
PETIT,POR,10,0,3,2,0.0,0.0,33.33333333333333,0.0,25.0,62.5,1.0
PETKOVIC,SCG,3,0,0,1,0.0,0.0,7.4074074074074066,0.0,0.0,100.0,0.0
PETRAS,SVK,4,0,0,1,0.0,0.0,11.11111111111111,0.0,0.0,100.0,0.0
PETRESCU,ROU,5,1,1,1,0.2,5.88235294117647,14.814814814814811,5.0,0.0,87.5,2.0
PETROVI?,SRB,3,0,0,1,0.0,0.0,7.4074074074074066,0.0,0.0,100.0,0.0
PHILIPP DEGEN,SUI,4,0,1,1,0.0,0.0,11.11111111111111,0.0,0.0,87.5,2.0
PIENAAR,RSA,6,0,1,2,0.0,0.0,18.51851851851852,0.0,25.0,87.5,1.0
PIMENOV,RUS,3,0,1,1,0.0,0.0,7.4074074074074066,0.0,0.0,87.5,2.0
PIMPONG,GHA,4,0,0,1,0.0,0.0,11.11111111111111,0.0,0.0,100.0,0.0
PINGA,BRA,3,2,0,1,0.6666666666666666,11.76470588235294,7.4074074074074066,16.666666666666664,0.0,100.0,0.0
PINHEIRO,BRA,3,0,0,1,0.0,0.0,7.4074074074074066,0.0,0.0,100.0,0.0
PINILLA,CHI,4,0,2,1,0.0,0.0,11.11111111111111,0.0,0.0,75.0,2.0
PINTO,CHI,4,0,0,1,0.0,0.0,11.11111111111111,0.0,0.0,100.0,0.0
PIQU,ESP,10,0,1,2,0.0,0.0,33.33333333333333,0.0,25.0,87.5,1.0
PIRLO,ITA,13,1,0,3,0.0769230769230769,5.88235294117647,44.44444444444444,1.9230769230769231,50.0,100.0,3.0
PIRRI,ESP,6,1,0,2,0.1666666666666666,5.88235294117647,18.51851851851852,4.166666666666666,25.0,100.0,1.0
PIZZI,ESP,3,0,0,1,0.0,0.0,7.4074074074074066,0.0,0.0,100.0,0.0
PJANI?,BIH,3,1,0,1,0.3333333333333333,5.88235294117647,7.4074074074074066,8.333333333333332,0.0,100.0,0.0
PLACENTE,ARG,3,0,0,1,0.0,0.0,7.4074074074074066,0.0,0.0,100.0,0.0
PLANUS,FRA,3,0,0,1,0.0,0.0,7.4074074074074066,0.0,0.0,100.0,0.0
PLASIL,CZE,3,0,0,1,0.0,0.0,7.4074074074074066,0.0,0.0,100.0,0.0
PLETIKOSA,CRO,9,0,1,3,0.0,0.0,29.629629629629623,0.0,50.0,87.5,3.0
POBORSKY,CZE,3,0,0,1,0.0,0.0,7.4074074074074066,0.0,0.0,100.0,0.0
POCHETTINO,ARG,3,0,0,1,0.0,0.0,7.4074074074074066,0.0,0.0,100.0,0.0
PODOLSKI,GER,21,5,1,3,0.238095238095238,29.411764705882355,74.07407407407408,5.952380952380952,50.0,87.5,3.0
POGBA,FRA,5,2,1,1,0.4,11.76470588235294,14.814814814814811,10.0,0.0,87.5,2.0
POLAK,CZE,3,0,4,1,0.0,0.0,7.4074074074074066,0.0,0.0,50.0,2.0
POLOZZI,BRA,7,0,0,1,0.0,0.0,22.22222222222222,0.0,0.0,100.0,0.0
POLY,BRA,2,0,0,1,0.0,0.0,3.7037037037037033,0.0,0.0,100.0,
PONCE,CHI,4,0,2,1,0.0,0.0,11.11111111111111,0.0,0.0,75.0,2.0
POPE,USA,8,0,6,2,0.0,0.0,25.925925925925924,0.0,25.0,25.0,2.0
POPESCU G.,ROU,4,0,0,1,0.0,0.0,11.11111111111111,0.0,0.0,100.0,0.0
POPESCU GH.,ROU,13,0,4,3,0.0,0.0,44.44444444444444,0.0,50.0,50.0,3.0
POPOVIC,AUS,4,0,0,1,0.0,0.0,11.11111111111111,0.0,0.0,100.0,0.0
POROSO,ECU,3,0,1,1,0.0,0.0,7.4074074074074066,0.0,0.0,87.5,2.0
PORRAS J.,CRC,3,0,0,1,0.0,0.0,7.4074074074074066,0.0,0.0,100.0,0.0
POULSEN,DEN,4,0,2,1,0.0,0.0,11.11111111111111,0.0,0.0,75.0,2.0
POZO,ARG,5,0,0,1,0.0,0.0,14.814814814814811,0.0,0.0,100.0,0.0
PRANJI?,CRO,3,0,0,1,0.0,0.0,7.4074074074074066,0.0,0.0,100.0,0.0
PRECIADO,COL,3,1,0,1,0.3333333333333333,5.88235294117647,7.4074074074074066,8.333333333333332,0.0,100.0,0.0
PREGUINHO,BRA,2,3,0,1,1.5,17.647058823529413,3.7037037037037033,37.5,0.0,100.0,
PRINCE,GHA,8,1,0,2,0.125,5.88235294117647,25.925925925925924,3.125,25.0,100.0,1.0
PRITTAS,GRE,3,0,0,1,0.0,0.0,7.4074074074074066,0.0,0.0,100.0,0.0
PROSINECKI,CRO,3,0,0,1,0.0,0.0,7.4074074074074066,0.0,0.0,100.0,0.0
PRSO,CRO,3,0,0,1,0.0,0.0,7.4074074074074066,0.0,0.0,100.0,0.0
PRUNEA,ROU,5,0,0,1,0.0,0.0,14.814814814814811,0.0,0.0,100.0,0.0
PULE,RSA,3,0,0,1,0.0,0.0,7.4074074074074066,0.0,0.0,100.0,0.0
PUYOL,ESP,16,1,3,3,0.0625,5.88235294117647,55.55555555555556,1.5625,50.0,62.5,3.0
PYATOV,UKR,5,0,0,1,0.0,0.0,14.814814814814811,0.0,0.0,100.0,0.0
Pablo BENGOECHEA,URU,4,1,0,1,0.25,5.88235294117647,11.11111111111111,6.25,0.0,100.0,0.0
Pablo CAVALLERO,ARG,5,0,0,1,0.0,0.0,14.814814814814811,0.0,0.0,100.0,0.0
Pablo CENTURION,PAR,2,0,0,1,0.0,0.0,3.7037037037037033,0.0,0.0,100.0,
Pablo DORADO,URU,4,2,0,1,0.5,11.76470588235294,11.11111111111111,12.5,0.0,100.0,0.0
Pablo FORLAN,URU,7,0,1,2,0.0,0.0,22.22222222222222,0.0,25.0,87.5,1.0
Pablo LARIOS,MEX,5,0,0,1,0.0,0.0,14.814814814814811,0.0,0.0,100.0,0.0
Pablo PACHECO,PER,2,0,0,1,0.0,0.0,3.7037037037037033,0.0,0.0,100.0,
Pablo PAZ,ARG,5,0,0,1,0.0,0.0,14.814814814814811,0.0,0.0,100.0,0.0
Pal BERENDY,HUN,4,0,0,1,0.0,0.0,11.11111111111111,0.0,0.0,100.0,0.0
Pal TELEKI,HUN,2,1,0,1,0.5,5.88235294117647,3.7037037037037033,12.5,0.0,100.0,
Pal TITKOS,HUN,4,2,0,1,0.5,11.76470588235294,11.11111111111111,12.5,0.0,100.0,0.0
Pal VARHIDI,HUN,5,0,0,1,0.0,0.0,14.814814814814811,0.0,0.0,100.0,0.0
Panayot PANAYOTOV,BUL,3,0,0,1,0.0,0.0,7.4074074074074066,0.0,0.0,100.0,0.0
Pantelei DIMITROV,BUL,3,0,0,1,0.0,0.0,7.4074074074074066,0.0,0.0,100.0,0.0
Paolo BARISON,ITA,3,1,0,1,0.3333333333333333,5.88235294117647,7.4074074074074066,8.333333333333332,0.0,100.0,0.0
Paolo CONTI,ITA,7,0,0,1,0.0,0.0,22.22222222222222,0.0,0.0,100.0,0.0
Paolo MALDINI,ITA,12,0,2,2,0.0,0.0,40.74074074074074,0.0,25.0,75.0,1.0
Paolo PULICI,ITA,10,0,0,2,0.0,0.0,33.33333333333333,0.0,25.0,100.0,1.0
Paolo ROSSI,ITA,18,9,1,3,0.5,52.94117647058824,62.96296296296296,12.5,50.0,87.5,3.0
Paride TUMBURUS,ITA,3,0,0,1,0.0,0.0,7.4074074074074066,0.0,0.0,100.0,0.0
Pascal PLOVIE,BEL,4,0,0,1,0.0,0.0,11.11111111111111,0.0,0.0,100.0,0.0
Pascal RENIER,BEL,4,0,0,1,0.0,0.0,11.11111111111111,0.0,0.0,100.0,0.0
Pasquale DE LUCA,CAN,3,0,0,1,0.0,0.0,7.4074074074074066,0.0,0.0,100.0,0.0
Pat BONNER,IRL,9,0,0,2,0.0,0.0,29.629629629629623,0.0,25.0,100.0,1.0
Pat JENNINGS,NIR,8,0,0,2,0.0,0.0,25.925925925925924,0.0,25.0,100.0,1.0
Patrice RIO,FRA,3,0,0,1,0.0,0.0,7.4074074074074066,0.0,0.0,100.0,0.0
Patricio HERNANDEZ,ARG,5,0,0,1,0.0,0.0,14.814814814814811,0.0,0.0,100.0,0.0
Patricio YANEZ,CHI,3,0,0,1,0.0,0.0,7.4074074074074066,0.0,0.0,100.0,0.0
Patrick BATTISTON,FRA,17,0,0,3,0.0,0.0,59.25925925925925,0.0,50.0,100.0,3.0
Patrick KLUIVERT,NED,7,2,1,1,0.2857142857142857,11.76470588235294,22.22222222222222,7.142857142857142,0.0,87.5,2.0
Patrick SYLVESTRE,SUI,4,0,0,1,0.0,0.0,11.11111111111111,0.0,0.0,100.0,0.0
Patrick VERVOORT,BEL,11,1,0,2,0.0909090909090909,5.88235294117647,37.03703703703704,2.272727272727273,25.0,100.0,1.0
Patrick VIEIRA,FRA,7,0,1,1,0.0,0.0,22.22222222222222,0.0,0.0,87.5,2.0
Patrik ANDERSSON,SWE,7,0,0,1,0.0,0.0,22.22222222222222,0.0,0.0,100.0,0.0
Patrizio SALA,ITA,7,0,0,1,0.0,0.0,22.22222222222222,0.0,0.0,100.0,0.0
Paul AEBI,SUI,3,0,0,1,0.0,0.0,7.4074074074074066,0.0,0.0,100.0,0.0
Paul BAHOKEN,CMR,3,0,0,1,0.0,0.0,7.4074074074074066,0.0,0.0,100.0,0.0
Paul BREITNER,FRG,14,3,0,2,0.2142857142857142,17.647058823529413,48.14814814814815,5.357142857142857,25.0,100.0,1.0
Paul CALIGIURI,USA,7,1,2,2,0.1428571428571428,5.88235294117647,22.22222222222222,3.571428571428571,25.0,75.0,1.0
Paul DOLAN,CAN,3,0,0,1,0.0,0.0,7.4074074074074066,0.0,0.0,100.0,0.0
Paul EVANS,RSA,1,0,0,1,0.0,0.0,0.0,0.0,0.0,100.0,
Paul GASCOIGNE,ENG,7,0,2,1,0.0,0.0,22.22222222222222,0.0,0.0,75.0,2.0
Paul HALL,JAM,3,0,0,1,0.0,0.0,7.4074074074074066,0.0,0.0,100.0,0.0
Paul HALLA,AUT,8,0,0,2,0.0,0.0,25.925925925925924,0.0,25.0,100.0,1.0
Paul HENRY,BEL,1,0,0,1,0.0,0.0,0.0,0.0,0.0,100.0,
Paul INCE,ENG,4,0,1,1,0.0,0.0,11.11111111111111,0.0,0.0,87.5,2.0
Paul JAMES,CAN,3,0,0,1,0.0,0.0,7.4074074074074066,0.0,0.0,100.0,0.0
Paul JANES,GER,6,0,0,2,0.0,0.0,18.51851851851852,0.0,25.0,100.0,1.0
Paul KOZLICEK,AUT,3,0,0,1,0.0,0.0,7.4074074074074066,0.0,0.0,100.0,0.0
Paul KRUMPE,USA,3,0,0,1,0.0,0.0,7.4074074074074066,0.0,0.0,100.0,0.0
Paul LAMBERT,SCO,3,0,0,1,0.0,0.0,7.4074074074074066,0.0,0.0,100.0,0.0
Paul LOGA,CMR,3,0,0,1,0.0,0.0,7.4074074074074066,0.0,0.0,100.0,0.0
Paul MARINER,ENG,5,1,1,1,0.2,5.88235294117647,14.814814814814811,5.0,0.0,87.5,2.0
Paul MEBUS,FRG,6,0,0,1,0.0,0.0,18.51851851851852,0.0,0.0,100.0,0.0
Paul MERSON,ENG,4,0,0,1,0.0,0.0,11.11111111111111,0.0,0.0,100.0,0.0
Paul McGRATH,IRL,9,0,1,2,0.0,0.0,29.629629629629623,0.0,25.0,87.5,1.0
Paul McSTAY,SCO,6,0,0,2,0.0,0.0,18.51851851851852,0.0,25.0,100.0,1.0
Paul PARKER,ENG,7,0,1,1,0.0,0.0,22.22222222222222,0.0,0.0,87.5,2.0
Paul RAMSEY,NIR,3,0,0,1,0.0,0.0,7.4074074074074066,0.0,0.0,100.0,0.0
Paul SCHOLES,ENG,4,1,1,1,0.25,5.88235294117647,11.11111111111111,6.25,0.0,87.5,2.0
Paul STEINER,FRG,7,0,0,1,0.0,0.0,22.22222222222222,0.0,0.0,100.0,0.0
Paul STURROCK,SCO,6,0,0,2,0.0,0.0,18.51851851851852,0.0,25.0,100.0,1.0
Paul VAN HIMST,BEL,3,0,1,1,0.0,0.0,7.4074074074074066,0.0,0.0,87.5,2.0
Paul ZIELINSKI,GER,4,0,0,1,0.0,0.0,11.11111111111111,0.0,0.0,100.0,0.0
Pavel CERNY,TCH,3,0,0,1,0.0,0.0,7.4074074074074066,0.0,0.0,100.0,0.0
Pavel CHALOUPKA,TCH,3,0,1,1,0.0,0.0,7.4074074074074066,0.0,0.0,87.5,2.0
Pavel KOUBA,TCH,6,0,0,1,0.0,0.0,18.51851851851852,0.0,0.0,100.0,0.0
Pavel PANOV,BUL,3,0,0,1,0.0,0.0,7.4074074074074066,0.0,0.0,100.0,0.0
Pavel YAKOVENKO,URS,4,1,0,1,0.25,5.88235294117647,11.11111111111111,6.25,0.0,100.0,0.0
Pavol MOLNAR,TCH,10,0,0,2,0.0,0.0,33.33333333333333,0.0,25.0,100.0,1.0
Pawel JANAS,POL,7,0,0,1,0.0,0.0,22.22222222222222,0.0,0.0,100.0,0.0
Pedro ARAYA,CHI,3,0,0,1,0.0,0.0,7.4074074074074066,0.0,0.0,100.0,0.0
Pedro BENITEZ,PAR,2,0,0,1,0.0,0.0,3.7037037037037033,0.0,0.0,100.0,
Pedro BERGES,CUB,3,0,0,1,0.0,0.0,7.4074074074074066,0.0,0.0,100.0,0.0
Pedro CEA,URU,4,5,0,1,1.25,29.411764705882355,11.11111111111111,31.25,0.0,100.0,0.0
Pedro CUBILLA,URU,3,0,0,1,0.0,0.0,7.4074074074074066,0.0,0.0,100.0,0.0
Pedro DELLACHA,ARG,3,0,0,1,0.0,0.0,7.4074074074074066,0.0,0.0,100.0,0.0
Pedro FERRER,CUB,3,0,0,1,0.0,0.0,7.4074074074074066,0.0,0.0,100.0,0.0
Pedro GONZALES,PER,4,0,0,1,0.0,0.0,11.11111111111111,0.0,0.0,100.0,0.0
Pedro LEON,PER,4,0,0,1,0.0,0.0,11.11111111111111,0.0,0.0,100.0,0.0
Pedro MONZON,ARG,7,1,3,1,0.1428571428571428,5.88235294117647,22.22222222222222,3.571428571428571,0.0,62.5,2.0
Pedro NAJERA,MEX,5,0,0,2,0.0,0.0,14.814814814814811,0.0,25.0,100.0,1.0
Pedro PASCULLI,ARG,7,1,0,1,0.1428571428571428,5.88235294117647,22.22222222222222,3.571428571428571,0.0,100.0,0.0
Pedro PETRONE,URU,4,0,0,1,0.0,0.0,11.11111111111111,0.0,0.0,100.0,0.0
Pedro REYES,CHI,4,0,0,1,0.0,0.0,11.11111111111111,0.0,0.0,100.0,0.0
Pedro ROCHA,URU,16,1,0,4,0.0625,5.88235294117647,55.55555555555556,1.5625,75.0,100.0,3.0
Pedro ROMERO,MEX,3,0,0,1,0.0,0.0,7.4074074074074066,0.0,0.0,100.0,0.0
Pedro SARABIA,PAR,4,0,0,1,0.0,0.0,11.11111111111111,0.0,0.0,100.0,0.0
Pedro SOTO,MEX,3,0,0,1,0.0,0.0,7.4074074074074066,0.0,0.0,100.0,0.0
Pedro SUAREZ,ARG,5,0,0,1,0.0,0.0,14.814814814814811,0.0,0.0,100.0,0.0
Pedro TROGLIO,ARG,7,1,2,1,0.1428571428571428,5.88235294117647,22.22222222222222,3.571428571428571,0.0,75.0,2.0
Pedro URALDE,ESP,5,0,0,1,0.0,0.0,14.814814814814811,0.0,0.0,100.0,0.0
Pep GUARDIOLA,ESP,5,0,0,1,0.0,0.0,14.814814814814811,0.0,0.0,100.0,0.0
Pepi HAMMERL,AUT,3,0,0,1,0.0,0.0,7.4074074074074066,0.0,0.0,100.0,0.0
Per FRANDSEN,DEN,5,0,0,1,0.0,0.0,14.814814814814811,0.0,0.0,100.0,0.0
Per FRIMANN,DEN,4,0,0,1,0.0,0.0,11.11111111111111,0.0,0.0,100.0,0.0
Percy ROJAS,PER,9,0,0,2,0.0,0.0,29.629629629629623,0.0,25.0,100.0,1.0
Perica OGNJENOVIC,YUG,4,0,1,1,0.0,0.0,11.11111111111111,0.0,0.0,87.5,2.0
Petar ALEXANDROV,BUL,7,0,0,1,0.0,0.0,22.22222222222222,0.0,0.0,100.0,0.0
Petar HOUBCHEV,BUL,7,0,1,1,0.0,0.0,22.22222222222222,0.0,0.0,87.5,2.0
Petar KRPAN,CRO,7,0,0,1,0.0,0.0,22.22222222222222,0.0,0.0,100.0,0.0
Petar MIKHTARSKI,BUL,7,0,0,1,0.0,0.0,22.22222222222222,0.0,0.0,100.0,0.0
Petar PETROV,BUL,4,0,0,1,0.0,0.0,11.11111111111111,0.0,0.0,100.0,0.0
Petar RADAKOVIC,YUG,6,1,0,1,0.1666666666666666,5.88235294117647,18.51851851851852,4.166666666666666,0.0,100.0,0.0
Petar VELICHKOV,BUL,3,0,0,1,0.0,0.0,7.4074074074074066,0.0,0.0,100.0,0.0
Petar ZHEKOV,BUL,6,0,0,2,0.0,0.0,18.51851851851852,0.0,25.0,100.0,1.0
Peter ARTNER,AUT,3,0,1,1,0.0,0.0,7.4074074074074066,0.0,0.0,87.5,2.0
Peter BEARDSLEY,ENG,12,1,1,2,0.0833333333333333,5.88235294117647,40.74074074074074,2.083333333333333,25.0,87.5,1.0
Peter BONETTI,ENG,10,0,0,2,0.0,0.0,33.33333333333333,0.0,25.0,100.0,1.0
Peter BRABROOK,ENG,4,0,0,1,0.0,0.0,11.11111111111111,0.0,0.0,100.0,0.0
Peter BROADBENT,ENG,4,0,0,1,0.0,0.0,11.11111111111111,0.0,0.0,100.0,0.0
Peter CARGILL,JAM,3,0,1,1,0.0,0.0,7.4074074074074066,0.0,0.0,87.5,2.0
Peter CORMACK,SCO,3,0,0,1,0.0,0.0,7.4074074074074066,0.0,0.0,100.0,0.0
Peter DIETRICH,FRG,6,0,0,1,0.0,0.0,18.51851851851852,0.0,0.0,100.0,0.0
Peter DISZTL,HUN,3,0,0,1,0.0,0.0,7.4074074074074066,0.0,0.0,100.0,0.0
Peter DUCKE,GDR,6,0,0,1,0.0,0.0,18.51851851851852,0.0,0.0,100.0,0.0
Peter FIEBER,TCH,5,0,0,1,0.0,0.0,14.814814814814811,0.0,0.0,100.0,0.0
Peter HANNICH,HUN,3,0,0,1,0.0,0.0,7.4074074074074066,0.0,0.0,100.0,0.0
Peter KJAER,DEN,5,0,0,1,0.0,0.0,14.814814814814811,0.0,0.0,100.0,0.0
Peter LARSSON,SWE,3,0,0,1,0.0,0.0,7.4074074074074066,0.0,0.0,100.0,0.0
Peter LORIMER,SCO,3,1,0,1,0.3333333333333333,5.88235294117647,7.4074074074074066,8.333333333333332,0.0,100.0,0.0
Peter McPARLAND,NIR,5,5,0,1,1.0,29.411764705882355,14.814814814814811,25.0,0.0,100.0,0.0
Peter OLLERTON,AUS,3,0,0,1,0.0,0.0,7.4074074074074066,0.0,0.0,100.0,0.0
Peter OSGOOD,ENG,4,0,0,1,0.0,0.0,11.11111111111111,0.0,0.0,100.0,0.0
Peter PALOTAS,HUN,5,2,0,1,0.4,11.76470588235294,14.814814814814811,10.0,0.0,100.0,0.0
Peter PALUCH,TCH,5,0,0,1,0.0,0.0,14.814814814814811,0.0,0.0,100.0,0.0
Peter PERSIDIS,AUT,6,0,0,1,0.0,0.0,18.51851851851852,0.0,0.0,100.0,0.0
Peter PIETRAS,USA,1,0,0,1,0.0,0.0,0.0,0.0,0.0,100.0,
Peter PLATZER,AUT,4,0,0,1,0.0,0.0,11.11111111111111,0.0,0.0,100.0,0.0
Peter REID,ENG,5,0,0,1,0.0,0.0,14.814814814814811,0.0,0.0,100.0,0.0
Peter ROESCH,SUI,3,0,0,1,0.0,0.0,7.4074074074074066,0.0,0.0,100.0,0.0
Peter RUFAI,NGA,4,0,0,1,0.0,0.0,11.11111111111111,0.0,0.0,100.0,0.0
Peter SCHMEICHEL,DEN,5,0,1,1,0.0,0.0,14.814814814814811,0.0,0.0,87.5,2.0
Peter SCHOETTEL,AUT,6,0,2,2,0.0,0.0,18.51851851851852,0.0,25.0,75.0,1.0
Peter SHILTON,ENG,17,0,0,3,0.0,0.0,59.25925925925925,0.0,50.0,100.0,3.0
Peter SILLETT,ENG,4,0,0,1,0.0,0.0,11.11111111111111,0.0,0.0,100.0,0.0
Peter SIMONSEN,NZL,3,0,0,1,0.0,0.0,7.4074074074074066,0.0,0.0,100.0,0.0
Peter STOEGER,AUT,3,0,0,1,0.0,0.0,7.4074074074074066,0.0,0.0,100.0,0.0
Peter SWAN,ENG,4,0,0,1,0.0,0.0,11.11111111111111,0.0,0.0,100.0,0.0
Peter TOROK,HUN,3,0,0,1,0.0,0.0,7.4074074074074066,0.0,0.0,100.0,0.0
Peter VAN VOSSEN,NED,5,0,0,1,0.0,0.0,14.814814814814811,0.0,0.0,100.0,0.0
Peter VERMES,USA,3,0,0,1,0.0,0.0,7.4074074074074066,0.0,0.0,100.0,0.0
Peter WILSON,AUS,3,0,0,1,0.0,0.0,7.4074074074074066,0.0,0.0,100.0,0.0
Peter WITHE,ENG,5,0,0,1,0.0,0.0,14.814814814814811,0.0,0.0,100.0,0.0
Petr JANECKA,TCH,3,0,0,1,0.0,0.0,7.4074074074074066,0.0,0.0,100.0,0.0
Phil BABB,IRL,4,0,0,1,0.0,0.0,11.11111111111111,0.0,0.0,100.0,0.0
Phil MASINGA,RSA,3,0,0,1,0.0,0.0,7.4074074074074066,0.0,0.0,100.0,0.0
Phil SLONE,USA,3,0,0,1,0.0,0.0,7.4074074074074066,0.0,0.0,100.0,0.0
Phil THOMPSON,ENG,5,0,0,1,0.0,0.0,14.814814814814811,0.0,0.0,100.0,0.0
Philibert SMELLINCKX,BEL,2,0,0,2,0.0,0.0,3.7037037037037033,0.0,25.0,100.0,
Philip HUGHES,NIR,3,0,0,1,0.0,0.0,7.4074074074074066,0.0,0.0,100.0,0.0
Philip NEAL,ENG,5,0,0,1,0.0,0.0,14.814814814814811,0.0,0.0,100.0,0.0
Philippe ALBERT,BEL,8,2,1,2,0.25,11.76470588235294,25.925925925925924,6.25,25.0,87.5,1.0
Philippe BERGEROO,FRA,7,0,0,1,0.0,0.0,22.22222222222222,0.0,0.0,100.0,0.0
Philippe CLEMENT,BEL,3,0,0,1,0.0,0.0,7.4074074074074066,0.0,0.0,100.0,0.0
Philippe DESMET,BEL,7,0,0,1,0.0,0.0,22.22222222222222,0.0,0.0,100.0,0.0
Philippe GONDET,FRA,3,0,0,1,0.0,0.0,7.4074074074074066,0.0,0.0,100.0,0.0
Philippe MAHUT,FRA,7,0,0,1,0.0,0.0,22.22222222222222,0.0,0.0,100.0,0.0
Philippe POTTIER,SUI,3,0,0,1,0.0,0.0,7.4074074074074066,0.0,0.0,100.0,0.0
Philippe VANDE WALLE,BEL,3,0,0,1,0.0,0.0,7.4074074074074066,0.0,0.0,100.0,0.0
Philippe VERCRUYSSE,FRA,7,0,0,1,0.0,0.0,22.22222222222222,0.0,0.0,100.0,0.0
Philippe VORBE,HAI,3,0,0,1,0.0,0.0,7.4074074074074066,0.0,0.0,100.0,0.0
Phillip COCU,NED,7,2,0,1,0.2857142857142857,11.76470588235294,22.22222222222222,7.142857142857142,0.0,100.0,0.0
Pierino PRATI,ITA,6,0,0,1,0.0,0.0,18.51851851851852,0.0,0.0,100.0,0.0
Pierluigi CASIRAGHI,ITA,7,0,1,1,0.0,0.0,22.22222222222222,0.0,0.0,87.5,2.0
Pierluigi CERA,ITA,6,0,0,1,0.0,0.0,18.51851851851852,0.0,0.0,100.0,0.0
Pierluigi PIZZABALLA,ITA,3,0,0,1,0.0,0.0,7.4074074074074066,0.0,0.0,100.0,0.0
Piero PASINATI,ITA,4,0,0,1,0.0,0.0,11.11111111111111,0.0,0.0,100.0,0.0
Pierre BAYONNE,HAI,3,0,2,1,0.0,0.0,7.4074074074074066,0.0,0.0,75.0,2.0
Pierre BRAINE,BEL,2,0,0,1,0.0,0.0,3.7037037037037033,0.0,0.0,100.0,
Pierre CARTEUS,BEL,3,0,0,1,0.0,0.0,7.4074074074074066,0.0,0.0,100.0,0.0
Pierre DALEM,BEL,1,0,0,1,0.0,0.0,0.0,0.0,0.0,100.0,
Pierre ISSA,RSA,3,0,1,1,0.0,0.0,7.4074074074074066,0.0,0.0,87.5,2.0
Pierre KORB,FRA,1,0,0,1,0.0,0.0,0.0,0.0,0.0,100.0,
Pierre LITTBARSKI,FRG,21,3,1,3,0.1428571428571428,17.647058823529413,74.07407407407408,3.571428571428571,50.0,87.5,3.0
Piet DE BOER,NED,1,0,0,1,0.0,0.0,0.0,0.0,0.0,100.0,
Piet KEIZER,NED,7,0,0,1,0.0,0.0,22.22222222222222,0.0,0.0,100.0,0.0
Piet PUNT,NED,1,0,0,1,0.0,0.0,0.0,0.0,0.0,100.0,
Piet SCHRIJVERS,NED,14,0,0,2,0.0,0.0,48.14814814814815,0.0,25.0,100.0,1.0
Pieter VAN DEN BOSCH,BEL,2,0,0,1,0.0,0.0,3.7037037037037033,0.0,0.0,100.0,
Pieter WILDSCHUT,NED,7,0,0,1,0.0,0.0,22.22222222222222,0.0,0.0,100.0,0.0
Pietro ANASTASI,ITA,3,1,0,1,0.3333333333333333,5.88235294117647,7.4074074074074066,8.333333333333332,0.0,100.0,0.0
Pietro ARCARI,ITA,5,0,0,1,0.0,0.0,14.814814814814811,0.0,0.0,100.0,0.0
Pietro FERRARIS,ITA,4,1,0,1,0.25,5.88235294117647,11.11111111111111,6.25,0.0,100.0,0.0
Pietro RAVA,ITA,4,0,0,1,0.0,0.0,11.11111111111111,0.0,0.0,100.0,0.0
Pietro SERANTONI,ITA,4,0,0,1,0.0,0.0,11.11111111111111,0.0,0.0,100.0,0.0
Pietro VIERCHOWOD,ITA,18,0,1,3,0.0,0.0,62.96296296296296,0.0,50.0,87.5,3.0
Pim DOESBURG,NED,7,0,0,1,0.0,0.0,22.22222222222222,0.0,0.0,100.0,0.0
Piotr MOWLIK,POL,7,0,0,1,0.0,0.0,22.22222222222222,0.0,0.0,100.0,0.0
Piotr SKROBOWSKI,POL,7,0,0,1,0.0,0.0,22.22222222222222,0.0,0.0,100.0,0.0
Placido GALINDO,PER,2,0,1,1,0.0,0.0,3.7037037037037033,0.0,0.0,87.5,
Plamen GETOV,BUL,4,1,0,1,0.25,5.88235294117647,11.11111111111111,6.25,0.0,100.0,0.0
Plamen MARKOV,BUL,4,0,0,1,0.0,0.0,11.11111111111111,0.0,0.0,100.0,0.0
Plamen NIKOLOV,BUL,7,0,0,1,0.0,0.0,22.22222222222222,0.0,0.0,100.0,0.0
Pleun STRIK,NED,7,0,0,1,0.0,0.0,22.22222222222222,0.0,0.0,100.0,0.0
Poly VAN DEN BOSCH,BEL,2,0,0,1,0.0,0.0,3.7037037037037033,0.0,0.0,100.0,
Pontus KAMARK,SWE,7,0,0,1,0.0,0.0,22.22222222222222,0.0,0.0,100.0,0.0
Porfirio BETANCOURT,HON,3,0,0,1,0.0,0.0,7.4074074074074066,0.0,0.0,100.0,0.0
Prawitz OBERG,SWE,6,0,0,1,0.0,0.0,18.51851851851852,0.0,0.0,100.0,0.0
Preben ELKJAER LARSEN,DEN,4,4,0,1,1.0,23.52941176470588,11.11111111111111,25.0,0.0,100.0,0.0
Predrag DJAJIC,YUG,3,0,0,1,0.0,0.0,7.4074074074074066,0.0,0.0,100.0,0.0
Predrag MIJATOVIC,YUG,4,1,0,1,0.25,5.88235294117647,11.11111111111111,6.25,0.0,100.0,0.0
Predrag PASIC,YUG,3,0,0,1,0.0,0.0,7.4074074074074066,0.0,0.0,100.0,0.0
Predrag SPASIC,YUG,5,0,0,1,0.0,0.0,14.814814814814811,0.0,0.0,100.0,0.0
Preki RADOSAVLJEVIC,USA,3,0,0,1,0.0,0.0,7.4074074074074066,0.0,0.0,100.0,0.0
Premysl BICOVSKY,TCH,3,0,0,1,0.0,0.0,7.4074074074074066,0.0,0.0,100.0,0.0
Prudencio NORALES,HON,3,0,0,1,0.0,0.0,7.4074074074074066,0.0,0.0,100.0,0.0
Prvoslav MIHAJLOVIC,YUG,3,0,0,1,0.0,0.0,7.4074074074074066,0.0,0.0,100.0,0.0
Puck VAN HEEL,NED,2,0,0,2,0.0,0.0,3.7037037037037033,0.0,25.0,100.0,
Q AN,CHN,3,0,0,1,0.0,0.0,7.4074074074074066,0.0,0.0,100.0,0.0
QASSIM BASSIM,IRQ,3,0,0,1,0.0,0.0,7.4074074074074066,0.0,0.0,100.0,0.0
QUAGLIARELLA,ITA,3,1,1,1,0.3333333333333333,5.88235294117647,7.4074074074074066,8.333333333333332,0.0,87.5,2.0
QUAYE,GHA,4,0,0,1,0.0,0.0,11.11111111111111,0.0,0.0,100.0,0.0
QUIM,POR,7,0,0,1,0.0,0.0,22.22222222222222,0.0,0.0,100.0,0.0
QUINI,ESP,8,0,0,2,0.0,0.0,25.925925925925924,0.0,25.0,100.0,1.0
QUINN,IRL,4,0,0,1,0.0,0.0,11.11111111111111,0.0,0.0,100.0,0.0
QUINTERO,COL,5,1,0,1,0.2,5.88235294117647,14.814814814814811,5.0,0.0,100.0,0.0
QUIQUE,ESP,4,0,0,1,0.0,0.0,11.11111111111111,0.0,0.0,100.0,0.0
QUIQUE SETIEN,ESP,5,0,0,1,0.0,0.0,14.814814814814811,0.0,0.0,100.0,0.0
Quinton FORTUNE,RSA,3,0,1,1,0.0,0.0,7.4074074074074066,0.0,0.0,87.5,2.0
Quiterio OLMEDO,PAR,2,0,0,1,0.0,0.0,3.7037037037037033,0.0,0.0,100.0,
R CARLOS,BRA,7,1,1,1,0.1428571428571428,5.88235294117647,22.22222222222222,3.571428571428571,0.0,87.5,2.0
R MARQUEZ,MEX,4,1,1,1,0.25,5.88235294117647,11.11111111111111,6.25,0.0,87.5,2.0
R OSORIO,MEX,4,0,0,1,0.0,0.0,11.11111111111111,0.0,0.0,100.0,0.0
R. AHMADI,IRN,3,0,0,1,0.0,0.0,7.4074074074074066,0.0,0.0,100.0,0.0
R. ALBIOL,ESP,3,0,0,1,0.0,0.0,7.4074074074074066,0.0,0.0,100.0,0.0
R. AMORIM,POR,7,0,0,2,0.0,0.0,22.22222222222222,0.0,25.0,100.0,1.0
R. BAGGIO,ITA,5,1,0,1,0.2,5.88235294117647,14.814814814814811,5.0,0.0,100.0,0.0
R. CARVALHO,POR,4,0,0,1,0.0,0.0,11.11111111111111,0.0,0.0,100.0,0.0
R. CENI,BRA,5,0,0,1,0.0,0.0,14.814814814814811,0.0,0.0,100.0,0.0
R. CHOL MYONG,PRK,3,0,0,1,0.0,0.0,7.4074074074074066,0.0,0.0,100.0,0.0
R. COSTA,POR,7,0,1,2,0.0,0.0,22.22222222222222,0.0,25.0,87.5,1.0
R. FERDINAND,ENG,4,0,0,1,0.0,0.0,11.11111111111111,0.0,0.0,100.0,0.0
R. GARCIA,MEX,8,0,0,2,0.0,0.0,25.925925925925924,0.0,25.0,100.0,1.0
R. HAGHIGHI,IRN,3,0,0,1,0.0,0.0,7.4074074074074066,0.0,0.0,100.0,0.0
R. HIERRO,ESP,8,2,1,2,0.25,11.76470588235294,25.925925925925924,6.25,25.0,87.5,1.0
R. JIMENEZ,MEX,4,0,0,1,0.0,0.0,11.11111111111111,0.0,0.0,100.0,0.0
R. JUN IL,PRK,3,0,0,1,0.0,0.0,7.4074074074074066,0.0,0.0,100.0,0.0
R. KEANE,IRL,4,0,0,1,0.0,0.0,11.11111111111111,0.0,0.0,100.0,0.0
R. KOVAC,CRO,3,0,2,1,0.0,0.0,7.4074074074074066,0.0,0.0,75.0,2.0
R. KWANG CHON,PRK,3,0,0,1,0.0,0.0,7.4074074074074066,0.0,0.0,100.0,0.0
R. KWANG HYOK,PRK,3,0,0,1,0.0,0.0,7.4074074074074066,0.0,0.0,100.0,0.0
R. MARQUEZ,MEX,12,2,6,3,0.1666666666666666,11.76470588235294,40.74074074074074,4.166666666666666,50.0,25.0,3.0
R. MARTINEZ,HON,3,0,0,1,0.0,0.0,7.4074074074074066,0.0,0.0,100.0,0.0
R. MEIRELES,POR,7,1,0,2,0.1428571428571428,5.88235294117647,22.22222222222222,3.571428571428571,25.0,100.0,1.0
R. MORALES,MEX,8,0,0,2,0.0,0.0,25.925925925925924,0.0,25.0,100.0,1.0
R. MUOZ,URU,4,0,0,1,0.0,0.0,11.11111111111111,0.0,0.0,100.0,0.0
R. MYONG GUK,PRK,3,0,0,1,0.0,0.0,7.4074074074074066,0.0,0.0,100.0,0.0
R. OSORIO,MEX,4,0,0,1,0.0,0.0,11.11111111111111,0.0,0.0,100.0,0.0
R. ROJAS,PAR,4,0,0,1,0.0,0.0,11.11111111111111,0.0,0.0,100.0,0.0
R. SHAHROUDI,IRN,3,0,0,1,0.0,0.0,7.4074074074074066,0.0,0.0,100.0,0.0
R. TELWE,INH,1,0,0,1,0.0,0.0,0.0,0.0,0.0,100.0,
R. de BOER,NED,12,2,0,2,0.1666666666666666,11.76470588235294,40.74074074074074,4.166666666666666,25.0,100.0,1.0
R.ALBIOL,ESP,7,0,0,1,0.0,0.0,22.22222222222222,0.0,0.0,100.0,0.0
R.CARLOS,BRA,5,0,0,1,0.0,0.0,14.814814814814811,0.0,0.0,100.0,0.0
R.CARVALHO,POR,7,0,2,1,0.0,0.0,22.22222222222222,0.0,0.0,75.0,2.0
R.COSTA,POR,7,0,1,1,0.0,0.0,22.22222222222222,0.0,0.0,87.5,2.0
R.ENAYATI,IRN,3,0,0,1,0.0,0.0,7.4074074074074066,0.0,0.0,100.0,0.0
R.MORALES,URU,3,1,0,1,0.3333333333333333,5.88235294117647,7.4074074074074066,8.333333333333332,0.0,100.0,0.0
R.PAKIKHATIBI,IRN,3,0,0,1,0.0,0.0,7.4074074074074066,0.0,0.0,100.0,0.0
R.REZAEI,IRN,3,0,0,1,0.0,0.0,7.4074074074074066,0.0,0.0,100.0,0.0
RABIU,GHA,3,0,1,1,0.0,0.0,7.4074074074074066,0.0,0.0,87.5,2.0
RADEBE,RSA,3,1,1,1,0.3333333333333333,5.88235294117647,7.4074074074074066,8.333333333333332,0.0,87.5,2.0
RADOMSKI,POL,3,0,1,1,0.0,0.0,7.4074074074074066,0.0,0.0,87.5,2.0
RADOSAVLJEVI?,SVN,3,0,1,1,0.0,0.0,7.4074074074074066,0.0,0.0,87.5,2.0
RAFA,POR,3,0,0,1,0.0,0.0,7.4074074074074066,0.0,0.0,100.0,0.0
RAFA PAZ,ESP,4,0,0,1,0.0,0.0,11.11111111111111,0.0,0.0,100.0,0.0
RAI,BRA,7,0,0,1,0.0,0.0,22.22222222222222,0.0,0.0,100.0,0.0
RAIS,ALG,4,0,0,1,0.0,0.0,11.11111111111111,0.0,0.0,100.0,0.0
RAKITI?,CRO,3,0,1,1,0.0,0.0,7.4074074074074066,0.0,0.0,87.5,2.0
RAME,FRA,3,0,0,1,0.0,0.0,7.4074074074074066,0.0,0.0,100.0,0.0
RAMELOW,GER,7,0,4,1,0.0,0.0,22.22222222222222,0.0,0.0,50.0,2.0
RAMIRES,BRA,12,0,3,2,0.0,0.0,40.74074074074074,0.0,25.0,62.5,3.0
RAMOS,COL,5,0,0,1,0.0,0.0,14.814814814814811,0.0,0.0,100.0,0.0
RAMOS,COL,5,0,0,1,0.0,0.0,14.814814814814811,0.0,0.0,100.0,1.0
RAMOS,COL,5,0,0,1,0.0,0.0,14.814814814814811,0.0,0.0,100.0,2.0
RAMOS,ESP,10,0,2,2,0.0,0.0,33.33333333333333,0.0,25.0,75.0,0.0
RAMOS,ESP,10,0,2,2,0.0,0.0,33.33333333333333,0.0,25.0,75.0,1.0
RAMOS,ESP,10,0,2,2,0.0,0.0,33.33333333333333,0.0,25.0,75.0,2.0
RAMOS,USA,4,0,1,1,0.0,0.0,11.11111111111111,0.0,0.0,87.5,0.0
RAMOS,USA,4,0,1,1,0.0,0.0,11.11111111111111,0.0,0.0,87.5,1.0
RAMOS,USA,4,0,1,1,0.0,0.0,11.11111111111111,0.0,0.0,87.5,2.0
RAPAIC,CRO,3,1,0,1,0.3333333333333333,5.88235294117647,7.4074074074074066,8.333333333333332,0.0,100.0,0.0
RASIAK,POL,3,0,0,1,0.0,0.0,7.4074074074074066,0.0,0.0,100.0,0.0
RAUL,ESP,12,5,0,3,0.4166666666666667,29.411764705882355,40.74074074074074,10.416666666666668,50.0,100.0,3.0
REBI?,CRO,3,0,1,1,0.0,0.0,7.4074074074074066,0.0,0.0,87.5,2.0
REBROV,UKR,5,1,0,1,0.2,5.88235294117647,14.814814814814811,5.0,0.0,100.0,0.0
REGIS,USA,5,0,0,1,0.0,0.0,14.814814814814811,0.0,0.0,100.0,0.0
REHMER,GER,7,0,0,1,0.0,0.0,22.22222222222222,0.0,0.0,100.0,0.0
REID,IRL,4,0,1,1,0.0,0.0,11.11111111111111,0.0,0.0,87.5,2.0
REID,IRL,4,0,1,1,0.0,0.0,11.11111111111111,0.0,0.0,87.5,2.0
REID,NZL,3,1,1,1,0.3333333333333333,5.88235294117647,7.4074074074074066,8.333333333333332,0.0,87.5,2.0
REID,NZL,3,1,1,1,0.3333333333333333,5.88235294117647,7.4074074074074066,8.333333333333332,0.0,87.5,2.0
REINA,ESP,14,0,0,3,0.0,0.0,48.14814814814815,0.0,50.0,100.0,3.0
REINALDO,BRA,7,1,0,1,0.1428571428571428,5.88235294117647,22.22222222222222,3.571428571428571,0.0,100.0,0.0
REKDAL,NOR,3,1,0,1,0.3333333333333333,5.88235294117647,7.4074074074074066,8.333333333333332,0.0,100.0,0.0
REMY,FRA,5,0,0,1,0.0,0.0,14.814814814814811,0.0,0.0,100.0,0.0
RENATO,BRA,12,0,0,2,0.0,0.0,40.74074074074074,0.0,25.0,100.0,1.0
RENATO GAUCHO,BRA,4,0,0,1,0.0,0.0,11.11111111111111,0.0,0.0,100.0,0.0
REVEILLERE,FRA,3,0,0,1,0.0,0.0,7.4074074074074066,0.0,0.0,100.0,0.0
REYES,ESP,4,0,1,1,0.0,0.0,11.11111111111111,0.0,0.0,87.5,2.0
REYNA,USA,8,0,2,2,0.0,0.0,25.925925925925924,0.0,25.0,75.0,1.0
REZA,IRN,3,1,0,1,0.3333333333333333,5.88235294117647,7.4074074074074066,8.333333333333332,0.0,100.0,0.0
RIBEIRO,POR,3,0,0,1,0.0,0.0,7.4074074074074066,0.0,0.0,100.0,0.0
RIBERY,FRA,10,1,2,2,0.1,5.88235294117647,33.33333333333333,2.5,25.0,75.0,1.0
RICARD,COL,3,0,0,1,0.0,0.0,7.4074074074074066,0.0,0.0,100.0,0.0
RICARDINHO,BRA,12,0,0,2,0.0,0.0,40.74074074074074,0.0,25.0,100.0,1.0
RICARDO,ESP,5,0,0,1,0.0,0.0,14.814814814814811,0.0,0.0,100.0,0.0
RICARDO,ESP,5,0,0,1,0.0,0.0,14.814814814814811,0.0,0.0,100.0,1.0
RICARDO,POR,10,0,1,2,0.0,0.0,33.33333333333333,0.0,25.0,87.5,0.0
RICARDO,POR,10,0,1,2,0.0,0.0,33.33333333333333,0.0,25.0,87.5,1.0
RICARDO GOMES,BRA,4,0,1,1,0.0,0.0,11.11111111111111,0.0,0.0,87.5,2.0
RICARDO ROCHA,BRA,11,0,1,2,0.0,0.0,37.03703703703704,0.0,25.0,87.5,1.0
RICKEN,GER,7,0,0,1,0.0,0.0,22.22222222222222,0.0,0.0,100.0,0.0
RIEPER,DEN,5,1,2,1,0.2,5.88235294117647,14.814814814814811,5.0,0.0,75.0,2.0
RILDO,BRA,3,1,0,1,0.3333333333333333,5.88235294117647,7.4074074074074066,8.333333333333332,0.0,100.0,0.0
RIMANDO,USA,4,0,0,1,0.0,0.0,11.11111111111111,0.0,0.0,100.0,0.0
RINCON,COL,6,0,0,2,0.0,0.0,18.51851851851852,0.0,25.0,100.0,1.0
RIQUELME,ARG,5,0,0,1,0.0,0.0,14.814814814814811,0.0,0.0,100.0,0.0
RIVALDO,BRA,14,7,0,2,0.5,41.17647058823529,48.14814814814815,12.5,25.0,100.0,1.0
RIVAROLA,PAR,4,0,0,1,0.0,0.0,11.11111111111111,0.0,0.0,100.0,0.0
RIVELINO,BRA,20,6,2,3,0.3,35.294117647058826,70.37037037037037,7.5,50.0,75.0,3.0
RIVEROS,PAR,8,1,1,2,0.125,5.88235294117647,25.925925925925924,3.125,25.0,87.5,1.0
ROBBEN,NED,18,6,5,3,0.3333333333333333,35.294117647058826,62.96296296296296,8.333333333333332,50.0,37.5,3.0
ROBERTO,BRA,11,1,0,2,0.0909090909090909,5.88235294117647,37.03703703703704,2.272727272727273,25.0,100.0,1.0
ROBERTO,BRA,11,1,0,2,0.0909090909090909,5.88235294117647,37.03703703703704,2.272727272727273,25.0,100.0,2.0
ROBERTO,ESP,4,0,1,1,0.0,0.0,11.11111111111111,0.0,0.0,87.5,1.0
ROBERTO,ESP,4,0,1,1,0.0,0.0,11.11111111111111,0.0,0.0,87.5,2.0
ROBERTO CARLOS,BRA,7,0,1,1,0.0,0.0,22.22222222222222,0.0,0.0,87.5,2.0
ROBERTO DINAMITE,BRA,12,3,1,2,0.25,17.647058823529413,40.74074074074074,6.25,25.0,87.5,1.0
ROBINHO,BRA,10,2,1,2,0.2,11.76470588235294,33.33333333333333,5.0,25.0,87.5,1.0
ROBINSON,ENG,5,0,1,1,0.0,0.0,14.814814814814811,0.0,0.0,87.5,2.0
RODRI,ESP,3,0,0,1,0.0,0.0,7.4074074074074066,0.0,0.0,100.0,0.0
RODRIGUES,BRA,9,0,0,2,0.0,0.0,29.629629629629623,0.0,25.0,100.0,1.0
RODRIGUES NETO,BRA,7,0,0,1,0.0,0.0,22.22222222222222,0.0,0.0,100.0,0.0
RODRIGUEZ,ARG,5,3,1,1,0.6,17.647058823529413,14.814814814814811,15.0,0.0,87.5,2.0
RODRIGUEZ,ARG,5,3,1,1,0.6,17.647058823529413,14.814814814814811,15.0,0.0,87.5,0.0
RODRIGUEZ,ARG,5,3,1,1,0.6,17.647058823529413,14.814814814814811,15.0,0.0,87.5,0.0
RODRIGUEZ,CRC,3,0,0,1,0.0,0.0,7.4074074074074066,0.0,0.0,100.0,2.0
RODRIGUEZ,CRC,3,0,0,1,0.0,0.0,7.4074074074074066,0.0,0.0,100.0,0.0
RODRIGUEZ,CRC,3,0,0,1,0.0,0.0,7.4074074074074066,0.0,0.0,100.0,0.0
RODRIGUEZ,SUI,4,0,0,1,0.0,0.0,11.11111111111111,0.0,0.0,100.0,2.0
RODRIGUEZ,SUI,4,0,0,1,0.0,0.0,11.11111111111111,0.0,0.0,100.0,0.0
RODRIGUEZ,SUI,4,0,0,1,0.0,0.0,11.11111111111111,0.0,0.0,100.0,0.0
RODRIGUEZ M.,CRC,3,0,0,1,0.0,0.0,7.4074074074074066,0.0,0.0,100.0,0.0
ROGERIO,BRA,7,0,0,1,0.0,0.0,22.22222222222222,0.0,0.0,100.0,0.0
ROJAS,CHI,4,0,0,1,0.0,0.0,11.11111111111111,0.0,0.0,100.0,0.0
ROJAS,CHI,4,0,0,1,0.0,0.0,11.11111111111111,0.0,0.0,100.0,0.0
ROJAS,ECU,3,0,0,1,0.0,0.0,7.4074074074074066,0.0,0.0,100.0,0.0
ROJAS,ECU,3,0,0,1,0.0,0.0,7.4074074074074066,0.0,0.0,100.0,0.0
ROJO,ARG,7,1,3,1,0.1428571428571428,5.88235294117647,22.22222222222222,3.571428571428571,0.0,62.5,2.0
ROLANDO,POR,4,0,0,1,0.0,0.0,11.11111111111111,0.0,0.0,100.0,0.0
ROMAO,TOG,3,0,2,1,0.0,0.0,7.4074074074074066,0.0,0.0,75.0,2.0
ROMARIC,CIV,6,1,0,2,0.1666666666666666,5.88235294117647,18.51851851851852,4.166666666666666,25.0,100.0,1.0
ROMERO,ARG,12,0,0,2,0.0,0.0,40.74074074074074,0.0,25.0,100.0,1.0
ROMERO,ARG,12,0,0,2,0.0,0.0,40.74074074074074,0.0,25.0,100.0,0.0
ROMERO,ESP,5,0,0,1,0.0,0.0,14.814814814814811,0.0,0.0,100.0,1.0
ROMERO,ESP,5,0,0,1,0.0,0.0,14.814814814814811,0.0,0.0,100.0,0.0
ROMEU,BRA,5,3,0,1,0.6,17.647058823529413,14.814814814814811,15.0,0.0,100.0,0.0
ROMMEDAHL,DEN,7,2,0,2,0.2857142857142857,11.76470588235294,22.22222222222222,7.142857142857142,25.0,100.0,1.0
ROMRIO (Romrio de Souza Faria),BRA,11,5,0,2,0.4545454545454545,29.411764705882355,37.03703703703704,11.363636363636363,25.0,100.0,1.0
RONALDAO,BRA,7,0,0,1,0.0,0.0,22.22222222222222,0.0,0.0,100.0,0.0
RONALDINHO,BRA,12,1,2,2,0.0833333333333333,5.88235294117647,40.74074074074074,2.083333333333333,25.0,75.0,1.0
RONALDO,BRA,26,14,2,4,0.5384615384615384,82.35294117647058,92.5925925925926,13.461538461538462,75.0,75.0,3.0
RONALDO,BRA,26,14,2,4,0.5384615384615384,82.35294117647058,92.5925925925926,13.461538461538462,75.0,75.0,1.0
RONALDO,POR,7,2,1,2,0.2857142857142857,11.76470588235294,22.22222222222222,7.142857142857142,25.0,87.5,3.0
RONALDO,POR,7,2,1,2,0.2857142857142857,11.76470588235294,22.22222222222222,7.142857142857142,25.0,87.5,1.0
ROONEY,ENG,12,1,1,3,0.0833333333333333,5.88235294117647,40.74074074074074,2.083333333333333,50.0,87.5,3.0
ROQUE JR,BRA,7,0,2,1,0.0,0.0,22.22222222222222,0.0,0.0,75.0,2.0
ROSENBERG,SWE,4,0,0,1,0.0,0.0,11.11111111111111,0.0,0.0,100.0,0.0
ROSENDO HERNANDEZ,ESP,6,0,0,1,0.0,0.0,18.51851851851852,0.0,0.0,100.0,0.0
ROSICKY,CZE,3,2,1,1,0.6666666666666666,11.76470588235294,7.4074074074074066,16.666666666666664,0.0,87.5,2.0
ROTAN,UKR,5,0,0,1,0.0,0.0,14.814814814814811,0.0,0.0,100.0,0.0
ROZEHNAL,CZE,3,0,1,1,0.0,0.0,7.4074074074074066,0.0,0.0,87.5,2.0
RUBEN CANO,ESP,3,0,0,1,0.0,0.0,7.4074074074074066,0.0,0.0,100.0,0.0
RUBENS,BRA,3,0,0,1,0.0,0.0,7.4074074074074066,0.0,0.0,100.0,0.0
RUDONJA,SVN,3,0,1,1,0.0,0.0,7.4074074074074066,0.0,0.0,87.5,2.0
RUFAI,NGA,4,0,0,1,0.0,0.0,11.11111111111111,0.0,0.0,100.0,0.0
RUFFIER,FRA,5,0,0,1,0.0,0.0,14.814814814814811,0.0,0.0,100.0,0.0
RUI AGUAS,POR,3,0,0,1,0.0,0.0,7.4074074074074066,0.0,0.0,100.0,0.0
RUI COSTA,POR,3,1,0,1,0.3333333333333333,5.88235294117647,7.4074074074074066,8.333333333333332,0.0,100.0,0.0
RUI JORGE,POR,3,0,1,1,0.0,0.0,7.4074074074074066,0.0,0.0,87.5,2.0
RUI MARQUES,ANG,3,0,0,1,0.0,0.0,7.4074074074074066,0.0,0.0,100.0,0.0
RUI PATRICIO,POR,3,0,0,1,0.0,0.0,7.4074074074074066,0.0,0.0,100.0,0.0
RUIZ B.,CRC,5,3,2,1,0.6,17.647058823529413,14.814814814814811,15.0,0.0,75.0,2.0
RUKAVINA,SRB,3,0,0,1,0.0,0.0,7.4074074074074066,0.0,0.0,100.0,0.0
RUKAVYTSYA,AUS,3,0,0,1,0.0,0.0,7.4074074074074066,0.0,0.0,100.0,0.0
RUSOL,UKR,5,1,2,1,0.2,5.88235294117647,14.814814814814811,5.0,0.0,75.0,2.0
RUSSINHO,BRA,2,0,0,1,0.0,0.0,3.7037037037037033,0.0,0.0,100.0,
RUSTU,TUR,7,0,1,1,0.0,0.0,22.22222222222222,0.0,0.0,87.5,2.0
RUY,BRA,6,0,0,1,0.0,0.0,18.51851851851852,0.0,0.0,100.0,0.0
RYAN,AUS,3,0,0,1,0.0,0.0,7.4074074074074066,0.0,0.0,100.0,0.0
RYOO Chang Kil,PRK,4,0,0,1,0.0,0.0,11.11111111111111,0.0,0.0,100.0,0.0
RYZHIKOV,RUS,3,0,0,1,0.0,0.0,7.4074074074074066,0.0,0.0,100.0,0.0
RZASA,POL,3,0,0,1,0.0,0.0,7.4074074074074066,0.0,0.0,100.0,0.0
Rabah MADJER,ALG,6,1,2,2,0.1666666666666666,5.88235294117647,18.51851851851852,4.166666666666666,25.0,75.0,1.0
Rabie YASSIN,EGY,3,0,0,1,0.0,0.0,7.4074074074074066,0.0,0.0,100.0,0.0
Rachid AZZOUZI,MAR,3,0,0,1,0.0,0.0,7.4074074074074066,0.0,0.0,100.0,0.0
Rachid DAOUDI,MAR,3,0,1,1,0.0,0.0,7.4074074074074066,0.0,0.0,87.5,2.0
Rachid HARKOUK,ALG,3,0,0,1,0.0,0.0,7.4074074074074066,0.0,0.0,100.0,0.0
Rachid NEQROUZ,MAR,3,0,0,1,0.0,0.0,7.4074074074074066,0.0,0.0,100.0,0.0
Rachid ROKKI,MAR,3,0,0,1,0.0,0.0,7.4074074074074066,0.0,0.0,100.0,0.0
Radhouane SALHI,TUN,3,0,0,1,0.0,0.0,7.4074074074074066,0.0,0.0,100.0,0.0
Radivoje OGNJANOVIC,YUG,4,1,0,1,0.25,5.88235294117647,11.11111111111111,6.25,0.0,100.0,0.0
Radoslav ZDRAVKOV,BUL,4,0,0,1,0.0,0.0,11.11111111111111,0.0,0.0,100.0,0.0
Radu NICULESCU,ROU,4,0,0,1,0.0,0.0,11.11111111111111,0.0,0.0,100.0,0.0
Radu NUNWEILLER,ROU,3,0,1,1,0.0,0.0,7.4074074074074066,0.0,0.0,87.5,2.0
Rafael ALBRECHT,ARG,7,0,1,2,0.0,0.0,22.22222222222222,0.0,25.0,87.5,1.0
Rafael AMADOR,MEX,5,0,0,1,0.0,0.0,14.814814814814811,0.0,0.0,100.0,0.0
Rafael AVALOS,MEX,2,0,0,1,0.0,0.0,3.7037037037037033,0.0,0.0,100.0,
Rafael GARZA,MEX,3,0,0,1,0.0,0.0,7.4074074074074066,0.0,0.0,100.0,0.0
Rafael GONZALEZ,CHI,3,0,0,1,0.0,0.0,7.4074074074074066,0.0,0.0,100.0,0.0
Rafael GORDILLO,ESP,10,0,1,2,0.0,0.0,33.33333333333333,0.0,25.0,87.5,1.0
Rafael MENDEZ,BOL,2,0,0,1,0.0,0.0,3.7037037037037033,0.0,0.0,100.0,
Rafael SALGUERO,PER,3,0,0,1,0.0,0.0,7.4074074074074066,0.0,0.0,100.0,0.0
Rafael SOUTO,URU,5,0,0,1,0.0,0.0,14.814814814814811,0.0,0.0,100.0,0.0
Ragnar GUSTAVSSON,SWE,2,0,0,1,0.0,0.0,3.7037037037037033,0.0,0.0,100.0,
Rahamim TALBI,ISR,3,0,0,1,0.0,0.0,7.4074074074074066,0.0,0.0,100.0,0.0
Raimond AUMANN,FRG,7,0,0,1,0.0,0.0,22.22222222222222,0.0,0.0,100.0,0.0
Raimundo ORSI,ITA,5,3,0,1,0.6,17.647058823529413,14.814814814814811,15.0,0.0,100.0,0.0
Raimundo RODRIGUEZ,MEX,3,0,0,1,0.0,0.0,7.4074074074074066,0.0,0.0,100.0,0.0
Rainer BONHOF,FRG,13,1,1,2,0.0769230769230769,5.88235294117647,44.44444444444444,1.9230769230769231,25.0,87.5,1.0
Rajko MITIC,YUG,6,1,0,2,0.1666666666666666,5.88235294117647,18.51851851851852,4.166666666666666,25.0,100.0,1.0
Ralf EDSTROM,SWE,9,4,0,2,0.4444444444444444,23.52941176470588,29.629629629629623,11.11111111111111,25.0,100.0,1.0
Ralph TRACY,USA,3,0,0,1,0.0,0.0,7.4074074074074066,0.0,0.0,100.0,0.0
Ramaz SHENGELIA,URS,5,1,0,1,0.2,5.88235294117647,14.814814814814811,5.0,0.0,100.0,0.0
Ramiro CASTILLO,BOL,3,0,0,1,0.0,0.0,7.4074074074074066,0.0,0.0,100.0,0.0
Ramiro NAVARRO,MEX,3,0,0,1,0.0,0.0,7.4074074074074066,0.0,0.0,100.0,0.0
Ramon ABELEDO,ARG,3,0,0,1,0.0,0.0,7.4074074074074066,0.0,0.0,100.0,0.0
Ramon ASTUDILLO,ARG,1,0,0,1,0.0,0.0,0.0,0.0,0.0,100.0,
Ramon DIAZ,ARG,5,1,0,1,0.2,5.88235294117647,14.814814814814811,5.0,0.0,100.0,0.0
Ramon FAGOAGA,SLV,3,0,1,1,0.0,0.0,7.4074074074074066,0.0,0.0,87.5,2.0
Ramon HEREDIA,ARG,6,1,1,1,0.1666666666666666,5.88235294117647,18.51851851851852,4.166666666666666,0.0,87.5,2.0
Ramon HICKS,PAR,4,0,0,1,0.0,0.0,11.11111111111111,0.0,0.0,100.0,0.0
Ramon MARADIAGA,HON,3,0,1,1,0.0,0.0,7.4074074074074066,0.0,0.0,87.5,2.0
Ramon MAYEREGGER,PAR,3,0,0,1,0.0,0.0,7.4074074074074066,0.0,0.0,100.0,0.0
Ramon MEDINA BELLO,ARG,4,0,0,1,0.0,0.0,11.11111111111111,0.0,0.0,100.0,0.0
Ramon MIFFLIN,PER,4,0,0,1,0.0,0.0,11.11111111111111,0.0,0.0,100.0,0.0
Ramon MUTTIS,ARG,5,0,0,1,0.0,0.0,14.814814814814811,0.0,0.0,100.0,0.0
Ramon Maria CALDERE,ESP,5,2,1,1,0.4,11.76470588235294,14.814814814814811,10.0,0.0,87.5,2.0
Ramon QUIROGA,PER,9,0,1,2,0.0,0.0,29.629629629629623,0.0,25.0,87.5,1.0
Ramon RAMIREZ,MEX,8,0,3,2,0.0,0.0,25.925925925925924,0.0,25.0,62.5,1.0
Randy RAGAN,CAN,3,0,0,1,0.0,0.0,7.4074074074074066,0.0,0.0,100.0,0.0
Randy SAMUEL,CAN,3,0,0,1,0.0,0.0,7.4074074074074066,0.0,0.0,100.0,0.0
Ranulfo CORTES,MEX,2,0,0,1,0.0,0.0,3.7037037037037033,0.0,0.0,100.0,
Raouf BEN AZIZA,TUN,3,0,0,1,0.0,0.0,7.4074074074074066,0.0,0.0,100.0,0.0
Raoul DIAGNE,FRA,2,0,0,1,0.0,0.0,3.7037037037037033,0.0,0.0,100.0,
Raoul LAMBERT,BEL,3,1,0,1,0.3333333333333333,5.88235294117647,7.4074074074074066,8.333333333333332,0.0,100.0,0.0
Ratko COLIC,YUG,3,0,0,1,0.0,0.0,7.4074074074074066,0.0,0.0,100.0,0.0
Ratko SVILAR,YUG,3,0,0,1,0.0,0.0,7.4074074074074066,0.0,0.0,100.0,0.0
Raul ARELLANO,MEX,2,0,0,1,0.0,0.0,3.7037037037037033,0.0,0.0,100.0,
Raul BELEN,ARG,3,0,0,1,0.0,0.0,7.4074074074074066,0.0,0.0,100.0,0.0
Raul CARDENAS,MEX,8,0,0,3,0.0,0.0,25.925925925925924,0.0,50.0,100.0,1.0
Raul CORDOBA,MEX,3,0,0,1,0.0,0.0,7.4074074074074066,0.0,0.0,100.0,0.0
Raul GORRITI,PER,6,0,0,1,0.0,0.0,18.51851851851852,0.0,0.0,100.0,0.0
Raul GUTIERREZ,MEX,4,0,0,1,0.0,0.0,11.11111111111111,0.0,0.0,100.0,0.0
Raul ISIORDIA,MEX,3,0,0,1,0.0,0.0,7.4074074074074066,0.0,0.0,100.0,0.0
Raul MAGANA,SLV,3,0,1,1,0.0,0.0,7.4074074074074066,0.0,0.0,87.5,2.0
Raul ORMENO,CHI,3,0,0,1,0.0,0.0,7.4074074074074066,0.0,0.0,100.0,0.0
Raul PAEZ,ARG,3,0,0,1,0.0,0.0,7.4074074074074066,0.0,0.0,100.0,0.0
Raul SANCHEZ,CHI,6,0,0,1,0.0,0.0,18.51851851851852,0.0,0.0,100.0,0.0
Raul SERVIN,MEX,5,1,1,1,0.2,5.88235294117647,14.814814814814811,5.0,0.0,87.5,2.0
Ray CLEMENCE,ENG,5,0,0,1,0.0,0.0,14.814814814814811,0.0,0.0,100.0,0.0
Ray HOUGHTON,IRL,9,1,1,2,0.1111111111111111,5.88235294117647,29.629629629629623,2.7777777777777777,25.0,87.5,1.0
Ray RICHARDS,AUS,3,0,2,1,0.0,0.0,7.4074074074074066,0.0,0.0,75.0,2.0
Ray WILKINS,ENG,10,0,3,2,0.0,0.0,33.33333333333333,0.0,25.0,62.5,1.0
Ray WILSON,ENG,10,0,0,2,0.0,0.0,33.33333333333333,0.0,25.0,100.0,1.0
Raymond AUSLOOS,BEL,2,0,0,1,0.0,0.0,3.7037037037037033,0.0,0.0,100.0,
Raymond BELLOT,FRA,6,0,0,1,0.0,0.0,18.51851851851852,0.0,0.0,100.0,0.0
Raymond BRAINE,BEL,1,0,0,1,0.0,0.0,0.0,0.0,0.0,100.0,
Raymond KAELBEL,FRA,8,0,0,2,0.0,0.0,25.925925925925924,0.0,25.0,100.0,1.0
Raymond KOPA,FRA,8,2,0,2,0.25,11.76470588235294,25.925925925925924,6.25,25.0,100.0,1.0
Raymond MOMMENS,BEL,12,0,0,2,0.0,0.0,40.74074074074074,0.0,25.0,100.0,1.0
Raymond PASELLO,SUI,2,0,0,1,0.0,0.0,3.7037037037037033,0.0,0.0,100.0,
Raymundo INFANTE,CHI,3,0,0,1,0.0,0.0,7.4074074074074066,0.0,0.0,100.0,0.0
Refik SABANADZOVIC,YUG,5,0,3,1,0.0,0.0,14.814814814814811,0.0,0.0,62.5,2.0
Reidar KVAMMEN,NOR,1,0,0,1,0.0,0.0,0.0,0.0,0.0,100.0,
Reinhard LAUCK,GDR,6,0,0,1,0.0,0.0,18.51851851851852,0.0,0.0,100.0,0.0
Reinhold HINTERMAIER,AUT,5,1,1,1,0.2,5.88235294117647,14.814814814814811,5.0,0.0,87.5,2.0
Reinhold MUENZENBERG,GER,6,0,0,2,0.0,0.0,18.51851851851852,0.0,25.0,100.0,1.0
Reino BORJESSON,SWE,6,0,0,1,0.0,0.0,18.51851851851852,0.0,0.0,100.0,0.0
Renato BIZZOZERO,SUI,5,0,0,2,0.0,0.0,14.814814814814811,0.0,25.0,100.0,1.0
Renato OLMI,ITA,4,0,0,1,0.0,0.0,11.11111111111111,0.0,0.0,100.0,0.0
Renato SAINZ,BOL,2,0,0,1,0.0,0.0,3.7037037037037033,0.0,0.0,100.0,
Renato ZACCARELLI,ITA,7,1,0,1,0.1428571428571428,5.88235294117647,22.22222222222222,3.571428571428571,0.0,100.0,0.0
Rene BADER,SUI,3,1,0,1,0.3333333333333333,5.88235294117647,7.4074074074074066,8.333333333333332,0.0,100.0,0.0
Rene BRODMANN,SUI,3,0,0,1,0.0,0.0,7.4074074074074066,0.0,0.0,100.0,0.0
Rene CABRERA,BOL,1,0,0,1,0.0,0.0,0.0,0.0,0.0,100.0,
Rene DEREUDDRE,FRA,2,0,0,1,0.0,0.0,3.7037037037037033,0.0,0.0,100.0,
Rene FERNANDEZ,BOL,2,0,0,1,0.0,0.0,3.7037037037037033,0.0,0.0,100.0,
Rene GIRARD,FRA,7,1,0,1,0.1428571428571428,5.88235294117647,22.22222222222222,3.571428571428571,0.0,100.0,0.0
Rene HENRIKSEN,DEN,5,0,0,1,0.0,0.0,14.814814814814811,0.0,0.0,100.0,0.0
Rene HIGUITA,COL,4,0,0,1,0.0,0.0,11.11111111111111,0.0,0.0,100.0,0.0
Rene HOUSEMAN,ARG,13,4,1,2,0.3076923076923077,23.52941176470588,44.44444444444444,7.6923076923076925,25.0,87.5,1.0
Rene LEDENT,BEL,1,0,0,1,0.0,0.0,0.0,0.0,0.0,100.0,
Rene LLENSE,FRA,3,0,0,2,0.0,0.0,7.4074074074074066,0.0,25.0,100.0,1.0
Rene NDJEYA,CMR,3,0,1,1,0.0,0.0,7.4074074074074066,0.0,0.0,87.5,2.0
Rene PIJPERS,NED,1,0,0,1,0.0,0.0,0.0,0.0,0.0,100.0,
Rene QUITRAL,CHI,3,0,0,1,0.0,0.0,7.4074074074074066,0.0,0.0,100.0,0.0
Rene VALENZUELA,CHI,3,0,0,1,0.0,0.0,7.4074074074074066,0.0,0.0,100.0,0.0
Rene VAN DE KERKHOF,NED,14,1,1,2,0.0714285714285714,5.88235294117647,48.14814814814815,1.7857142857142856,25.0,87.5,1.0
Rene VANDEREYCKEN,BEL,12,0,0,2,0.0,0.0,40.74074074074074,0.0,25.0,100.0,1.0
Rene VERHEYEN,BEL,5,0,0,1,0.0,0.0,14.814814814814811,0.0,0.0,100.0,0.0
Rene-Pierre QUENTIN,SUI,3,1,0,1,0.3333333333333333,5.88235294117647,7.4074074074074066,8.333333333333332,0.0,100.0,0.0
Revaz DZODZVASHVILI,URS,4,0,0,1,0.0,0.0,11.11111111111111,0.0,0.0,100.0,0.0
Rezso SOMLAI,HUN,2,0,0,1,0.0,0.0,3.7037037037037033,0.0,0.0,100.0,
Riadh BOUAZIZI,TUN,4,0,2,2,0.0,0.0,11.11111111111111,0.0,25.0,75.0,1.0
Riadh JELASSI,TUN,3,0,0,1,0.0,0.0,7.4074074074074066,0.0,0.0,100.0,0.0
Ricardo BOCHINI,ARG,7,0,0,1,0.0,0.0,22.22222222222222,0.0,0.0,100.0,0.0
Ricardo GALLEGO,ESP,10,0,0,2,0.0,0.0,33.33333333333333,0.0,25.0,100.0,1.0
Ricardo GARDNER,JAM,3,0,0,1,0.0,0.0,7.4074074074074066,0.0,0.0,100.0,0.0
Ricardo GIUSTI,ARG,14,0,6,2,0.0,0.0,48.14814814814815,0.0,25.0,25.0,3.0
Ricardo INFANTE,ARG,3,0,0,1,0.0,0.0,7.4074074074074066,0.0,0.0,100.0,0.0
Ricardo LA VOLPE,ARG,7,0,0,1,0.0,0.0,22.22222222222222,0.0,0.0,100.0,0.0
Ricardo PAVONI,URU,3,1,0,1,0.3333333333333333,5.88235294117647,7.4074074074074066,8.333333333333332,0.0,100.0,0.0
Ricardo VILLA,ARG,7,0,1,1,0.0,0.0,22.22222222222222,0.0,0.0,87.5,2.0
Ricardo ZAMORA,ESP,3,0,0,1,0.0,0.0,7.4074074074074066,0.0,0.0,100.0,0.0
Riccardo CARAPELLESE,ITA,2,2,0,1,1.0,11.76470588235294,3.7037037037037033,25.0,0.0,100.0,
Riccardo FERRI,ITA,7,0,1,1,0.0,0.0,22.22222222222222,0.0,0.0,87.5,2.0
Richard DUERR,SUI,6,0,0,2,0.0,0.0,18.51851851851852,0.0,25.0,100.0,1.0
Richard GOUGH,SCO,6,0,0,2,0.0,0.0,18.51851851851852,0.0,25.0,100.0,1.0
Richard HERRMANN,FRG,6,1,0,1,0.1666666666666666,5.88235294117647,18.51851851851852,4.166666666666666,0.0,100.0,0.0
Richard KEITH,NIR,5,0,0,1,0.0,0.0,14.814814814814811,0.0,0.0,100.0,0.0
Richard WILSON,NZL,3,0,0,1,0.0,0.0,7.4074074074074066,0.0,0.0,100.0,0.0
Richard WITSCHGE,NED,4,0,0,1,0.0,0.0,11.11111111111111,0.0,0.0,100.0,0.0
Ricki HERBERT,NZL,3,0,0,1,0.0,0.0,7.4074074074074066,0.0,0.0,100.0,0.0
Ridha ELLOUZ,TUN,3,0,0,1,0.0,0.0,7.4074074074074066,0.0,0.0,100.0,0.0
Ridvan BOLATLI,TUR,3,0,0,1,0.0,0.0,7.4074074074074066,0.0,0.0,100.0,0.0
Rigobert SONG,CMR,3,0,1,1,0.0,0.0,7.4074074074074066,0.0,0.0,87.5,2.0
Rigoberto CISNEROS,MEX,3,0,0,1,0.0,0.0,7.4074074074074066,0.0,0.0,100.0,0.0
Rik COPPENS,BEL,2,1,0,1,0.5,5.88235294117647,3.7037037037037033,12.5,0.0,100.0,
Rinat DASAEV,URS,12,0,0,3,0.0,0.0,40.74074074074074,0.0,50.0,100.0,3.0
Rino FERRARIO,ITA,3,0,0,1,0.0,0.0,7.4074074074074066,0.0,0.0,100.0,0.0
Rinus ISRAEL,NED,7,0,0,1,0.0,0.0,22.22222222222222,0.0,0.0,100.0,0.0
Rizah MESKOVIC,YUG,6,0,0,1,0.0,0.0,18.51851851851852,0.0,0.0,100.0,0.0
Roald AMUNDSEN,NOR,1,0,0,1,0.0,0.0,0.0,0.0,0.0,100.0,
Roar STRAND,NOR,7,0,0,2,0.0,0.0,22.22222222222222,0.0,25.0,100.0,1.0
Rob RENSENBRINK,NED,14,2,0,2,0.1428571428571428,11.76470588235294,48.14814814814815,3.571428571428571,25.0,100.0,1.0
Rob WITSCHGE,NED,5,0,1,1,0.0,0.0,14.814814814814811,0.0,0.0,87.5,2.0
Rober ERYOL,TUR,3,0,0,1,0.0,0.0,7.4074074074074066,0.0,0.0,100.0,0.0
Robert ALMOND,NZL,3,0,0,1,0.0,0.0,7.4074074074074066,0.0,0.0,100.0,0.0
Robert BALLAMAN,SUI,4,4,0,1,1.0,23.52941176470588,11.11111111111111,25.0,0.0,100.0,0.0
Robert BRAET,BEL,1,0,0,1,0.0,0.0,0.0,0.0,0.0,100.0,
Robert BUDZYNSKI,FRA,3,0,0,1,0.0,0.0,7.4074074074074066,0.0,0.0,100.0,0.0
Robert DEFOSSE,FRA,1,0,0,1,0.0,0.0,0.0,0.0,0.0,100.0,
Robert DIENST,AUT,8,0,0,2,0.0,0.0,25.925925925925924,0.0,25.0,100.0,1.0
Robert EARLE,JAM,3,1,0,1,0.3333333333333333,5.88235294117647,7.4074074074074066,8.333333333333332,0.0,100.0,0.0
Robert FLECK,SCO,3,0,0,1,0.0,0.0,7.4074074074074066,0.0,0.0,100.0,0.0
Robert GADOCHA,POL,7,0,0,1,0.0,0.0,22.22222222222222,0.0,0.0,100.0,0.0
Robert HERBIN,FRA,3,0,0,1,0.0,0.0,7.4074074074074066,0.0,0.0,100.0,0.0
Robert HOSP,SUI,3,0,0,1,0.0,0.0,7.4074074074074066,0.0,0.0,100.0,0.0
Robert JARNI,CRO,7,1,1,1,0.1428571428571428,5.88235294117647,22.22222222222222,3.571428571428571,0.0,87.5,2.0
Robert JARNI,CRO,7,1,1,1,0.1428571428571428,5.88235294117647,22.22222222222222,3.571428571428571,0.0,87.5,0.0
Robert JARNI,YUG,5,0,0,1,0.0,0.0,14.814814814814811,0.0,0.0,100.0,2.0
Robert JARNI,YUG,5,0,0,1,0.0,0.0,14.814814814814811,0.0,0.0,100.0,0.0
Robert JOHNSTONE,SCO,2,0,0,1,0.0,0.0,3.7037037037037033,0.0,0.0,100.0,
Robert JONQUET,FRA,8,0,0,2,0.0,0.0,25.925925925925924,0.0,25.0,100.0,1.0
Robert KOERNER,AUT,5,0,0,1,0.0,0.0,14.814814814814811,0.0,0.0,100.0,0.0
Robert LAMOOT,BEL,1,0,0,1,0.0,0.0,0.0,0.0,0.0,100.0,
Robert LEE,ENG,4,0,0,1,0.0,0.0,11.11111111111111,0.0,0.0,100.0,0.0
Robert MAERTENS,BEL,2,0,0,1,0.0,0.0,3.7037037037037033,0.0,0.0,100.0,
Robert MOUYNET,FRA,6,0,0,1,0.0,0.0,18.51851851851852,0.0,0.0,100.0,0.0
Robert PAVERICK,BEL,1,0,0,1,0.0,0.0,0.0,0.0,0.0,100.0,
Robert PECL,AUT,3,0,2,1,0.0,0.0,7.4074074074074066,0.0,0.0,75.0,2.0
Robert PIRES,FRA,7,0,0,1,0.0,0.0,22.22222222222222,0.0,0.0,100.0,0.0
Robert PROSINECKI,CRO,7,2,1,1,0.2857142857142857,11.76470588235294,22.22222222222222,7.142857142857142,0.0,87.5,2.0
Robert PROSINECKI,CRO,7,2,1,1,0.2857142857142857,11.76470588235294,22.22222222222222,7.142857142857142,0.0,87.5,0.0
Robert PROSINECKI,YUG,5,1,0,1,0.2,5.88235294117647,14.814814814814811,5.0,0.0,100.0,2.0
Robert PROSINECKI,YUG,5,1,0,1,0.2,5.88235294117647,14.814814814814811,5.0,0.0,100.0,0.0
Robert SADOWSKY,ROU,2,0,0,1,0.0,0.0,3.7037037037037033,0.0,0.0,100.0,
Robert SARA,AUT,6,0,1,1,0.0,0.0,18.51851851851852,0.0,0.0,87.5,2.0
Robert VAN KERCKHOVEN,BEL,2,0,0,1,0.0,0.0,3.7037037037037033,0.0,0.0,100.0,
Roberto ANZOLIN,ITA,3,0,0,1,0.0,0.0,7.4074074074074066,0.0,0.0,100.0,0.0
Roberto AYALA,ARG,5,0,1,1,0.0,0.0,14.814814814814811,0.0,0.0,87.5,2.0
Roberto BAGGIO,ITA,7,2,1,1,0.2857142857142857,11.76470588235294,22.22222222222222,7.142857142857142,0.0,87.5,2.0
Roberto BAILEY,HON,3,0,0,1,0.0,0.0,7.4074074074074066,0.0,0.0,100.0,0.0
Roberto BETTEGA,ITA,7,2,0,1,0.2857142857142857,11.76470588235294,22.22222222222222,7.142857142857142,0.0,100.0,0.0
Roberto BONINSEGNA,ITA,9,2,2,2,0.2222222222222222,11.76470588235294,29.629629629629623,5.555555555555555,25.0,75.0,1.0
Roberto CABANAS,PAR,4,2,0,1,0.5,11.76470588235294,11.11111111111111,12.5,0.0,100.0,0.0
Roberto CAPPARELLI,BOL,1,0,0,1,0.0,0.0,0.0,0.0,0.0,100.0,
Roberto CERRO,ARG,5,0,0,1,0.0,0.0,14.814814814814811,0.0,0.0,100.0,0.0
Roberto CHALLE,PER,4,1,0,1,0.25,5.88235294117647,11.11111111111111,6.25,0.0,100.0,0.0
Roberto CORTES,CHI,3,0,0,1,0.0,0.0,7.4074074074074066,0.0,0.0,100.0,0.0
Roberto DI MATTEO,ITA,5,0,0,1,0.0,0.0,14.814814814814811,0.0,0.0,100.0,0.0
Roberto DONADONI,ITA,14,0,0,2,0.0,0.0,48.14814814814815,0.0,25.0,100.0,1.0
Roberto Eduardo SOSA,URU,7,0,0,2,0.0,0.0,22.22222222222222,0.0,25.0,100.0,1.0
Roberto FERNANDEZ,PAR,4,0,0,1,0.0,0.0,11.11111111111111,0.0,0.0,100.0,0.0
Roberto FERRERO,ARG,4,0,0,1,0.0,0.0,11.11111111111111,0.0,0.0,100.0,0.0
Roberto FRIGERIO,SUI,3,0,0,1,0.0,0.0,7.4074074074074066,0.0,0.0,100.0,0.0
Roberto GAYON,MEX,3,1,0,1,0.3333333333333333,5.88235294117647,7.4074074074074066,8.333333333333332,0.0,100.0,0.0
Roberto HODGE,CHI,3,0,0,1,0.0,0.0,7.4074074074074066,0.0,0.0,100.0,0.0
Roberto IRANETA,ARG,1,0,0,1,0.0,0.0,0.0,0.0,0.0,100.0,
Roberto LEOPARDI,URU,5,0,0,1,0.0,0.0,14.814814814814811,0.0,0.0,100.0,0.0
Roberto MANCINI,ITA,7,0,0,1,0.0,0.0,22.22222222222222,0.0,0.0,100.0,0.0
Roberto MATOSAS,URU,6,0,0,1,0.0,0.0,18.51851851851852,0.0,0.0,100.0,0.0
Roberto MOSQUERA,PER,6,0,0,1,0.0,0.0,18.51851851851852,0.0,0.0,100.0,0.0
Roberto MUSSI,ITA,7,0,0,1,0.0,0.0,22.22222222222222,0.0,0.0,100.0,0.0
Roberto PERFUMO,ARG,10,0,2,2,0.0,0.0,33.33333333333333,0.0,25.0,75.0,1.0
Roberto RIVAS,SLV,3,0,0,1,0.0,0.0,7.4074074074074066,0.0,0.0,100.0,0.0
Roberto ROJAS,PER,6,0,0,1,0.0,0.0,18.51851851851852,0.0,0.0,100.0,0.0
Roberto ROSATO,ITA,9,0,1,2,0.0,0.0,29.629629629629623,0.0,25.0,87.5,1.0
Roberto SENSINI,ARG,12,0,2,2,0.0,0.0,40.74074074074074,0.0,25.0,75.0,1.0
Roberto TELCH,ARG,6,0,0,1,0.0,0.0,18.51851851851852,0.0,0.0,100.0,0.0
Roberto TRICELLA,ITA,4,0,0,1,0.0,0.0,11.11111111111111,0.0,0.0,100.0,0.0
Rodion CAMATARU,ROU,4,0,0,1,0.0,0.0,11.11111111111111,0.0,0.0,100.0,0.0
Rodolf RODRIGUEZ,URU,4,0,0,1,0.0,0.0,11.11111111111111,0.0,0.0,100.0,0.0
Rodolfo DUBO,CHI,3,0,1,1,0.0,0.0,7.4074074074074066,0.0,0.0,87.5,2.0
Rodolfo MANZO,PER,6,0,1,1,0.0,0.0,18.51851851851852,0.0,0.0,87.5,2.0
Rodolfo ORLANDINI,ARG,5,0,0,1,0.0,0.0,14.814814814814811,0.0,0.0,100.0,0.0
Rodolfo PINI,URU,4,0,0,1,0.0,0.0,11.11111111111111,0.0,0.0,100.0,0.0
Rodolfo SANDOVAL,URU,6,0,0,1,0.0,0.0,18.51851851851852,0.0,0.0,100.0,0.0
Rodrigo BARRERA,CHI,4,0,0,1,0.0,0.0,11.11111111111111,0.0,0.0,100.0,0.0
Rodrigo RUIZ,MEX,3,0,0,1,0.0,0.0,7.4074074074074066,0.0,0.0,100.0,0.0
Rogelio DELGADO,PAR,4,0,0,1,0.0,0.0,11.11111111111111,0.0,0.0,100.0,0.0
Rogelio DOMINGUEZ,ARG,3,0,0,1,0.0,0.0,7.4074074074074066,0.0,0.0,100.0,0.0
Rogelio FARIAS,CHI,3,0,0,1,0.0,0.0,7.4074074074074066,0.0,0.0,100.0,0.0
Roger BOCQUET,SUI,7,0,0,2,0.0,0.0,22.22222222222222,0.0,25.0,100.0,1.0
Roger BYRNE,ENG,3,0,0,1,0.0,0.0,7.4074074074074066,0.0,0.0,100.0,0.0
Roger COURTOIS,FRA,3,0,0,2,0.0,0.0,7.4074074074074066,0.0,25.0,100.0,1.0
Roger FEUTMBA,CMR,5,0,0,1,0.0,0.0,14.814814814814811,0.0,0.0,100.0,0.0
Roger FLORES,CRC,4,1,0,1,0.25,5.88235294117647,11.11111111111111,6.25,0.0,100.0,0.0
Roger GOMEZ,CRC,4,0,2,1,0.0,0.0,11.11111111111111,0.0,0.0,75.0,2.0
Roger HUNT,ENG,10,3,0,2,0.3,17.647058823529413,33.33333333333333,7.5,25.0,100.0,1.0
Roger LJUNG,SWE,10,1,2,2,0.1,5.88235294117647,33.33333333333333,2.5,25.0,75.0,1.0
Roger MARCHE,FRA,8,0,0,2,0.0,0.0,25.925925925925924,0.0,25.0,100.0,1.0
Roger MATHIS,SUI,4,0,0,1,0.0,0.0,11.11111111111111,0.0,0.0,100.0,0.0
Roger MILLA,CMR,11,5,3,3,0.4545454545454545,29.411764705882355,37.03703703703704,11.363636363636363,50.0,62.5,3.0
Roger NILSEN,NOR,3,0,0,1,0.0,0.0,7.4074074074074066,0.0,0.0,100.0,0.0
Roger PIANTONI,FRA,6,3,0,1,0.5,17.647058823529413,18.51851851851852,12.5,0.0,100.0,0.0
Roger QUINCHE,SUI,3,0,0,1,0.0,0.0,7.4074074074074066,0.0,0.0,100.0,0.0
Roger RIO,FRA,1,0,0,1,0.0,0.0,0.0,0.0,0.0,100.0,
Roger SAINT-VIL,HAI,3,0,0,1,0.0,0.0,7.4074074074074066,0.0,0.0,100.0,0.0
Roger VONLANTHEN,SUI,7,0,0,2,0.0,0.0,22.22222222222222,0.0,25.0,100.0,1.0
Roland AMAN,SWE,3,0,0,1,0.0,0.0,7.4074074074074066,0.0,0.0,100.0,0.0
Roland ANDERSSON,SWE,3,0,0,1,0.0,0.0,7.4074074074074066,0.0,0.0,100.0,0.0
Roland GRIP,SWE,9,0,0,2,0.0,0.0,29.629629629629623,0.0,25.0,100.0,1.0
Roland HATTENBERGER,AUT,11,0,1,2,0.0,0.0,37.03703703703704,0.0,25.0,87.5,1.0
Roland IRUSTA,ARG,4,0,0,1,0.0,0.0,11.11111111111111,0.0,0.0,100.0,0.0
Roland NILSSON,SWE,10,0,1,2,0.0,0.0,33.33333333333333,0.0,25.0,87.5,1.0
Roland SANDBERG,SWE,6,2,0,1,0.3333333333333333,11.76470588235294,18.51851851851852,8.333333333333332,0.0,100.0,0.0
Rolando CHILAVERT,PAR,4,0,0,1,0.0,0.0,11.11111111111111,0.0,0.0,100.0,0.0
Rolando GARCIA,CHI,3,0,1,1,0.0,0.0,7.4074074074074066,0.0,0.0,87.5,2.0
Rolando SERRANO,COL,3,0,0,1,0.0,0.0,7.4074074074074066,0.0,0.0,100.0,0.0
Rolf HOLMBERG,NOR,1,0,0,1,0.0,0.0,0.0,0.0,0.0,100.0,
Rolf JOHANNESEN,NOR,1,0,0,1,0.0,0.0,0.0,0.0,0.0,100.0,
Rolf RUESSMANN,FRG,6,0,0,1,0.0,0.0,18.51851851851852,0.0,0.0,100.0,0.0
Rolf WUETHRICH,SUI,3,1,0,1,0.3333333333333333,5.88235294117647,7.4074074074074066,8.333333333333332,0.0,100.0,0.0
Roman JAKOBCZAK,POL,7,0,0,1,0.0,0.0,22.22222222222222,0.0,0.0,100.0,0.0
Roman MAHLICH,AUT,3,0,0,1,0.0,0.0,7.4074074074074066,0.0,0.0,100.0,0.0
Roman WOJCICKI,POL,17,0,2,3,0.0,0.0,59.25925925925925,0.0,50.0,75.0,3.0
Romano FOGLI,ITA,3,0,0,1,0.0,0.0,7.4074074074074066,0.0,0.0,100.0,0.0
Romeo BENETTI,ITA,10,2,3,2,0.2,11.76470588235294,33.33333333333333,5.0,25.0,62.5,1.0
Romildo ETCHEVERRY,PAR,2,0,0,1,0.0,0.0,3.7037037037037033,0.0,0.0,100.0,
Ron FLOWERS,ENG,10,0,0,2,0.0,0.0,33.33333333333333,0.0,25.0,100.0,1.0
Ron HEWITT,WAL,5,0,0,1,0.0,0.0,14.814814814814811,0.0,0.0,100.0,0.0
Ron SPRINGETT,ENG,10,0,0,2,0.0,0.0,33.33333333333333,0.0,25.0,100.0,1.0
Ron STANIFORTH,ENG,3,0,0,1,0.0,0.0,7.4074074074074066,0.0,0.0,100.0,0.0
Ronald CLAYTON,ENG,4,0,0,1,0.0,0.0,11.11111111111111,0.0,0.0,100.0,0.0
Ronald FUENTES,CHI,4,0,1,1,0.0,0.0,11.11111111111111,0.0,0.0,87.5,2.0
Ronald GONZALEZ,CRC,4,1,1,1,0.25,5.88235294117647,11.11111111111111,6.25,0.0,87.5,2.0
Ronald KOEMAN,NED,9,0,1,2,0.0,0.0,29.629629629629623,0.0,25.0,87.5,1.0
Ronald LANGON,URU,3,0,0,1,0.0,0.0,7.4074074074074066,0.0,0.0,100.0,0.0
Ronald MARIN,CRC,4,0,0,1,0.0,0.0,11.11111111111111,0.0,0.0,100.0,0.0
Ronald WORM,FRG,6,0,0,1,0.0,0.0,18.51851851851852,0.0,0.0,100.0,0.0
Ronnie HELLSTROM,SWE,12,0,0,3,0.0,0.0,40.74074074074074,0.0,50.0,100.0,3.0
Ronnie WHELAN,IRL,9,0,0,2,0.0,0.0,29.629629629629623,0.0,25.0,100.0,1.0
Ronny JOHNSEN,NOR,4,0,0,1,0.0,0.0,11.11111111111111,0.0,0.0,100.0,0.0
Ronny PETTERSSON,SWE,3,0,0,1,0.0,0.0,7.4074074074074066,0.0,0.0,100.0,0.0
Roque MASPOLI,URU,9,0,0,2,0.0,0.0,29.629629629629623,0.0,25.0,100.0,1.0
Rosen KIRILOV,BUL,3,0,0,1,0.0,0.0,7.4074074074074066,0.0,0.0,100.0,0.0
Rostilav VOJACEK,TCH,3,0,0,1,0.0,0.0,7.4074074074074066,0.0,0.0,100.0,0.0
Roy AITKEN,SCO,6,0,0,2,0.0,0.0,18.51851851851852,0.0,25.0,100.0,1.0
Roy ANDERSSON,SWE,3,0,0,1,0.0,0.0,7.4074074074074066,0.0,0.0,100.0,0.0
Roy BENTLEY,ENG,3,0,0,1,0.0,0.0,7.4074074074074066,0.0,0.0,100.0,0.0
Roy KEANE,IRL,4,0,1,1,0.0,0.0,11.11111111111111,0.0,0.0,87.5,2.0
Roy MYERS,CRC,4,0,0,1,0.0,0.0,11.11111111111111,0.0,0.0,100.0,0.0
Roy REA,NIR,5,0,0,1,0.0,0.0,14.814814814814811,0.0,0.0,100.0,0.0
Roy VERNON,WAL,5,0,0,1,0.0,0.0,14.814814814814811,0.0,0.0,100.0,0.0
Roy WEGERLE,USA,3,0,0,1,0.0,0.0,7.4074074074074066,0.0,0.0,100.0,0.0
Ruben AYALA,ARG,6,1,0,1,0.1666666666666666,5.88235294117647,18.51851851851852,4.166666666666666,0.0,100.0,0.0
Ruben BARENO,URU,6,0,0,1,0.0,0.0,18.51851851851852,0.0,0.0,100.0,0.0
Ruben CORBO,URU,3,0,0,1,0.0,0.0,7.4074074074074066,0.0,0.0,100.0,0.0
Ruben CORREA,PER,4,0,0,1,0.0,0.0,11.11111111111111,0.0,0.0,100.0,0.0
Ruben DIAZ,PER,9,1,0,2,0.1111111111111111,5.88235294117647,29.629629629629623,2.7777777777777777,25.0,100.0,1.0
Ruben GALVAN,ARG,7,0,0,1,0.0,0.0,22.22222222222222,0.0,0.0,100.0,0.0
Ruben GLARIA,ARG,6,0,0,1,0.0,0.0,18.51851851851852,0.0,0.0,100.0,0.0
Ruben GONZALEZ,URU,3,0,0,1,0.0,0.0,7.4074074074074066,0.0,0.0,100.0,0.0
Ruben HERNANDEZ,COL,4,0,0,1,0.0,0.0,11.11111111111111,0.0,0.0,100.0,0.0
Ruben MARCOS,CHI,3,1,1,1,0.3333333333333333,5.88235294117647,7.4074074074074066,8.333333333333332,0.0,87.5,2.0
Ruben MORAN,URU,4,0,0,1,0.0,0.0,11.11111111111111,0.0,0.0,100.0,0.0
Ruben NAVARRO,ARG,3,0,1,1,0.0,0.0,7.4074074074074066,0.0,0.0,87.5,2.0
Ruben PAGNANINI,ARG,7,0,0,1,0.0,0.0,22.22222222222222,0.0,0.0,100.0,0.0
Ruben PAZ,URU,8,0,0,2,0.0,0.0,25.925925925925924,0.0,25.0,100.0,1.0
Ruben PEREIRA,URU,4,0,0,1,0.0,0.0,11.11111111111111,0.0,0.0,100.0,0.0
Ruben RUIZ DIAZ,PAR,4,0,0,1,0.0,0.0,11.11111111111111,0.0,0.0,100.0,0.0
Ruben SORIA,URU,3,0,0,1,0.0,0.0,7.4074074074074066,0.0,0.0,100.0,0.0
Ruben SOSA,ARG,3,0,0,1,0.0,0.0,7.4074074074074066,0.0,0.0,100.0,0.0
Ruben SOSA,ARG,3,0,0,1,0.0,0.0,7.4074074074074066,0.0,0.0,100.0,2.0
Ruben SOSA,URU,4,0,1,1,0.0,0.0,11.11111111111111,0.0,0.0,87.5,0.0
Ruben SOSA,URU,4,0,1,1,0.0,0.0,11.11111111111111,0.0,0.0,87.5,2.0
Rudi HOFFMANN,FRG,6,0,0,1,0.0,0.0,18.51851851851852,0.0,0.0,100.0,0.0
Rudi KARGUS,FRG,6,0,0,1,0.0,0.0,18.51851851851852,0.0,0.0,100.0,0.0
Rudi SMIDTS,BEL,4,0,1,1,0.0,0.0,11.11111111111111,0.0,0.0,87.5,2.0
Rudi VIERTL,AUT,4,0,0,1,0.0,0.0,11.11111111111111,0.0,0.0,100.0,0.0
Rudi VOELLER,FRG,14,6,3,2,0.4285714285714285,35.294117647058826,48.14814814814815,10.714285714285714,25.0,62.5,3.0
Rudi VOELLER,FRG,14,6,3,2,0.4285714285714285,35.294117647058826,48.14814814814815,10.714285714285714,25.0,62.5,2.0
Rudi VOELLER,GER,5,2,1,1,0.4,11.76470588235294,14.814814814814811,10.0,0.0,87.5,3.0
Rudi VOELLER,GER,5,2,1,1,0.4,11.76470588235294,14.814814814814811,10.0,0.0,87.5,2.0
Rudolf BUERGER,ROU,4,0,0,2,0.0,0.0,11.11111111111111,0.0,25.0,100.0,1.0
Rudolf GELLESCH,GER,2,0,0,1,0.0,0.0,3.7037037037037033,0.0,0.0,100.0,
Rudolf GRAMLICH,GER,4,0,0,1,0.0,0.0,11.11111111111111,0.0,0.0,100.0,0.0
Rudolf KOTORMANY,ROU,1,0,0,1,0.0,0.0,0.0,0.0,0.0,100.0,
Rudolf KRCIL,TCH,4,0,0,1,0.0,0.0,11.11111111111111,0.0,0.0,100.0,0.0
Rudolf NOACK,GER,4,1,0,1,0.25,5.88235294117647,11.11111111111111,6.25,0.0,100.0,0.0
Rudolf RAFTL,AUT,4,0,0,1,0.0,0.0,11.11111111111111,0.0,0.0,100.0,0.0
Rudolf RAFTL,GER,2,0,0,1,0.0,0.0,3.7037037037037033,0.0,0.0,100.0,0.0
Rudolf SZANWALD,AUT,3,0,0,1,0.0,0.0,7.4074074074074066,0.0,0.0,100.0,0.0
Rudolf WETZER,ROU,2,0,0,1,0.0,0.0,3.7037037037037033,0.0,0.0,100.0,
Ruedi GYGER,SUI,3,0,0,1,0.0,0.0,7.4074074074074066,0.0,0.0,100.0,0.0
Ruediger ABRAMCZIK,FRG,6,1,1,1,0.1666666666666666,5.88235294117647,18.51851851851852,4.166666666666666,0.0,87.5,2.0
Ruediger SCHNUPHASE,GDR,6,0,0,1,0.0,0.0,18.51851851851852,0.0,0.0,100.0,0.0
Rumen GORANOV,BUL,3,0,0,1,0.0,0.0,7.4074074074074066,0.0,0.0,100.0,0.0
Rune BRATSETH,NOR,3,0,0,1,0.0,0.0,7.4074074074074066,0.0,0.0,100.0,0.0
Rune CARLSSON,SWE,2,0,0,1,0.0,0.0,3.7037037037037033,0.0,0.0,100.0,
Ruud GEELS,NED,7,0,0,1,0.0,0.0,22.22222222222222,0.0,0.0,100.0,0.0
Ruud GULLIT,NED,4,1,0,1,0.25,5.88235294117647,11.11111111111111,6.25,0.0,100.0,0.0
Ruud HESP,NED,7,0,0,1,0.0,0.0,22.22222222222222,0.0,0.0,100.0,0.0
Ruud KROL,NED,14,1,1,2,0.0714285714285714,5.88235294117647,48.14814814814815,1.7857142857142856,25.0,87.5,1.0
Ryszard KOMORNICKI,POL,4,0,0,1,0.0,0.0,11.11111111111111,0.0,0.0,100.0,0.0
Ryszard PIEC,POL,1,0,0,1,0.0,0.0,0.0,0.0,0.0,100.0,
Ryszard TARASIEWICZ,POL,4,0,0,1,0.0,0.0,11.11111111111111,0.0,0.0,100.0,0.0
S C YOO,KOR,7,1,1,1,0.1428571428571428,5.88235294117647,22.22222222222222,3.571428571428571,0.0,87.5,2.0
S G KIM,KOR,3,0,0,1,0.0,0.0,7.4074074074074066,0.0,0.0,100.0,0.0
S H HWANG,KOR,16,2,0,4,0.125,11.76470588235294,55.55555555555556,3.125,75.0,100.0,3.0
S J HA,KOR,3,0,0,1,0.0,0.0,7.4074074074074066,0.0,0.0,100.0,0.0
S R JUNG,KOR,3,0,0,1,0.0,0.0,7.4074074074074066,0.0,0.0,100.0,0.0
S W KIM,KOR,3,0,0,1,0.0,0.0,7.4074074074074066,0.0,0.0,100.0,0.0
S Y CHOI,KOR,7,0,0,1,0.0,0.0,22.22222222222222,0.0,0.0,100.0,0.0
S Y KI,KOR,3,0,1,1,0.0,0.0,7.4074074074074066,0.0,0.0,87.5,2.0
S Y YUN,KOR,3,0,0,1,0.0,0.0,7.4074074074074066,0.0,0.0,100.0,0.0
S. ADAMS,GHA,3,0,0,1,0.0,0.0,7.4074074074074066,0.0,0.0,100.0,0.0
S. AL-JABER,KSA,7,0,1,2,0.0,0.0,22.22222222222222,0.0,25.0,87.5,1.0
S. AL-OWAIRAN,KSA,3,0,0,1,0.0,0.0,7.4074074074074066,0.0,0.0,100.0,0.0
S. APPIAH,GHA,9,0,2,2,0.0,0.0,29.629629629629623,0.0,25.0,75.0,1.0
S. AURIER,CIV,3,0,0,1,0.0,0.0,7.4074074074074066,0.0,0.0,100.0,0.0
S. CAMARA,SEN,5,0,0,1,0.0,0.0,14.814814814814811,0.0,0.0,100.0,0.0
S. CARMONA,MEX,4,0,1,1,0.0,0.0,11.11111111111111,0.0,0.0,87.5,2.0
S. CASTILLO,ECU,4,0,1,1,0.0,0.0,11.11111111111111,0.0,0.0,87.5,2.0
S. CAZORLA,ESP,3,0,0,1,0.0,0.0,7.4074074074074066,0.0,0.0,100.0,0.0
S. COATES,URU,4,0,0,1,0.0,0.0,11.11111111111111,0.0,0.0,100.0,0.0
S. CONCEICAO,POR,3,0,0,1,0.0,0.0,7.4074074074074066,0.0,0.0,100.0,0.0
S. DINMOHAMMADI,IRN,3,0,0,1,0.0,0.0,7.4074074074074066,0.0,0.0,100.0,0.0
S. HAMEDANI,IRN,3,0,0,1,0.0,0.0,7.4074074074074066,0.0,0.0,100.0,0.0
S. JOHN,TRI,3,0,0,1,0.0,0.0,7.4074074074074066,0.0,0.0,100.0,0.0
S. MERCADO,MEX,4,0,0,1,0.0,0.0,11.11111111111111,0.0,0.0,100.0,0.0
S. NDIAYE,SEN,5,0,0,1,0.0,0.0,14.814814814814811,0.0,0.0,100.0,0.0
S. OWAIRAN,KSA,4,1,0,1,0.25,5.88235294117647,11.11111111111111,6.25,0.0,100.0,0.0
S. TRABELSI,TUN,3,0,0,1,0.0,0.0,7.4074074074074066,0.0,0.0,100.0,0.0
S.ABREU,URU,3,0,1,1,0.0,0.0,7.4074074074074066,0.0,0.0,87.5,2.0
S.B. POULSEN,DEN,3,0,0,1,0.0,0.0,7.4074074074074066,0.0,0.0,100.0,0.0
S.BAKHTIARIZADEH,IRN,3,1,0,1,0.3333333333333333,5.88235294117647,7.4074074074074066,8.333333333333332,0.0,100.0,0.0
S.FERNANDEZ,URU,7,0,0,1,0.0,0.0,22.22222222222222,0.0,0.0,100.0,0.0
SAAD,KSA,3,0,0,1,0.0,0.0,7.4074074074074066,0.0,0.0,100.0,0.0
SABILLON,HON,3,0,0,1,0.0,0.0,7.4074074074074066,0.0,0.0,100.0,0.0
SABORIO A.,CRC,3,0,0,1,0.0,0.0,7.4074074074074066,0.0,0.0,100.0,0.0
SADDAM KARIM,IRQ,3,0,1,1,0.0,0.0,7.4074074074074066,0.0,0.0,87.5,2.0
SAGNA,FRA,8,0,0,2,0.0,0.0,25.925925925925924,0.0,25.0,100.0,1.0
SAGNOL,FRA,10,0,3,2,0.0,0.0,33.33333333333333,0.0,25.0,62.5,1.0
SAHA,FRA,7,0,2,1,0.0,0.0,22.22222222222222,0.0,0.0,75.0,2.0
SAIDI,TUN,3,0,0,1,0.0,0.0,7.4074074074074066,0.0,0.0,100.0,0.0
SAIFI,ALG,3,0,0,1,0.0,0.0,7.4074074074074066,0.0,0.0,100.0,0.0
SAITO,JPN,3,0,0,1,0.0,0.0,7.4074074074074066,0.0,0.0,100.0,0.0
SAKHO,FRA,5,0,0,1,0.0,0.0,14.814814814814811,0.0,0.0,100.0,0.0
SALATA,SVK,4,0,0,1,0.0,0.0,11.11111111111111,0.0,0.0,100.0,0.0
SALIFOU M.,TOG,3,0,2,1,0.0,0.0,7.4074074074074066,0.0,0.0,75.0,2.0
SALIHOVI?,BIH,3,0,0,1,0.0,0.0,7.4074074074074066,0.0,0.0,100.0,0.0
SALLI,CMR,3,0,1,1,0.0,0.0,7.4074074074074066,0.0,0.0,87.5,2.0
SALPINGIDIS,GRE,7,1,1,2,0.1428571428571428,5.88235294117647,22.22222222222222,3.571428571428571,25.0,87.5,1.0
SAMARAS,GRE,7,0,2,2,0.0,0.0,22.22222222222222,0.0,25.0,75.0,1.0
SAMARIS,GRE,4,1,2,1,0.25,5.88235294117647,11.11111111111111,6.25,0.0,75.0,2.0
SAMEDOV,RUS,3,0,0,1,0.0,0.0,7.4074074074074066,0.0,0.0,100.0,0.0
SAMMIR,CRO,3,0,0,1,0.0,0.0,7.4074074074074066,0.0,0.0,100.0,0.0
SAMUEL,ARG,8,0,1,2,0.0,0.0,25.925925925925924,0.0,25.0,87.5,1.0
SAMUEL,ARG,8,0,1,2,0.0,0.0,25.925925925925924,0.0,25.0,87.5,0.0
SAMUEL,TRI,3,0,0,1,0.0,0.0,7.4074074074074066,0.0,0.0,100.0,1.0
SAMUEL,TRI,3,0,0,1,0.0,0.0,7.4074074074074066,0.0,0.0,100.0,0.0
SANABRIA,PAR,4,0,0,1,0.0,0.0,11.11111111111111,0.0,0.0,100.0,0.0
SANCHEZ,CHI,4,0,0,1,0.0,0.0,11.11111111111111,0.0,0.0,100.0,0.0
SANCHEZ,CHI,4,0,0,1,0.0,0.0,11.11111111111111,0.0,0.0,100.0,0.0
SANCHEZ,CHI,4,0,0,1,0.0,0.0,11.11111111111111,0.0,0.0,100.0,0.0
SANCHEZ,ECU,3,0,0,1,0.0,0.0,7.4074074074074066,0.0,0.0,100.0,0.0
SANCHEZ,ECU,3,0,0,1,0.0,0.0,7.4074074074074066,0.0,0.0,100.0,0.0
SANCHEZ,ECU,3,0,0,1,0.0,0.0,7.4074074074074066,0.0,0.0,100.0,0.0
SANCHEZ,MEX,4,0,0,1,0.0,0.0,11.11111111111111,0.0,0.0,100.0,0.0
SANCHEZ,MEX,4,0,0,1,0.0,0.0,11.11111111111111,0.0,0.0,100.0,0.0
SANCHEZ,MEX,4,0,0,1,0.0,0.0,11.11111111111111,0.0,0.0,100.0,0.0
SANCHO,TRI,3,0,1,1,0.0,0.0,7.4074074074074066,0.0,0.0,87.5,2.0
SAND,DEN,4,0,1,1,0.0,0.0,11.11111111111111,0.0,0.0,87.5,2.0
SANGSIK,KOR,3,0,0,1,0.0,0.0,7.4074074074074066,0.0,0.0,100.0,0.0
SANGWENI,RSA,3,0,0,1,0.0,0.0,7.4074074074074066,0.0,0.0,100.0,0.0
SANKOVIC,SVN,3,0,0,1,0.0,0.0,7.4074074074074066,0.0,0.0,100.0,0.0
SANNEH,USA,5,0,0,1,0.0,0.0,14.814814814814811,0.0,0.0,100.0,0.0
SANTA,COL,3,0,2,1,0.0,0.0,7.4074074074074066,0.0,0.0,75.0,2.0
SANTA CRUZ,PAR,9,1,2,2,0.1111111111111111,5.88235294117647,29.629629629629623,2.7777777777777777,25.0,75.0,1.0
SANTACRUZ,PAR,3,0,0,1,0.0,0.0,7.4074074074074066,0.0,0.0,100.0,0.0
SANTANA,PAR,5,0,1,1,0.0,0.0,14.814814814814811,0.0,0.0,87.5,2.0
SANTILLANA,ESP,8,0,0,2,0.0,0.0,25.925925925925924,0.0,25.0,100.0,1.0
SAPARA,SVK,4,0,0,1,0.0,0.0,11.11111111111111,0.0,0.0,100.0,0.0
SARABIA,PAR,4,0,0,1,0.0,0.0,11.11111111111111,0.0,0.0,100.0,0.0
SARIC,CRO,3,0,0,1,0.0,0.0,7.4074074074074066,0.0,0.0,100.0,0.0
SARITAMA,ECU,3,0,0,1,0.0,0.0,7.4074074074074066,0.0,0.0,100.0,0.0
SARPEI,GHA,9,0,1,2,0.0,0.0,29.629629629629623,0.0,25.0,87.5,1.0
SAVICEVIC,YUG,5,0,0,1,0.0,0.0,14.814814814814811,0.0,0.0,100.0,0.0
SAVIOLA,ARG,5,1,1,1,0.2,5.88235294117647,14.814814814814811,5.0,0.0,87.5,2.0
SCALONI,ARG,5,0,0,1,0.0,0.0,14.814814814814811,0.0,0.0,100.0,0.0
SCHAARS,NED,7,0,0,1,0.0,0.0,22.22222222222222,0.0,0.0,100.0,0.0
SCHILDENFELD,CRO,3,0,0,1,0.0,0.0,7.4074074074074066,0.0,0.0,100.0,0.0
SCHJONBERG,DEN,5,0,1,1,0.0,0.0,14.814814814814811,0.0,0.0,87.5,2.0
SCHNEIDER,GER,14,1,1,2,0.0714285714285714,5.88235294117647,48.14814814814815,1.7857142857142856,25.0,87.5,1.0
SCHNEIDERLIN,FRA,5,0,0,1,0.0,0.0,14.814814814814811,0.0,0.0,100.0,0.0
SCHOLES,ENG,5,0,1,1,0.0,0.0,14.814814814814811,0.0,0.0,87.5,2.0
SCHR,SUI,4,0,0,1,0.0,0.0,11.11111111111111,0.0,0.0,100.0,0.0
SCHRRLE,GER,7,6,0,1,0.8571428571428571,35.294117647058826,22.22222222222222,21.428571428571427,0.0,100.0,0.0
SCHWARZER,AUS,7,0,0,2,0.0,0.0,22.22222222222222,0.0,25.0,100.0,1.0
SCHWEGLER,SUI,3,0,0,1,0.0,0.0,7.4074074074074066,0.0,0.0,100.0,0.0
SCHWEINSTEIGER,GER,21,2,6,3,0.0952380952380952,11.76470588235294,74.07407407407408,2.380952380952381,50.0,25.0,3.0
SCIFO,BEL,4,0,1,1,0.0,0.0,11.11111111111111,0.0,0.0,87.5,2.0
SCOTLAND,TRI,3,0,0,1,0.0,0.0,7.4074074074074066,0.0,0.0,100.0,0.0
SCOTTI,URU,7,0,0,1,0.0,0.0,22.22222222222222,0.0,0.0,100.0,0.0
SEAMAN,ENG,5,0,0,1,0.0,0.0,14.814814814814811,0.0,0.0,100.0,0.0
SEFEROVIC,SUI,4,1,0,1,0.25,5.88235294117647,11.11111111111111,6.25,0.0,100.0,0.0
SEITARIDIS,GRE,3,0,0,1,0.0,0.0,7.4074074074074066,0.0,0.0,100.0,0.0
SELLIMI,TUN,3,0,0,1,0.0,0.0,7.4074074074074066,0.0,0.0,100.0,0.0
SELYMES,ROU,5,0,2,1,0.0,0.0,14.814814814814811,0.0,0.0,75.0,2.0
SEMAK,RUS,3,0,0,1,0.0,0.0,7.4074074074074066,0.0,0.0,100.0,0.0
SEMENOV,RUS,3,0,0,1,0.0,0.0,7.4074074074074066,0.0,0.0,100.0,0.0
SEMSHOV,RUS,3,0,1,1,0.0,0.0,7.4074074074074066,0.0,0.0,87.5,2.0
SENDEROS,SUI,11,1,1,3,0.0909090909090909,5.88235294117647,37.03703703703704,2.272727272727273,50.0,87.5,3.0
SENNA,ESP,4,0,0,1,0.0,0.0,11.11111111111111,0.0,0.0,100.0,0.0
SENNIKOV,RUS,3,0,1,1,0.0,0.0,7.4074074074074066,0.0,0.0,87.5,2.0
SENSINI,ARG,4,0,0,1,0.0,0.0,11.11111111111111,0.0,0.0,100.0,0.0
SEO D. M.,KOR,3,0,0,1,0.0,0.0,7.4074074074074066,0.0,0.0,100.0,0.0
SEO J. W.,KOR,3,0,0,1,0.0,0.0,7.4074074074074066,0.0,0.0,100.0,0.0
SEQUEIRA D.,CRC,3,0,0,1,0.0,0.0,7.4074074074074066,0.0,0.0,100.0,0.0
SEREY DIE,CIV,3,0,1,1,0.0,0.0,7.4074074074074066,0.0,0.0,87.5,2.0
SERGI,ESP,8,0,1,2,0.0,0.0,25.925925925925924,0.0,25.0,87.5,1.0
SERGINHO,BRA,5,2,0,1,0.4,11.76470588235294,14.814814814814811,10.0,0.0,100.0,0.0
SERGIO,ESP,15,0,1,3,0.0,0.0,51.85185185185185,0.0,50.0,87.5,3.0
SERGIO RAMOS,ESP,4,0,0,1,0.0,0.0,11.11111111111111,0.0,0.0,100.0,0.0
SERIC,CRO,6,0,0,2,0.0,0.0,18.51851851851852,0.0,25.0,100.0,1.0
SERNA,COL,3,0,1,1,0.0,0.0,7.4074074074074066,0.0,0.0,87.5,2.0
SESTAK,SVK,4,0,1,1,0.0,0.0,11.11111111111111,0.0,0.0,87.5,2.0
SEUNGYEOUL,KOR,4,0,0,1,0.0,0.0,11.11111111111111,0.0,0.0,100.0,0.0
SHAABAN,SWE,4,0,0,1,0.0,0.0,11.11111111111111,0.0,0.0,100.0,0.0
SHAKER NADHUM,IRQ,3,0,1,1,0.0,0.0,7.4074074074074066,0.0,0.0,87.5,2.0
SHAKER SAMIR,IRQ,3,0,2,1,0.0,0.0,7.4074074074074066,0.0,0.0,75.0,2.0
SHAQIRI,SUI,7,3,0,2,0.4285714285714285,17.647058823529413,22.22222222222222,10.714285714285714,25.0,100.0,1.0
SHATOV,RUS,3,0,1,1,0.0,0.0,7.4074074074074066,0.0,0.0,87.5,2.0
SHAW,ENG,3,0,0,1,0.0,0.0,7.4074074074074066,0.0,0.0,100.0,0.0
SHCHENNIKOV,RUS,3,0,0,1,0.0,0.0,7.4074074074074066,0.0,0.0,100.0,0.0
SHELAYEV,UKR,5,0,1,1,0.0,0.0,14.814814814814811,0.0,0.0,87.5,2.0
SHERINGHAM,ENG,5,0,0,1,0.0,0.0,14.814814814814811,0.0,0.0,100.0,0.0
SHEVCHENKO,UKR,5,1,0,1,0.2,5.88235294117647,14.814814814814811,5.0,0.0,100.0,0.0
SHIN Hong Gi,KOR,3,0,1,1,0.0,0.0,7.4074074074074066,0.0,0.0,87.5,2.0
SHIN Yung Kyoo,PRK,4,0,0,1,0.0,0.0,11.11111111111111,0.0,0.0,100.0,0.0
SHITTU,NGA,3,0,0,1,0.0,0.0,7.4074074074074066,0.0,0.0,100.0,0.0
SHORUNMU,NGA,3,0,0,1,0.0,0.0,7.4074074074074066,0.0,0.0,100.0,0.0
SHOVKOVSKYI,UKR,5,0,0,1,0.0,0.0,14.814814814814811,0.0,0.0,100.0,0.0
SHUST,UKR,5,0,0,1,0.0,0.0,14.814814814814811,0.0,0.0,100.0,0.0
SI MOHAMMED,ALG,4,0,0,1,0.0,0.0,11.11111111111111,0.0,0.0,100.0,0.0
SIBAYA,RSA,6,0,0,2,0.0,0.0,18.51851851851852,0.0,25.0,100.0,1.0
SIBIK,POL,3,0,0,1,0.0,0.0,7.4074074074074066,0.0,0.0,100.0,0.0
SIFAKIS,GRE,3,0,0,1,0.0,0.0,7.4074074074074066,0.0,0.0,100.0,0.0
SIGMUND,NZL,3,0,0,1,0.0,0.0,7.4074074074074066,0.0,0.0,100.0,0.0
SILAS,BRA,9,0,0,2,0.0,0.0,29.629629629629623,0.0,25.0,100.0,1.0
SILVA,BRA,3,0,0,1,0.0,0.0,7.4074074074074066,0.0,0.0,100.0,0.0
SILVA,BRA,3,0,0,1,0.0,0.0,7.4074074074074066,0.0,0.0,100.0,2.0
SILVA,BRA,3,0,0,1,0.0,0.0,7.4074074074074066,0.0,0.0,100.0,1.0
SILVA,BRA,3,0,0,1,0.0,0.0,7.4074074074074066,0.0,0.0,100.0,0.0
SILVA,CHI,4,0,3,1,0.0,0.0,11.11111111111111,0.0,0.0,62.5,0.0
SILVA,CHI,4,0,3,1,0.0,0.0,11.11111111111111,0.0,0.0,62.5,2.0
SILVA,CHI,4,0,3,1,0.0,0.0,11.11111111111111,0.0,0.0,62.5,1.0
SILVA,CHI,4,0,3,1,0.0,0.0,11.11111111111111,0.0,0.0,62.5,0.0
SILVA,ESP,10,0,0,2,0.0,0.0,33.33333333333333,0.0,25.0,100.0,0.0
SILVA,ESP,10,0,0,2,0.0,0.0,33.33333333333333,0.0,25.0,100.0,2.0
SILVA,ESP,10,0,0,2,0.0,0.0,33.33333333333333,0.0,25.0,100.0,1.0
SILVA,ESP,10,0,0,2,0.0,0.0,33.33333333333333,0.0,25.0,100.0,0.0
SILVA,URU,7,0,0,1,0.0,0.0,22.22222222222222,0.0,0.0,100.0,0.0
SILVA,URU,7,0,0,1,0.0,0.0,22.22222222222222,0.0,0.0,100.0,2.0
SILVA,URU,7,0,0,1,0.0,0.0,22.22222222222222,0.0,0.0,100.0,1.0
SILVA,URU,7,0,0,1,0.0,0.0,22.22222222222222,0.0,0.0,100.0,0.0
SILVESTRE,FRA,10,0,0,2,0.0,0.0,33.33333333333333,0.0,25.0,100.0,1.0
SIMEONE,ARG,7,0,1,2,0.0,0.0,22.22222222222222,0.0,25.0,87.5,1.0
SIMEUNOVIC,SVN,3,0,0,1,0.0,0.0,7.4074074074074066,0.0,0.0,100.0,0.0
SIMIC,CRO,6,0,4,2,0.0,0.0,18.51851851851852,0.0,25.0,50.0,2.0
SIMO,POR,11,1,0,2,0.0909090909090909,5.88235294117647,37.03703703703704,2.272727272727273,25.0,100.0,1.0
SIMONS,BEL,4,0,0,1,0.0,0.0,11.11111111111111,0.0,0.0,100.0,0.0
SIMUNIC,CRO,6,0,5,2,0.0,0.0,18.51851851851852,0.0,25.0,37.5,2.0
SINCLAIR,ENG,5,0,0,1,0.0,0.0,14.814814814814811,0.0,0.0,100.0,0.0
SIO,CIV,3,0,0,1,0.0,0.0,7.4074074074074066,0.0,0.0,100.0,0.0
SIONKO,CZE,3,0,0,1,0.0,0.0,7.4074074074074066,0.0,0.0,100.0,0.0
SIRIGU,ITA,3,0,0,1,0.0,0.0,7.4074074074074066,0.0,0.0,100.0,0.0
SISSOKO,FRA,5,1,0,1,0.2,5.88235294117647,14.814814814814811,5.0,0.0,100.0,0.0
SKOKO,AUS,4,0,0,1,0.0,0.0,11.11111111111111,0.0,0.0,100.0,0.0
SKRTEL,SVK,4,0,1,1,0.0,0.0,11.11111111111111,0.0,0.0,87.5,2.0
SLIMANI,ALG,4,2,0,1,0.5,11.76470588235294,11.11111111111111,12.5,0.0,100.0,0.0
SMALLING,ENG,3,0,0,1,0.0,0.0,7.4074074074074066,0.0,0.0,100.0,0.0
SMELTZ,NZL,3,1,0,1,0.3333333333333333,5.88235294117647,7.4074074074074066,8.333333333333332,0.0,100.0,0.0
SMERTIN,RUS,3,0,1,1,0.0,0.0,7.4074074074074066,0.0,0.0,87.5,2.0
SMITH,NZL,3,0,1,1,0.0,0.0,7.4074074074074066,0.0,0.0,87.5,2.0
SMOLAREK,POL,3,0,1,1,0.0,0.0,7.4074074074074066,0.0,0.0,87.5,2.0
SNEIJDER,NED,18,7,2,3,0.3888888888888889,41.17647058823529,62.96296296296296,9.722222222222223,50.0,75.0,3.0
SOBOLEWSKI,POL,3,0,4,1,0.0,0.0,7.4074074074074066,0.0,0.0,50.0,2.0
SOBRINHO,POR,3,0,0,1,0.0,0.0,7.4074074074074066,0.0,0.0,100.0,0.0
SOCRATES,BRA,10,3,0,2,0.3,17.647058823529413,33.33333333333333,7.5,25.0,100.0,1.0
SODJE,NGA,3,0,1,1,0.0,0.0,7.4074074074074066,0.0,0.0,87.5,2.0
SOGAHATA,JPN,4,0,0,1,0.0,0.0,11.11111111111111,0.0,0.0,100.0,0.0
SOKRATIS,GRE,7,2,2,2,0.2857142857142857,11.76470588235294,22.22222222222222,7.142857142857142,25.0,75.0,1.0
SOLDO,CRO,3,0,0,1,0.0,0.0,7.4074074074074066,0.0,0.0,100.0,0.0
SOLE,ESP,3,0,0,1,0.0,0.0,7.4074074074074066,0.0,0.0,100.0,0.0
SOLIS,CRC,3,0,1,1,0.0,0.0,7.4074074074074066,0.0,0.0,87.5,2.0
SOLIS M.,CRC,3,0,1,1,0.0,0.0,7.4074074074074066,0.0,0.0,87.5,2.0
SOLOMATIN,RUS,3,0,2,1,0.0,0.0,7.4074074074074066,0.0,0.0,75.0,2.0
SOLSKJR,NOR,4,0,0,1,0.0,0.0,11.11111111111111,0.0,0.0,100.0,0.0
SOMMER,SUI,4,0,0,1,0.0,0.0,11.11111111111111,0.0,0.0,100.0,0.0
SONCK,BEL,4,1,0,1,0.25,5.88235294117647,11.11111111111111,6.25,0.0,100.0,0.0
SONG,CMR,12,0,5,4,0.0,0.0,40.74074074074074,0.0,75.0,37.5,3.0
SONGO'O,CMR,3,0,1,1,0.0,0.0,7.4074074074074066,0.0,0.0,87.5,2.0
SONGOO,CMR,3,0,0,1,0.0,0.0,7.4074074074074066,0.0,0.0,100.0,0.0
SORENSEN,DEN,4,0,0,1,0.0,0.0,11.11111111111111,0.0,0.0,100.0,0.0
SORIN,ARG,8,0,2,2,0.0,0.0,25.925925925925924,0.0,25.0,75.0,1.0
SOUDANI,ALG,4,0,0,1,0.0,0.0,11.11111111111111,0.0,0.0,100.0,0.0
SOULEYMANOU,CMR,3,0,0,1,0.0,0.0,7.4074074074074066,0.0,0.0,100.0,0.0
SOUTHGATE,ENG,5,0,0,1,0.0,0.0,14.814814814814811,0.0,0.0,100.0,0.0
SPAHI?,BIH,3,0,1,1,0.0,0.0,7.4074074074074066,0.0,0.0,87.5,2.0
SPECTOR,USA,4,0,0,1,0.0,0.0,11.11111111111111,0.0,0.0,100.0,0.0
SPIRANOVIC,AUS,3,0,1,1,0.0,0.0,7.4074074074074066,0.0,0.0,87.5,2.0
SPYCHER,SUI,4,0,1,1,0.0,0.0,11.11111111111111,0.0,0.0,87.5,2.0
SPYROPOULOS,GRE,3,0,0,1,0.0,0.0,7.4074074074074066,0.0,0.0,100.0,0.0
SQUILLACI,FRA,3,0,0,1,0.0,0.0,7.4074074074074066,0.0,0.0,100.0,0.0
SRENSEN,DEN,3,0,1,1,0.0,0.0,7.4074074074074066,0.0,0.0,87.5,2.0
SRNA,CRO,6,1,1,2,0.1666666666666666,5.88235294117647,18.51851851851852,4.166666666666666,25.0,87.5,1.0
STAELENS,BEL,4,0,0,1,0.0,0.0,11.11111111111111,0.0,0.0,100.0,0.0
STAJNER,CZE,3,0,0,1,0.0,0.0,7.4074074074074066,0.0,0.0,100.0,0.0
STANIC,CRO,3,0,0,1,0.0,0.0,7.4074074074074066,0.0,0.0,100.0,0.0
STANKOVI?,SRB,3,0,0,1,0.0,0.0,7.4074074074074066,0.0,0.0,100.0,0.0
STANKOVIC,SCG,3,0,1,1,0.0,0.0,7.4074074074074066,0.0,0.0,87.5,2.0
STAUNTON,IRL,4,0,1,1,0.0,0.0,11.11111111111111,0.0,0.0,87.5,2.0
STEKELENBURG,NED,11,0,1,2,0.0,0.0,37.03703703703704,0.0,25.0,87.5,1.0
STELEA,ROU,5,0,0,1,0.0,0.0,14.814814814814811,0.0,0.0,100.0,0.0
STENMAN,SWE,4,0,0,1,0.0,0.0,11.11111111111111,0.0,0.0,100.0,0.0
STENSTAD,NOR,4,0,0,1,0.0,0.0,11.11111111111111,0.0,0.0,100.0,0.0
STERJOVSKI,AUS,4,0,0,1,0.0,0.0,11.11111111111111,0.0,0.0,100.0,0.0
STERLING,ENG,3,0,1,1,0.0,0.0,7.4074074074074066,0.0,0.0,87.5,2.0
STEVANOVI?,SVN,3,0,0,1,0.0,0.0,7.4074074074074066,0.0,0.0,100.0,0.0
STEWART,USA,9,1,0,2,0.1111111111111111,5.88235294117647,29.629629629629623,2.7777777777777777,25.0,100.0,1.0
STOCH,SVK,4,0,0,1,0.0,0.0,11.11111111111111,0.0,0.0,100.0,0.0
STOCKER,SUI,4,0,0,1,0.0,0.0,11.11111111111111,0.0,0.0,100.0,0.0
STOITCHKOV,BUL,7,3,2,1,0.4285714285714285,17.647058823529413,22.22222222222222,10.714285714285714,0.0,75.0,2.0
STOJKOVI?,SRB,3,0,0,1,0.0,0.0,7.4074074074074066,0.0,0.0,100.0,0.0
STOJKOVIC,SCG,3,0,0,1,0.0,0.0,7.4074074074074066,0.0,0.0,100.0,0.0
STOJKOVIC,SCG,3,0,0,1,0.0,0.0,7.4074074074074066,0.0,0.0,100.0,2.0
STOJKOVIC,YUG,5,2,1,1,0.4,11.76470588235294,14.814814814814811,10.0,0.0,87.5,0.0
STOJKOVIC,YUG,5,2,1,1,0.4,11.76470588235294,14.814814814814811,10.0,0.0,87.5,2.0
STRBA,SVK,4,0,2,1,0.0,0.0,11.11111111111111,0.0,0.0,75.0,2.0
STRELLER,SUI,4,0,1,1,0.0,0.0,11.11111111111111,0.0,0.0,87.5,2.0
STRUPAR,BEL,4,0,0,1,0.0,0.0,11.11111111111111,0.0,0.0,100.0,0.0
STRUWAY,PAR,4,0,0,1,0.0,0.0,11.11111111111111,0.0,0.0,100.0,0.0
STURRIDGE,ENG,3,1,0,1,0.3333333333333333,5.88235294117647,7.4074074074074066,8.333333333333332,0.0,100.0,0.0
SUAREZ,URU,7,3,1,1,0.4285714285714285,17.647058823529413,22.22222222222222,10.714285714285714,0.0,87.5,2.0
SUAREZ SANCHEZ,MEX,4,0,2,1,0.0,0.0,11.11111111111111,0.0,0.0,75.0,2.0
SUAZO,CHI,4,0,1,1,0.0,0.0,11.11111111111111,0.0,0.0,87.5,2.0
SUAZO,CHI,4,0,1,1,0.0,0.0,11.11111111111111,0.0,0.0,87.5,2.0
SUAZO,HON,3,0,1,1,0.0,0.0,7.4074074074074066,0.0,0.0,87.5,2.0
SUAZO,HON,3,0,1,1,0.0,0.0,7.4074074074074066,0.0,0.0,87.5,2.0
SUBAI?,CRO,3,0,0,1,0.0,0.0,7.4074074074074066,0.0,0.0,100.0,0.0
SUBOTI?,SRB,3,0,1,1,0.0,0.0,7.4074074074074066,0.0,0.0,87.5,2.0
SUFFO,CMR,3,0,4,1,0.0,0.0,7.4074074074074066,0.0,0.0,50.0,2.0
SUI?,BIH,3,0,0,1,0.0,0.0,7.4074074074074066,0.0,0.0,100.0,0.0
SUKER,CRO,3,0,0,1,0.0,0.0,7.4074074074074066,0.0,0.0,100.0,0.0
SULAIMANI,KSA,5,0,0,2,0.0,0.0,14.814814814814811,0.0,25.0,100.0,1.0
SULIMAN,KSA,3,0,0,1,0.0,0.0,7.4074074074074066,0.0,0.0,100.0,0.0
SUMAILA,GHA,3,0,0,1,0.0,0.0,7.4074074074074066,0.0,0.0,100.0,0.0
SUNG Nak Woon,KOR,2,0,0,1,0.0,0.0,3.7037037037037033,0.0,0.0,100.0,
SUNGRYONG,KOR,4,0,0,1,0.0,0.0,11.11111111111111,0.0,0.0,100.0,0.0
SUNGYUENG,KOR,4,0,0,1,0.0,0.0,11.11111111111111,0.0,0.0,100.0,0.0
SUNSING,CRC,3,0,0,1,0.0,0.0,7.4074074074074066,0.0,0.0,100.0,0.0
SUZUKI,JPN,4,1,0,1,0.25,5.88235294117647,11.11111111111111,6.25,0.0,100.0,0.0
SVENSSON,SWE,4,1,1,1,0.25,5.88235294117647,11.11111111111111,6.25,0.0,87.5,2.0
SVIDERSKYY,UKR,5,0,3,1,0.0,0.0,14.814814814814811,0.0,0.0,62.5,2.0
SWIERCZEWSKI,POL,3,0,2,1,0.0,0.0,7.4074074074074066,0.0,0.0,75.0,2.0
SYLVA,SEN,5,0,0,1,0.0,0.0,14.814814814814811,0.0,0.0,100.0,0.0
SYLVIO HOFFMANN,BRA,1,0,0,1,0.0,0.0,0.0,0.0,0.0,100.0,
SYTCHEV,RUS,3,1,0,1,0.3333333333333333,5.88235294117647,7.4074074074074066,8.333333333333332,0.0,100.0,0.0
SZYMKOWIAK,POL,3,0,0,1,0.0,0.0,7.4074074074074066,0.0,0.0,100.0,0.0
Saad AL HUTTI,KUW,3,0,0,1,0.0,0.0,7.4074074074074066,0.0,0.0,100.0,0.0
Saber EID,EGY,3,0,0,1,0.0,0.0,7.4074074074074066,0.0,0.0,100.0,0.0
Sabri JABALLAH,TUN,3,0,0,1,0.0,0.0,7.4074074074074066,0.0,0.0,100.0,0.0
Sadok SASSI,TUN,3,0,0,1,0.0,0.0,7.4074074074074066,0.0,0.0,100.0,0.0
Safet SUSIC,YUG,8,1,0,2,0.125,5.88235294117647,25.925925925925924,3.125,25.0,100.0,1.0
Said CHIBA,MAR,3,0,2,1,0.0,0.0,7.4074074074074066,0.0,0.0,75.0,2.0
Said DGHAY,MAR,3,0,0,1,0.0,0.0,7.4074074074074066,0.0,0.0,100.0,0.0
Salah ASSAD,ALG,6,2,0,2,0.3333333333333333,11.76470588235294,18.51851851851852,8.333333333333332,25.0,100.0,1.0
Salah KAROUI,TUN,3,0,0,1,0.0,0.0,7.4074074074074066,0.0,0.0,100.0,0.0
Salah LARBES,ALG,3,0,0,1,0.0,0.0,7.4074074074074066,0.0,0.0,100.0,0.0
Salaheddine BASSIR,MAR,3,2,0,1,0.6666666666666666,11.76470588235294,7.4074074074074066,16.666666666666664,0.0,100.0,0.0
Salaheddine HMIED,MAR,4,0,0,1,0.0,0.0,11.11111111111111,0.0,0.0,100.0,0.0
Saleh AL DAWOOD,KSA,4,0,0,1,0.0,0.0,11.11111111111111,0.0,0.0,100.0,0.0
Salvador CARMONA,MEX,4,0,1,1,0.0,0.0,11.11111111111111,0.0,0.0,87.5,2.0
Salvador FARFAN,MEX,3,0,0,1,0.0,0.0,7.4074074074074066,0.0,0.0,100.0,0.0
Salvador FLAMENCO CABEZAS,SLV,3,0,1,1,0.0,0.0,7.4074074074074066,0.0,0.0,87.5,2.0
Salvador FLORES,PAR,2,0,0,1,0.0,0.0,3.7037037037037033,0.0,0.0,100.0,
Salvador MARIONA,SLV,3,0,1,1,0.0,0.0,7.4074074074074066,0.0,0.0,87.5,2.0
Salvador MOTA,MEX,2,0,0,1,0.0,0.0,3.7037037037037033,0.0,0.0,100.0,
Salvador REYES,MEX,9,0,0,3,0.0,0.0,29.629629629629623,0.0,50.0,100.0,1.0
Salvador SADURNI,ESP,3,0,0,1,0.0,0.0,7.4074074074074066,0.0,0.0,100.0,0.0
Salvador VILLALBA,PAR,3,0,0,1,0.0,0.0,7.4074074074074066,0.0,0.0,100.0,0.0
Salvatore BAGNI,ITA,4,0,1,1,0.0,0.0,11.11111111111111,0.0,0.0,87.5,2.0
Salvatore SCHILLACI,ITA,7,5,0,1,0.7142857142857143,29.411764705882355,22.22222222222222,17.857142857142858,0.0,100.0,0.0
Sam MALCOLMSON,NZL,3,0,0,1,0.0,0.0,7.4074074074074066,0.0,0.0,100.0,0.0
Sam McILROY,NIR,8,0,2,2,0.0,0.0,25.925925925925924,0.0,25.0,75.0,1.0
Sami AL HASHASH,KUW,3,0,0,1,0.0,0.0,7.4074074074074066,0.0,0.0,100.0,0.0
Sammy BAIRD,SCO,3,1,0,1,0.3333333333333333,5.88235294117647,7.4074074074074066,8.333333333333332,0.0,100.0,0.0
Sammy CHAPMAN,NIR,5,0,0,1,0.0,0.0,14.814814814814811,0.0,0.0,100.0,0.0
Sammy McCRORY,NIR,5,0,0,1,0.0,0.0,14.814814814814811,0.0,0.0,100.0,0.0
Sammy NELSON,NIR,5,0,0,1,0.0,0.0,14.814814814814811,0.0,0.0,100.0,0.0
Samson SIASIA,NGA,4,1,0,1,0.25,5.88235294117647,11.11111111111111,6.25,0.0,100.0,0.0
Samuel AGUILAR,PAR,3,0,0,1,0.0,0.0,7.4074074074074066,0.0,0.0,100.0,0.0
Samuel CUBURU,MEX,3,0,0,1,0.0,0.0,7.4074074074074066,0.0,0.0,100.0,0.0
Samuel EKEME,CMR,3,0,0,1,0.0,0.0,7.4074074074074066,0.0,0.0,100.0,0.0
Samuel IPOUA,CMR,3,0,1,1,0.0,0.0,7.4074074074074066,0.0,0.0,87.5,2.0
Samuel ZAUBER,ROU,2,0,0,1,0.0,0.0,3.7037037037037033,0.0,0.0,100.0,
Sandor BIRO,HUN,6,0,0,2,0.0,0.0,18.51851851851852,0.0,25.0,100.0,1.0
Sandor GELLER,HUN,5,0,0,1,0.0,0.0,14.814814814814811,0.0,0.0,100.0,0.0
Sandor GUJDAR,HUN,3,0,0,1,0.0,0.0,7.4074074074074066,0.0,0.0,100.0,0.0
Sandor KOCSIS,HUN,5,11,0,1,2.2,64.70588235294117,14.814814814814811,55.00000000000001,0.0,100.0,0.0
Sandor MATRAI,HUN,12,0,0,3,0.0,0.0,40.74074074074074,0.0,50.0,100.0,3.0
Sandor MULLER,HUN,3,0,0,1,0.0,0.0,7.4074074074074066,0.0,0.0,100.0,0.0
Sandor PINTER,HUN,3,0,0,1,0.0,0.0,7.4074074074074066,0.0,0.0,100.0,0.0
Sandor SALLAI,HUN,6,0,0,2,0.0,0.0,18.51851851851852,0.0,25.0,100.0,1.0
Sandor ZOMBORI,HUN,3,1,1,1,0.3333333333333333,5.88235294117647,7.4074074074074066,8.333333333333332,0.0,87.5,2.0
Sandro COIS,ITA,5,0,0,1,0.0,0.0,14.814814814814811,0.0,0.0,100.0,0.0
Sandro MAZZOLA,ITA,12,1,0,3,0.0833333333333333,5.88235294117647,40.74074074074074,2.083333333333333,50.0,100.0,3.0
Sandro SALVADORE,ITA,6,0,0,2,0.0,0.0,18.51851851851852,0.0,25.0,100.0,1.0
Sandy JARDINE,SCO,6,0,0,2,0.0,0.0,18.51851851851852,0.0,25.0,100.0,1.0
Sanny ASLUND,SWE,3,0,0,1,0.0,0.0,7.4074074074074066,0.0,0.0,100.0,0.0
Santiago BENITEZ,PAR,2,0,0,1,0.0,0.0,3.7037037037037033,0.0,0.0,100.0,
Santiago MENDEZ CORTES,SLV,3,0,0,1,0.0,0.0,7.4074074074074066,0.0,0.0,100.0,0.0
Santiago OSTOLAZA,URU,4,0,1,1,0.0,0.0,11.11111111111111,0.0,0.0,87.5,2.0
Santiago SANTAMARIA,ARG,5,0,0,1,0.0,0.0,14.814814814814811,0.0,0.0,100.0,0.0
Santiago URQUIAGA,ESP,5,0,0,1,0.0,0.0,14.814814814814811,0.0,0.0,100.0,0.0
Santos URDINARAN,URU,4,0,0,1,0.0,0.0,11.11111111111111,0.0,0.0,100.0,0.0
Sasa ILIC,SCG,3,1,0,1,0.3333333333333333,5.88235294117647,7.4074074074074066,8.333333333333332,0.0,100.0,0.0
Saturnino MARTINEZ,MEX,2,0,0,1,0.0,0.0,3.7037037037037033,0.0,0.0,100.0,
Saturnino OSORIO,SLV,3,0,0,1,0.0,0.0,7.4074074074074066,0.0,0.0,100.0,0.0
Savo MILOSEVIC,YUG,4,0,0,1,0.0,0.0,11.11111111111111,0.0,0.0,100.0,0.0
Savvas KOFIDIS,GRE,3,0,0,1,0.0,0.0,7.4074074074074066,0.0,0.0,100.0,0.0
Schubert GAMBETTA,URU,4,0,0,1,0.0,0.0,11.11111111111111,0.0,0.0,100.0,0.0
Scot GEMMILL,SCO,3,0,0,1,0.0,0.0,7.4074074074074066,0.0,0.0,100.0,0.0
Scott BOOTH,SCO,3,0,0,1,0.0,0.0,7.4074074074074066,0.0,0.0,100.0,0.0
Sebastiano NELA,ITA,4,0,0,1,0.0,0.0,11.11111111111111,0.0,0.0,100.0,0.0
Sebastien FOURNIER,SUI,4,0,0,1,0.0,0.0,11.11111111111111,0.0,0.0,100.0,0.0
See Han TAN,INH,1,0,0,1,0.0,0.0,0.0,0.0,0.0,100.0,
Segundo DURANDAL,BOL,2,0,0,1,0.0,0.0,3.7037037037037033,0.0,0.0,100.0,
Seigo NARAZAKI,JPN,3,0,0,1,0.0,0.0,7.4074074074074066,0.0,0.0,100.0,0.0
Sepp HUEGI,SUI,4,6,0,1,1.5,35.294117647058826,11.11111111111111,37.5,0.0,100.0,0.0
Sepp MAIER,FRG,25,0,1,4,0.0,0.0,88.88888888888889,0.0,75.0,87.5,3.0
Serge DUCOSTE,HAI,3,0,0,1,0.0,0.0,7.4074074074074066,0.0,0.0,100.0,0.0
Serge RACINE,HAI,3,0,0,1,0.0,0.0,7.4074074074074066,0.0,0.0,100.0,0.0
Sergei ANDREYEV,URS,5,0,0,1,0.0,0.0,14.814814814814811,0.0,0.0,100.0,0.0
Sergei BALTACHA,URS,5,1,1,1,0.2,5.88235294117647,14.814814814814811,5.0,0.0,87.5,2.0
Sergei BOROVSKI,URS,5,0,1,1,0.0,0.0,14.814814814814811,0.0,0.0,87.5,2.0
Sergei FOKIN,URS,3,0,0,1,0.0,0.0,7.4074074074074066,0.0,0.0,100.0,0.0
Sergei GORLUKOVICH,RUS,3,0,4,1,0.0,0.0,7.4074074074074066,0.0,0.0,50.0,2.0
Sergei GORLUKOVICH,RUS,3,0,4,1,0.0,0.0,7.4074074074074066,0.0,0.0,50.0,0.0
Sergei GORLUKOVICH,URS,3,0,0,1,0.0,0.0,7.4074074074074066,0.0,0.0,100.0,2.0
Sergei GORLUKOVICH,URS,3,0,0,1,0.0,0.0,7.4074074074074066,0.0,0.0,100.0,0.0
Sergei KOTRIKADZE,URS,4,0,0,1,0.0,0.0,11.11111111111111,0.0,0.0,100.0,0.0
Sergei KRAKOVSKY,URS,4,0,0,1,0.0,0.0,11.11111111111111,0.0,0.0,100.0,0.0
Sergei RODIONOV,URS,9,1,0,2,0.1111111111111111,5.88235294117647,29.629629629629623,2.7777777777777777,25.0,100.0,1.0
Sergei SALNIKOV,URS,5,0,0,1,0.0,0.0,14.814814814814811,0.0,0.0,100.0,0.0
Sergei YURAN,RUS,3,0,0,1,0.0,0.0,7.4074074074074066,0.0,0.0,100.0,0.0
Sergio AHUMADA,CHI,3,1,0,1,0.3333333333333333,5.88235294117647,7.4074074074074066,8.333333333333332,0.0,100.0,0.0
Sergio ALMIRON,ARG,7,0,0,1,0.0,0.0,22.22222222222222,0.0,0.0,100.0,0.0
Sergio BATISTA,ARG,14,0,3,2,0.0,0.0,48.14814814814815,0.0,25.0,62.5,3.0
Sergio BERTI,ARG,5,0,0,1,0.0,0.0,14.814814814814811,0.0,0.0,100.0,0.0
Sergio BERTONI,ITA,4,0,0,1,0.0,0.0,11.11111111111111,0.0,0.0,100.0,0.0
Sergio BRAVO,MEX,2,0,0,1,0.0,0.0,3.7037037037037033,0.0,0.0,100.0,
Sergio CERVATO,ITA,3,0,0,1,0.0,0.0,7.4074074074074066,0.0,0.0,100.0,0.0
Sergio GORI,ITA,6,0,0,1,0.0,0.0,18.51851851851852,0.0,0.0,100.0,0.0
Sergio GOYCOCHEA,ARG,11,0,1,2,0.0,0.0,37.03703703703704,0.0,25.0,87.5,1.0
Sergio LIVINGSTONE,CHI,3,0,0,1,0.0,0.0,7.4074074074074066,0.0,0.0,100.0,0.0
Sergio MARTINEZ,URU,4,0,0,1,0.0,0.0,11.11111111111111,0.0,0.0,100.0,0.0
Sergio MENDEZ,SLV,3,0,1,1,0.0,0.0,7.4074074074074066,0.0,0.0,87.5,2.0
Sergio NAVARRO,CHI,6,0,0,1,0.0,0.0,18.51851851851852,0.0,0.0,100.0,0.0
Sergio SANTIN,URU,4,0,1,1,0.0,0.0,11.11111111111111,0.0,0.0,87.5,2.0
Sergio VALDES,CHI,6,0,0,1,0.0,0.0,18.51851851851852,0.0,0.0,100.0,0.0
Sergio VAZQUEZ,ARG,4,0,0,1,0.0,0.0,11.11111111111111,0.0,0.0,100.0,0.0
Serguei ALEINIKOV,URS,7,1,0,2,0.1428571428571428,5.88235294117647,22.22222222222222,3.571428571428571,25.0,100.0,1.0
Severino MINELLI,SUI,5,0,0,2,0.0,0.0,14.814814814814811,0.0,25.0,100.0,1.0
Severino REIJA,ESP,6,0,0,2,0.0,0.0,18.51851851851852,0.0,25.0,100.0,1.0
Shaun BARTLETT,RSA,3,1,0,1,0.3333333333333333,5.88235294117647,7.4074074074074066,8.333333333333332,0.0,100.0,0.0
Shinji ONO,JPN,3,0,0,1,0.0,0.0,7.4074074074074066,0.0,0.0,100.0,0.0
Shmuel ROSENTHAL,ISR,3,0,0,1,0.0,0.0,7.4074074074074066,0.0,0.0,100.0,0.0
Shoji JO,JPN,3,0,0,1,0.0,0.0,7.4074074074074066,0.0,0.0,100.0,0.0
Shraga BAR,ISR,3,0,1,1,0.0,0.0,7.4074074074074066,0.0,0.0,87.5,2.0
Siegmar WAETZLICH,GDR,6,0,1,1,0.0,0.0,18.51851851851852,0.0,0.0,87.5,2.0
Sigge PARLING,SWE,6,0,0,1,0.0,0.0,18.51851851851852,0.0,0.0,100.0,0.0
Sigi HELD,FRG,12,1,0,2,0.0833333333333333,5.88235294117647,40.74074074074074,2.083333333333333,25.0,100.0,1.0
Sigmund HARINGER,GER,4,0,0,1,0.0,0.0,11.11111111111111,0.0,0.0,100.0,0.0
Sigurd RUSHFELDT,NOR,3,0,0,1,0.0,0.0,7.4074074074074066,0.0,0.0,100.0,0.0
Silvestre IGOA,ESP,6,2,0,1,0.3333333333333333,11.76470588235294,18.51851851851852,8.333333333333332,0.0,100.0,0.0
Silvio AQUINO,SLV,3,0,0,1,0.0,0.0,7.4074074074074066,0.0,0.0,100.0,0.0
Silvio MARIC,CRO,7,0,0,1,0.0,0.0,22.22222222222222,0.0,0.0,100.0,0.0
Silvio MARZOLINI,ARG,7,0,0,2,0.0,0.0,22.22222222222222,0.0,25.0,100.0,1.0
Silvio PIOLA,ITA,4,5,0,1,1.25,29.411764705882355,11.11111111111111,31.25,0.0,100.0,0.0
Silviu BINDEA,ROU,3,1,0,2,0.3333333333333333,5.88235294117647,7.4074074074074066,8.333333333333332,25.0,100.0,1.0
Silviu LUNG,ROU,4,0,0,1,0.0,0.0,11.11111111111111,0.0,0.0,100.0,0.0
Sima MILOVANOV,YUG,3,0,0,1,0.0,0.0,7.4074074074074066,0.0,0.0,100.0,0.0
Simeon SIMEONOV,BUL,9,0,0,3,0.0,0.0,29.629629629629623,0.0,50.0,100.0,1.0
Simon DONNELLY,SCO,3,0,0,1,0.0,0.0,7.4074074074074066,0.0,0.0,100.0,0.0
Simon LECUE,ESP,3,0,0,1,0.0,0.0,7.4074074074074066,0.0,0.0,100.0,0.0
Simon TCHOBANG,CMR,3,0,0,1,0.0,0.0,7.4074074074074066,0.0,0.0,100.0,0.0
Sinisa MIHAJLOVIC,YUG,4,1,0,1,0.25,5.88235294117647,11.11111111111111,6.25,0.0,100.0,0.0
Sinisa ZLATKOVIC,YUG,3,0,0,1,0.0,0.0,7.4074074074074066,0.0,0.0,100.0,0.0
Sirajeddine CHIHI,TUN,3,0,0,1,0.0,0.0,7.4074074074074066,0.0,0.0,100.0,0.0
Sirio VERNATI,SUI,3,0,0,1,0.0,0.0,7.4074074074074066,0.0,0.0,100.0,0.0
Sjef VAN RUN,NED,1,0,0,1,0.0,0.0,0.0,0.0,0.0,100.0,
Skander SOUAYEH,TUN,3,0,1,1,0.0,0.0,7.4074074074074066,0.0,0.0,87.5,2.0
Slava METREVELI,URS,14,0,0,3,0.0,0.0,48.14814814814815,0.0,50.0,100.0,3.0
Slaven BILIC,CRO,7,0,2,1,0.0,0.0,22.22222222222222,0.0,0.0,75.0,2.0
Slavisa JOKANOVIC,YUG,4,0,0,1,0.0,0.0,11.11111111111111,0.0,0.0,100.0,0.0
Slavko SVINJAREVIC,YUG,6,0,0,1,0.0,0.0,18.51851851851852,0.0,0.0,100.0,0.0
Slobodan KOMLJENOVIC,YUG,4,2,0,1,0.5,11.76470588235294,11.11111111111111,12.5,0.0,100.0,0.0
Smahi TRIKI,MAR,3,0,0,1,0.0,0.0,7.4074074074074066,0.0,0.0,100.0,0.0
Sol CAMPBELL,ENG,4,0,1,1,0.0,0.0,11.11111111111111,0.0,0.0,87.5,2.0
Soren BUSK,DEN,4,0,0,1,0.0,0.0,11.11111111111111,0.0,0.0,100.0,0.0
Soren COLDING,DEN,5,0,2,1,0.0,0.0,14.814814814814811,0.0,0.0,75.0,2.0
Soren LERBY,DEN,4,1,0,1,0.25,5.88235294117647,11.11111111111111,6.25,0.0,100.0,0.0
Spartaco LANDINI,ITA,3,0,0,1,0.0,0.0,7.4074074074074066,0.0,0.0,100.0,0.0
Spiros MARANGOS,GRE,3,0,0,1,0.0,0.0,7.4074074074074066,0.0,0.0,100.0,0.0
Srboljub KRIVOKUCA,YUG,10,0,0,2,0.0,0.0,33.33333333333333,0.0,25.0,100.0,1.0
Srdjan MRKUSIC,YUG,3,0,0,1,0.0,0.0,7.4074074074074066,0.0,0.0,100.0,0.0
Srecko KATANEC,YUG,5,0,1,1,0.0,0.0,14.814814814814811,0.0,0.0,87.5,2.0
Staffan TAPPER,SWE,9,0,0,2,0.0,0.0,29.629629629629623,0.0,25.0,100.0,1.0
Stale SOLBAKKEN,NOR,4,0,0,1,0.0,0.0,11.11111111111111,0.0,0.0,100.0,0.0
Stan ANDERSON,ENG,4,0,0,1,0.0,0.0,11.11111111111111,0.0,0.0,100.0,0.0
Stan LIBUDA,FRG,6,1,0,1,0.1666666666666666,5.88235294117647,18.51851851851852,4.166666666666666,0.0,100.0,0.0
Stan MORTENSEN,ENG,3,1,0,1,0.3333333333333333,5.88235294117647,7.4074074074074066,8.333333333333332,0.0,100.0,0.0
Stan VALCKX,NED,5,0,1,1,0.0,0.0,14.814814814814811,0.0,0.0,87.5,2.0
Stanislaus KOBIERSKI,GER,4,1,0,1,0.25,5.88235294117647,11.11111111111111,6.25,0.0,100.0,0.0
Stanislav CHERCHESOV,RUS,3,0,0,1,0.0,0.0,7.4074074074074066,0.0,0.0,100.0,0.0
Stanislav GRIGA,TCH,5,0,0,1,0.0,0.0,14.814814814814811,0.0,0.0,100.0,0.0
Stanislav KARASI,YUG,6,2,1,1,0.3333333333333333,11.76470588235294,18.51851851851852,8.333333333333332,0.0,87.5,2.0
Stanislav SEMAN,TCH,3,0,0,1,0.0,0.0,7.4074074074074066,0.0,0.0,100.0,0.0
Stanislaw BARAN,POL,1,0,0,1,0.0,0.0,0.0,0.0,0.0,100.0,
Stanley MATTHEWS,ENG,6,0,0,2,0.0,0.0,18.51851851851852,0.0,25.0,100.0,1.0
Stanley MENZO,NED,4,0,0,1,0.0,0.0,11.11111111111111,0.0,0.0,100.0,0.0
Stefan ABADZHIEV,BUL,3,0,0,1,0.0,0.0,7.4074074074074066,0.0,0.0,100.0,0.0
Stefan ALADZHOV,BUL,6,0,0,2,0.0,0.0,18.51851851851852,0.0,25.0,100.0,1.0
Stefan BARBU,ROU,2,0,0,1,0.0,0.0,3.7037037037037033,0.0,0.0,100.0,
Stefan CAMBAL,TCH,4,0,0,1,0.0,0.0,11.11111111111111,0.0,0.0,100.0,0.0
Stefan DOBAY,ROU,3,3,0,2,1.0,17.647058823529413,7.4074074074074066,25.0,25.0,100.0,1.0
Stefan EFFENBERG,GER,5,0,2,1,0.0,0.0,14.814814814814811,0.0,0.0,75.0,2.0
Stefan KUNTZ,GER,5,0,0,1,0.0,0.0,14.814814814814811,0.0,0.0,100.0,0.0
Stefan MAJEWSKI,POL,11,1,1,2,0.0909090909090909,5.88235294117647,37.03703703703704,2.272727272727273,25.0,87.5,1.0
Stefan PETTERSON,SWE,3,0,0,1,0.0,0.0,7.4074074074074066,0.0,0.0,100.0,0.0
Stefan PREDA,ROU,5,0,0,1,0.0,0.0,14.814814814814811,0.0,0.0,100.0,0.0
Stefan REHN,SWE,7,0,0,1,0.0,0.0,22.22222222222222,0.0,0.0,100.0,0.0
Stefan REUTER,FRG,7,0,0,1,0.0,0.0,22.22222222222222,0.0,0.0,100.0,0.0
Stefan REUTER,FRG,7,0,0,1,0.0,0.0,22.22222222222222,0.0,0.0,100.0,0.0
Stefan REUTER,GER,5,0,0,1,0.0,0.0,14.814814814814811,0.0,0.0,100.0,0.0
Stefan REUTER,GER,5,0,0,1,0.0,0.0,14.814814814814811,0.0,0.0,100.0,0.0
Stefan SCHWARZ,SWE,10,0,6,2,0.0,0.0,33.33333333333333,0.0,25.0,25.0,3.0
Stefan SKOUMAL,GER,2,0,0,1,0.0,0.0,3.7037037037037033,0.0,0.0,100.0,
Stefan STAIKOV,BUL,3,0,0,1,0.0,0.0,7.4074074074074066,0.0,0.0,100.0,0.0
Stefan VELICHKOV,BUL,3,0,0,1,0.0,0.0,7.4074074074074066,0.0,0.0,100.0,0.0
Stefano TACCONI,ITA,7,0,0,1,0.0,0.0,22.22222222222222,0.0,0.0,100.0,0.0
Steffen FREUND,GER,5,0,0,1,0.0,0.0,14.814814814814811,0.0,0.0,100.0,0.0
Stelios MANOLAS,GRE,3,0,1,1,0.0,0.0,7.4074074074074066,0.0,0.0,87.5,2.0
Stellan NILSSON,SWE,5,0,0,1,0.0,0.0,14.814814814814811,0.0,0.0,100.0,0.0
Sten PALSSON,SWE,3,0,0,1,0.0,0.0,7.4074074074074066,0.0,0.0,100.0,0.0
Stephan BRUEY,FRA,6,0,0,1,0.0,0.0,18.51851851851852,0.0,0.0,100.0,0.0
Stephan ENGELS,FRG,7,0,0,1,0.0,0.0,22.22222222222222,0.0,0.0,100.0,0.0
Stephan LEHMANN,SUI,4,0,0,1,0.0,0.0,11.11111111111111,0.0,0.0,100.0,0.0
Stephane CHAPUISAT,SUI,4,1,0,1,0.25,5.88235294117647,11.11111111111111,6.25,0.0,100.0,0.0
Stephane DEMOL,BEL,11,1,1,2,0.0909090909090909,5.88235294117647,37.03703703703704,2.272727272727273,25.0,87.5,1.0
Stephane GUIVARCH,FRA,7,0,1,1,0.0,0.0,22.22222222222222,0.0,0.0,87.5,2.0
Stephane VAN DER HEYDEN,BEL,4,0,0,1,0.0,0.0,11.11111111111111,0.0,0.0,100.0,0.0
Stephen KESHI,NGA,4,0,1,1,0.0,0.0,11.11111111111111,0.0,0.0,87.5,2.0
Stephen MALCOLM,JAM,3,0,1,1,0.0,0.0,7.4074074074074066,0.0,0.0,87.5,2.0
Stephen NICOL,SCO,3,0,1,1,0.0,0.0,7.4074074074074066,0.0,0.0,87.5,2.0
Stephen TATAW,CMR,8,0,1,2,0.0,0.0,25.925925925925924,0.0,25.0,87.5,1.0
Stere ADAMACHE,ROU,3,0,0,1,0.0,0.0,7.4074074074074066,0.0,0.0,100.0,0.0
Steve ARCHIBALD,SCO,6,1,1,2,0.1666666666666666,5.88235294117647,18.51851851851852,4.166666666666666,25.0,87.5,1.0
Steve BULL,ENG,7,0,0,1,0.0,0.0,22.22222222222222,0.0,0.0,100.0,0.0
Steve COPPELL,ENG,5,0,0,1,0.0,0.0,14.814814814814811,0.0,0.0,100.0,0.0
Steve FOSTER,ENG,5,0,0,1,0.0,0.0,14.814814814814811,0.0,0.0,100.0,0.0
Steve HODGE,ENG,12,0,1,2,0.0,0.0,40.74074074074074,0.0,25.0,87.5,1.0
Steve McMAHON,ENG,7,0,1,1,0.0,0.0,22.22222222222222,0.0,0.0,87.5,2.0
Steve STAUNTON,IRL,9,0,0,2,0.0,0.0,29.629629629629623,0.0,25.0,100.0,1.0
Steve SUMNER,NZL,3,1,0,1,0.3333333333333333,5.88235294117647,7.4074074074074066,8.333333333333332,0.0,100.0,0.0
Steve TRITTSCHUH,USA,3,0,1,1,0.0,0.0,7.4074074074074066,0.0,0.0,87.5,2.0
Steve WOODDIN,NZL,3,1,0,1,0.3333333333333333,5.88235294117647,7.4074074074074066,8.333333333333332,0.0,100.0,0.0
Steven PENNEY,NIR,3,0,0,1,0.0,0.0,7.4074074074074066,0.0,0.0,100.0,0.0
Stewart McKIMMIE,SCO,3,0,0,1,0.0,0.0,7.4074074074074066,0.0,0.0,100.0,0.0
Stig SUNDQVIST,SWE,5,3,0,1,0.6,17.647058823529413,14.814814814814811,15.0,0.0,100.0,0.0
Stig TOFTING,DEN,5,0,2,1,0.0,0.0,14.814814814814811,0.0,0.0,75.0,2.0
Stjepan BOBEK,YUG,6,1,0,2,0.1666666666666666,5.88235294117647,18.51851851851852,4.166666666666666,25.0,100.0,1.0
Stjepan DEVERIC,YUG,3,0,0,1,0.0,0.0,7.4074074074074066,0.0,0.0,100.0,0.0
Stoicho MLADENOV,BUL,4,0,0,1,0.0,0.0,11.11111111111111,0.0,0.0,100.0,0.0
Stoicho STOILOV,BUL,3,0,0,1,0.0,0.0,7.4074074074074066,0.0,0.0,100.0,0.0
Stoyan KITOV,BUL,6,0,0,2,0.0,0.0,18.51851851851852,0.0,25.0,100.0,1.0
Stoyan YORDANOV,BUL,3,0,0,1,0.0,0.0,7.4074074074074066,0.0,0.0,100.0,0.0
Stratos APOSTOLAKIS,GRE,3,0,0,1,0.0,0.0,7.4074074074074066,0.0,0.0,100.0,0.0
Stuart IMLACH,SCO,3,0,0,1,0.0,0.0,7.4074074074074066,0.0,0.0,100.0,0.0
Stuart KENNEDY,SCO,3,0,0,1,0.0,0.0,7.4074074074074066,0.0,0.0,100.0,0.0
Stuart McCALL,SCO,3,1,0,1,0.3333333333333333,5.88235294117647,7.4074074074074066,8.333333333333332,0.0,100.0,0.0
Stuart PEARCE,ENG,7,0,1,1,0.0,0.0,22.22222222222222,0.0,0.0,87.5,2.0
Stuart WILLIAMS,WAL,5,0,0,1,0.0,0.0,14.814814814814811,0.0,0.0,100.0,0.0
Suat MAMAT,TUR,3,3,0,1,1.0,17.647058823529413,7.4074074074074066,25.0,0.0,100.0,0.0
Sukru ERSOY,TUR,3,0,0,1,0.0,0.0,7.4074074074074066,0.0,0.0,100.0,0.0
Sunday OLISEH,NGA,4,1,0,1,0.25,5.88235294117647,11.11111111111111,6.25,0.0,100.0,0.0
Sune ANDERSSON,SWE,5,1,0,1,0.2,5.88235294117647,14.814814814814811,5.0,0.0,100.0,0.0
Suvarte SOEDARMADJI,INH,1,0,0,1,0.0,0.0,0.0,0.0,0.0,100.0,
Svatopluk PLUSKAL,TCH,12,0,0,3,0.0,0.0,40.74074074074074,0.0,50.0,100.0,3.0
Sven ANDERSSON,SWE,5,0,0,2,0.0,0.0,14.814814814814811,0.0,25.0,100.0,1.0
Sven AXBOM,SWE,6,0,0,1,0.0,0.0,18.51851851851852,0.0,0.0,100.0,0.0
Sven HABERMANN,CAN,3,0,0,1,0.0,0.0,7.4074074074074066,0.0,0.0,100.0,0.0
Sven JACOBSSON,SWE,3,0,0,1,0.0,0.0,7.4074074074074066,0.0,0.0,100.0,0.0
Sven JONASSON,SWE,5,3,0,2,0.6,17.647058823529413,14.814814814814811,15.0,25.0,100.0,1.0
Sven LINDMAN,SWE,6,0,0,1,0.0,0.0,18.51851851851852,0.0,0.0,100.0,0.0
Sven UNGER,SWE,3,0,0,1,0.0,0.0,7.4074074074074066,0.0,0.0,100.0,0.0
Sven-Gunnar LARSSON,SWE,9,0,0,2,0.0,0.0,29.629629629629623,0.0,25.0,100.0,1.0
Sverre HANSEN,NOR,1,0,0,1,0.0,0.0,0.0,0.0,0.0,100.0,
Sverre NORDBY,NOR,1,0,0,1,0.0,0.0,0.0,0.0,0.0,100.0,
Syd OWEN,ENG,3,0,0,1,0.0,0.0,7.4074074074074066,0.0,0.0,100.0,0.0
T H KWAK,KOR,3,0,0,1,0.0,0.0,7.4074074074074066,0.0,0.0,100.0,0.0
T LI,CHN,3,0,1,1,0.0,0.0,7.4074074074074066,0.0,0.0,87.5,2.0
T SILVA,BRA,7,2,5,1,0.2857142857142857,11.76470588235294,22.22222222222222,7.142857142857142,0.0,37.5,2.0
T U CHOI,KOR,7,0,0,1,0.0,0.0,22.22222222222222,0.0,0.0,100.0,0.0
T Y KIM,KOR,7,0,2,1,0.0,0.0,22.22222222222222,0.0,0.0,75.0,2.0
T. CHERIF,TOG,3,0,1,1,0.0,0.0,7.4074074074074066,0.0,0.0,87.5,2.0
T. KOLO,CIV,3,0,0,1,0.0,0.0,7.4074074074074066,0.0,0.0,100.0,0.0
T. McKINLAY,SCO,3,0,0,1,0.0,0.0,7.4074074074074066,0.0,0.0,100.0,0.0
T. SILVA,BRA,5,0,0,1,0.0,0.0,14.814814814814811,0.0,0.0,100.0,0.0
T.A. FLO,NOR,4,1,1,1,0.25,5.88235294117647,11.11111111111111,6.25,0.0,87.5,2.0
TACHIE MENSAH,GHA,4,0,0,1,0.0,0.0,11.11111111111111,0.0,0.0,100.0,0.0
TACHTSIDIS,GRE,4,0,0,1,0.0,0.0,11.11111111111111,0.0,0.0,100.0,0.0
TAFFAREL,BRA,18,0,0,3,0.0,0.0,62.96296296296296,0.0,50.0,100.0,3.0
TAGGART,AUS,3,0,0,1,0.0,0.0,7.4074074074074066,0.0,0.0,100.0,0.0
TAGOE,GHA,5,0,1,1,0.0,0.0,14.814814814814811,0.0,0.0,87.5,2.0
TAHAR,MAR,3,0,1,1,0.0,0.0,7.4074074074074066,0.0,0.0,87.5,2.0
TAIDER,ALG,4,0,0,1,0.0,0.0,11.11111111111111,0.0,0.0,100.0,0.0
TAIWO,NGA,3,0,0,1,0.0,0.0,7.4074074074074066,0.0,0.0,100.0,0.0
TAKAHARA,JPN,3,0,1,1,0.0,0.0,7.4074074074074066,0.0,0.0,87.5,2.0
TAMADA,JPN,7,1,0,2,0.1428571428571428,5.88235294117647,22.22222222222222,3.571428571428571,25.0,100.0,1.0
TASCI,GER,7,0,0,1,0.0,0.0,22.22222222222222,0.0,0.0,100.0,0.0
TAVARELLI,PAR,4,0,1,1,0.0,0.0,11.11111111111111,0.0,0.0,87.5,2.0
TAVCAR,SVN,3,0,0,1,0.0,0.0,7.4074074074074066,0.0,0.0,100.0,0.0
TAYFUR,TUR,7,0,0,1,0.0,0.0,22.22222222222222,0.0,0.0,100.0,0.0
TCHAGNIROU,TOG,3,0,0,1,0.0,0.0,7.4074074074074066,0.0,0.0,100.0,0.0
TCHAMI,CMR,6,0,0,2,0.0,0.0,18.51851851851852,0.0,25.0,100.0,1.0
TCHANGAI,TOG,3,0,1,1,0.0,0.0,7.4074074074074066,0.0,0.0,87.5,2.0
TCHATO,CMR,3,0,1,1,0.0,0.0,7.4074074074074066,0.0,0.0,87.5,2.0
TEILHERBER,INH,1,0,0,1,0.0,0.0,0.0,0.0,0.0,100.0,
TEJEDA Y.,CRC,5,0,2,1,0.0,0.0,14.814814814814811,0.0,0.0,75.0,2.0
TELLO,CHI,4,0,0,1,0.0,0.0,11.11111111111111,0.0,0.0,100.0,0.0
TEO,COL,5,1,0,1,0.2,5.88235294117647,14.814814814814811,5.0,0.0,100.0,0.0
TEOPHILO,BRA,2,0,0,1,0.0,0.0,3.7037037037037033,0.0,0.0,100.0,
TERRY,ENG,9,0,2,2,0.0,0.0,29.629629629629623,0.0,25.0,75.0,1.0
TEVEZ,ARG,10,3,0,2,0.3,17.647058823529413,33.33333333333333,7.5,25.0,100.0,1.0
THABET,TUN,3,0,0,1,0.0,0.0,7.4074074074074066,0.0,0.0,100.0,0.0
THEOBALD,TRI,3,0,1,1,0.0,0.0,7.4074074074074066,0.0,0.0,87.5,2.0
THIAGO MOTTA,ITA,3,0,0,1,0.0,0.0,7.4074074074074066,0.0,0.0,100.0,0.0
THIAW,SEN,5,0,1,1,0.0,0.0,14.814814814814811,0.0,0.0,87.5,2.0
THIJS,BEL,4,0,0,1,0.0,0.0,11.11111111111111,0.0,0.0,100.0,0.0
THOMAS,HON,3,0,1,1,0.0,0.0,7.4074074074074066,0.0,0.0,87.5,2.0
THOMPSON,AUS,4,0,0,1,0.0,0.0,11.11111111111111,0.0,0.0,100.0,0.0
THURAM,FRA,10,0,1,2,0.0,0.0,33.33333333333333,0.0,25.0,87.5,1.0
THWALA,RSA,3,0,0,1,0.0,0.0,7.4074074074074066,0.0,0.0,100.0,0.0
TIAGO,POR,11,2,2,2,0.1818181818181818,11.76470588235294,37.03703703703704,4.545454545454546,25.0,75.0,1.0
TIENE,CIV,3,0,1,1,0.0,0.0,7.4074074074074066,0.0,0.0,87.5,2.0
TIGANJ,SVN,3,0,0,1,0.0,0.0,7.4074074074074066,0.0,0.0,100.0,0.0
TIM,BRA,5,0,0,1,0.0,0.0,14.814814814814811,0.0,0.0,100.0,0.0
TIMMER,NED,4,0,0,1,0.0,0.0,11.11111111111111,0.0,0.0,100.0,0.0
TINOCO,BRA,1,0,0,1,0.0,0.0,0.0,0.0,0.0,100.0,
TIOTE,CIV,6,0,2,2,0.0,0.0,18.51851851851852,0.0,25.0,75.0,1.0
TITA,BRA,4,0,0,1,0.0,0.0,11.11111111111111,0.0,0.0,100.0,0.0
TITI BUENGO,ANG,3,0,0,1,0.0,0.0,7.4074074074074066,0.0,0.0,100.0,0.0
TITOV,RUS,3,1,0,1,0.3333333333333333,5.88235294117647,7.4074074074074066,8.333333333333332,0.0,100.0,0.0
TIZIE,CIV,3,0,0,1,0.0,0.0,7.4074074074074066,0.0,0.0,100.0,0.0
TODA,JPN,4,0,2,1,0.0,0.0,11.11111111111111,0.0,0.0,75.0,2.0
TOFTING,DEN,4,0,1,1,0.0,0.0,11.11111111111111,0.0,0.0,87.5,2.0
TOI?,SRB,3,0,0,1,0.0,0.0,7.4074074074074066,0.0,0.0,100.0,0.0
TOKIC,CRO,3,0,0,1,0.0,0.0,7.4074074074074066,0.0,0.0,100.0,0.0
TOLDO,ITA,4,0,0,1,0.0,0.0,11.11111111111111,0.0,0.0,100.0,0.0
TOLEDO,PAR,3,0,0,1,0.0,0.0,7.4074074074074066,0.0,0.0,100.0,0.0
TOMAS,CRO,6,0,1,2,0.0,0.0,18.51851851851852,0.0,25.0,87.5,1.0
TOMAS,CRO,6,0,1,2,0.0,0.0,18.51851851851852,0.0,25.0,87.5,2.0
TOMAS,ESP,5,0,1,1,0.0,0.0,14.814814814814811,0.0,0.0,87.5,1.0
TOMAS,ESP,5,0,1,1,0.0,0.0,14.814814814814811,0.0,0.0,87.5,2.0
TOMASSON,DEN,7,4,1,2,0.5714285714285714,23.52941176470588,22.22222222222222,14.285714285714285,25.0,87.5,1.0
TOMMASI,ITA,4,0,1,1,0.0,0.0,11.11111111111111,0.0,0.0,87.5,2.0
TONI,ITA,7,2,0,1,0.2857142857142857,11.76470588235294,22.22222222222222,7.142857142857142,0.0,100.0,0.0
TONINHO,BRA,7,0,0,1,0.0,0.0,22.22222222222222,0.0,0.0,100.0,0.0
TONINHO CEREZO,BRA,12,0,1,2,0.0,0.0,40.74074074074074,0.0,25.0,87.5,1.0
TOROSIDIS,GRE,7,1,2,2,0.1428571428571428,5.88235294117647,22.22222222222222,3.571428571428571,25.0,75.0,1.0
TORRES,ESP,10,1,0,2,0.1,5.88235294117647,33.33333333333333,2.5,25.0,100.0,1.0
TORRES,ESP,10,1,0,2,0.1,5.88235294117647,33.33333333333333,2.5,25.0,100.0,0.0
TORRES,ESP,10,1,0,2,0.1,5.88235294117647,33.33333333333333,2.5,25.0,100.0,0.0
TORRES,PAR,5,0,0,1,0.0,0.0,14.814814814814811,0.0,0.0,100.0,1.0
TORRES,PAR,5,0,0,1,0.0,0.0,14.814814814814811,0.0,0.0,100.0,0.0
TORRES,PAR,5,0,0,1,0.0,0.0,14.814814814814811,0.0,0.0,100.0,0.0
TORRES,USA,4,0,0,1,0.0,0.0,11.11111111111111,0.0,0.0,100.0,1.0
TORRES,USA,4,0,0,1,0.0,0.0,11.11111111111111,0.0,0.0,100.0,0.0
TORRES,USA,4,0,0,1,0.0,0.0,11.11111111111111,0.0,0.0,100.0,0.0
TOSELLI,CHI,4,0,0,1,0.0,0.0,11.11111111111111,0.0,0.0,100.0,0.0
TOSTAO,BRA,9,3,1,2,0.3333333333333333,17.647058823529413,29.629629629629623,8.333333333333332,25.0,87.5,1.0
TOTTI,ITA,11,0,6,2,0.0,0.0,37.03703703703704,0.0,25.0,25.0,3.0
TOULALAN,FRA,3,0,2,1,0.0,0.0,7.4074074074074066,0.0,0.0,75.0,2.0
TOURE K.,CIV,3,0,0,1,0.0,0.0,7.4074074074074066,0.0,0.0,100.0,0.0
TOURE KOLO,CIV,3,0,0,1,0.0,0.0,7.4074074074074066,0.0,0.0,100.0,0.0
TOURE Y.,CIV,3,0,0,1,0.0,0.0,7.4074074074074066,0.0,0.0,100.0,0.0
TOURE YAYA,CIV,6,1,0,2,0.1666666666666666,5.88235294117647,18.51851851851852,4.166666666666666,25.0,100.0,1.0
TRABELSI,TUN,6,0,2,2,0.0,0.0,18.51851851851852,0.0,25.0,75.0,1.0
TRAORE,SEN,5,0,0,1,0.0,0.0,14.814814814814811,0.0,0.0,100.0,0.0
TREZEGUET,FRA,10,0,0,2,0.0,0.0,33.33333333333333,0.0,25.0,100.0,1.0
TRIKI,MAR,3,0,0,1,0.0,0.0,7.4074074074074066,0.0,0.0,100.0,0.0
TROCHOWSKI,GER,7,0,0,1,0.0,0.0,22.22222222222222,0.0,0.0,100.0,0.0
TROISI,AUS,3,0,0,1,0.0,0.0,7.4074074074074066,0.0,0.0,100.0,0.0
TSHABALALA,RSA,3,1,0,1,0.3333333333333333,5.88235294117647,7.4074074074074066,8.333333333333332,0.0,100.0,0.0
TSUBOI,JPN,3,0,0,1,0.0,0.0,7.4074074074074066,0.0,0.0,100.0,0.0
TUDOR,CRO,3,0,2,1,0.0,0.0,7.4074074074074066,0.0,0.0,75.0,2.0
TUGAY,TUR,7,0,3,1,0.0,0.0,22.22222222222222,0.0,0.0,62.5,2.0
TUKAR,KSA,3,0,0,1,0.0,0.0,7.4074074074074066,0.0,0.0,100.0,0.0
TUKER,KSA,3,0,0,1,0.0,0.0,7.4074074074074066,0.0,0.0,100.0,0.0
TULIO,JPN,4,0,0,1,0.0,0.0,11.11111111111111,0.0,0.0,100.0,0.0
TURCIOS,HON,3,0,1,1,0.0,0.0,7.4074074074074066,0.0,0.0,87.5,2.0
TYMOSCHUK,UKR,5,0,1,1,0.0,0.0,14.814814814814811,0.0,0.0,87.5,2.0
TZAVELLAS,GRE,4,0,0,1,0.0,0.0,11.11111111111111,0.0,0.0,100.0,0.0
TZIOLIS,GRE,7,0,1,2,0.0,0.0,22.22222222222222,0.0,25.0,87.5,1.0
TZORVAS,GRE,3,0,0,1,0.0,0.0,7.4074074074074066,0.0,0.0,100.0,0.0
Tab RAMOS,USA,6,0,0,2,0.0,0.0,18.51851851851852,0.0,25.0,100.0,1.0
Tadeas KRAUS,TCH,6,0,0,2,0.0,0.0,18.51851851851852,0.0,25.0,100.0,1.0
Tadeusz DOLNY,POL,7,0,0,1,0.0,0.0,22.22222222222222,0.0,0.0,100.0,0.0
Taher ABOU ZEID,EGY,3,0,0,1,0.0,0.0,7.4074074074074066,0.0,0.0,100.0,0.0
Taher EL KHALEJ,MAR,3,0,0,1,0.0,0.0,7.4074074074074066,0.0,0.0,100.0,0.0
Takashi HIRANO,JPN,3,0,1,1,0.0,0.0,7.4074074074074066,0.0,0.0,87.5,2.0
Talal JEBRIN,KSA,4,0,1,1,0.0,0.0,11.11111111111111,0.0,0.0,87.5,2.0
Tarcisio BURGNICH,ITA,12,1,1,3,0.0833333333333333,5.88235294117647,40.74074074074074,2.083333333333333,50.0,87.5,3.0
Tarek DHIAB,TUN,3,0,1,1,0.0,0.0,7.4074074074074066,0.0,0.0,87.5,2.0
Tarek SOLIMAN,EGY,3,0,0,1,0.0,0.0,7.4074074074074066,0.0,0.0,100.0,0.0
Tarek THABET,TUN,3,0,0,1,0.0,0.0,7.4074074074074066,0.0,0.0,100.0,0.0
Taribo WEST,NGA,4,0,0,1,0.0,0.0,11.11111111111111,0.0,0.0,100.0,0.0
Tassos MITROPOULOS,GRE,3,0,2,1,0.0,0.0,7.4074074074074066,0.0,0.0,75.0,2.0
Ted BURGIN,ENG,3,0,0,1,0.0,0.0,7.4074074074074066,0.0,0.0,100.0,0.0
Ted DITCHBURN,ENG,3,0,0,1,0.0,0.0,7.4074074074074066,0.0,0.0,100.0,0.0
Teddy LUCIC,SWE,7,0,0,1,0.0,0.0,22.22222222222222,0.0,0.0,100.0,0.0
Teddy SHERINGHAM,ENG,4,0,0,1,0.0,0.0,11.11111111111111,0.0,0.0,100.0,0.0
Tedj BENSAOULA,ALG,6,1,0,2,0.1666666666666666,5.88235294117647,18.51851851851852,4.166666666666666,25.0,100.0,1.0
Temime LAKHZAMI,TUN,3,0,0,1,0.0,0.0,7.4074074074074066,0.0,0.0,100.0,0.0
Tengiz SULAKVELIDZE,URS,5,0,0,1,0.0,0.0,14.814814814814811,0.0,0.0,100.0,0.0
Teofilo CUBILLAS,PER,13,8,0,3,0.6153846153846154,47.05882352941176,44.44444444444444,15.384615384615383,50.0,100.0,3.0
Teofilo SPASOJEVIC,YUG,3,0,0,1,0.0,0.0,7.4074074074074066,0.0,0.0,100.0,0.0
Terence MOORE,CAN,3,0,0,1,0.0,0.0,7.4074074074074066,0.0,0.0,100.0,0.0
Terry BUTCHER,ENG,17,0,2,3,0.0,0.0,59.25925925925925,0.0,50.0,75.0,3.0
Terry COOPER,ENG,4,0,0,1,0.0,0.0,11.11111111111111,0.0,0.0,100.0,0.0
Terry FENWICK,ENG,5,0,3,1,0.0,0.0,14.814814814814811,0.0,0.0,62.5,2.0
Terry MEDWIN,WAL,5,1,0,1,0.2,5.88235294117647,14.814814814814811,5.0,0.0,100.0,0.0
Terry McDERMOTT,ENG,5,0,0,1,0.0,0.0,14.814814814814811,0.0,0.0,100.0,0.0
Terry PAINE,ENG,6,0,0,1,0.0,0.0,18.51851851851852,0.0,0.0,100.0,0.0
Terry PHELAN,IRL,4,0,2,1,0.0,0.0,11.11111111111111,0.0,0.0,75.0,2.0
Teruyoshi ITO,JPN,3,0,0,1,0.0,0.0,7.4074074074074066,0.0,0.0,100.0,0.0
Thabet EL BATAL,EGY,3,0,0,1,0.0,0.0,7.4074074074074066,0.0,0.0,100.0,0.0
Thanasis KOLITSIDAKIS,GRE,3,0,0,1,0.0,0.0,7.4074074074074066,0.0,0.0,100.0,0.0
Themba MNGUNI,RSA,3,0,0,1,0.0,0.0,7.4074074074074066,0.0,0.0,100.0,0.0
Theo CUSTERS,BEL,5,0,0,1,0.0,0.0,14.814814814814811,0.0,0.0,100.0,0.0
Theo DE JONG,NED,7,1,0,1,0.1428571428571428,5.88235294117647,22.22222222222222,3.571428571428571,0.0,100.0,0.0
Theo SNELDERS,NED,5,0,0,1,0.0,0.0,14.814814814814811,0.0,0.0,100.0,0.0
Theodor REIMANN,TCH,2,0,0,1,0.0,0.0,3.7037037037037033,0.0,0.0,100.0,
Theodor WAGNER,AUT,5,3,0,1,0.6,17.647058823529413,14.814814814814811,15.0,0.0,100.0,0.0
Theodore NOUWENS,BEL,2,0,0,1,0.0,0.0,3.7037037037037033,0.0,0.0,100.0,
Theodore WHITMORE,JAM,3,2,0,1,0.6666666666666666,11.76470588235294,7.4074074074074066,16.666666666666664,0.0,100.0,0.0
Theophile ABEGA,CMR,3,0,0,1,0.0,0.0,7.4074074074074066,0.0,0.0,100.0,0.0
Thierry HENRY,FRA,7,3,0,1,0.4285714285714285,17.647058823529413,22.22222222222222,10.714285714285714,0.0,100.0,0.0
Thierry TUSSEAU,FRA,7,0,0,1,0.0,0.0,22.22222222222222,0.0,0.0,100.0,0.0
Thomas AHLSTROM,SWE,6,0,0,1,0.0,0.0,18.51851851851852,0.0,0.0,100.0,0.0
Thomas ALLOFS,FRG,7,0,0,1,0.0,0.0,22.22222222222222,0.0,0.0,100.0,0.0
Thomas BERTHOLD,FRG,14,0,2,2,0.0,0.0,48.14814814814815,0.0,25.0,75.0,3.0
Thomas BERTHOLD,FRG,14,0,2,2,0.0,0.0,48.14814814814815,0.0,25.0,75.0,0.0
Thomas BERTHOLD,GER,5,0,0,1,0.0,0.0,14.814814814814811,0.0,0.0,100.0,3.0
Thomas BERTHOLD,GER,5,0,0,1,0.0,0.0,14.814814814814811,0.0,0.0,100.0,0.0
Thomas BICKEL,SUI,4,0,0,1,0.0,0.0,11.11111111111111,0.0,0.0,100.0,0.0
Thomas DOOLEY,USA,3,0,0,1,0.0,0.0,7.4074074074074066,0.0,0.0,100.0,0.0
Thomas FINNEY,NIR,5,0,0,1,0.0,0.0,14.814814814814811,0.0,0.0,100.0,0.0
Thomas HAESSLER,FRG,7,0,0,1,0.0,0.0,22.22222222222222,0.0,0.0,100.0,0.0
Thomas HELMER,GER,5,0,0,1,0.0,0.0,14.814814814814811,0.0,0.0,100.0,0.0
Thomas HELVEG,DEN,5,1,1,1,0.2,5.88235294117647,14.814814814814811,5.0,0.0,87.5,2.0
Thomas LIBIIH,CMR,8,0,0,2,0.0,0.0,25.925925925925924,0.0,25.0,100.0,1.0
Thomas MYHRE,NOR,4,0,0,1,0.0,0.0,11.11111111111111,0.0,0.0,100.0,0.0
Thomas NKONO,CMR,11,0,3,3,0.0,0.0,37.03703703703704,0.0,50.0,62.5,3.0
Thomas NORDAHL,SWE,3,0,0,1,0.0,0.0,7.4074074074074066,0.0,0.0,100.0,0.0
Thomas RAVELLI,SWE,10,0,0,2,0.0,0.0,33.33333333333333,0.0,25.0,100.0,1.0
Thomas SJOBERG,SWE,3,1,0,1,0.3333333333333333,5.88235294117647,7.4074074074074066,8.333333333333332,0.0,100.0,0.0
Thomas STRUNZ,GER,5,0,0,1,0.0,0.0,14.814814814814811,0.0,0.0,100.0,0.0
Thomas WYSS,SUI,4,0,0,1,0.0,0.0,11.11111111111111,0.0,0.0,100.0,0.0
Thompson OLIHA,NGA,4,0,0,1,0.0,0.0,11.11111111111111,0.0,0.0,100.0,0.0
Thomson ALLAN,SCO,3,0,0,1,0.0,0.0,7.4074074074074066,0.0,0.0,100.0,0.0
Tibor KEMENY,HUN,2,0,0,1,0.0,0.0,3.7037037037037033,0.0,0.0,100.0,
Tibor NYILASI,HUN,6,2,3,2,0.3333333333333333,11.76470588235294,18.51851851851852,8.333333333333332,25.0,62.5,2.0
Tibor RAB,HUN,6,0,0,2,0.0,0.0,18.51851851851852,0.0,25.0,100.0,1.0
Tibor SELYMES,ROU,4,0,0,1,0.0,0.0,11.11111111111111,0.0,0.0,100.0,0.0
Tihomir OGNJANOV,YUG,6,1,0,2,0.1666666666666666,5.88235294117647,18.51851851851852,4.166666666666666,25.0,100.0,1.0
Tijani BABANGIDA,NGA,4,1,0,1,0.25,5.88235294117647,11.11111111111111,6.25,0.0,100.0,0.0
Tim FLOWERS,ENG,4,0,0,1,0.0,0.0,11.11111111111111,0.0,0.0,100.0,0.0
Tino LETTIERI,CAN,3,0,0,1,0.0,0.0,7.4074074074074066,0.0,0.0,100.0,0.0
Titus BUBERNIK,TCH,10,0,1,2,0.0,0.0,33.33333333333333,0.0,25.0,87.5,1.0
Tivadar MONOSTORI,HUN,8,0,0,2,0.0,0.0,25.925925925925924,0.0,25.0,100.0,1.0
Tjaak PATTIWAEL,INH,1,0,0,1,0.0,0.0,0.0,0.0,0.0,100.0,
Todor DIEV,BUL,3,0,0,1,0.0,0.0,7.4074074074074066,0.0,0.0,100.0,0.0
Todor KOLEV,BUL,3,1,0,1,0.3333333333333333,5.88235294117647,7.4074074074074066,8.333333333333332,0.0,100.0,0.0
Tom AMRHEIN,USA,1,0,0,1,0.0,0.0,0.0,0.0,0.0,100.0,
Tom BAKER,WAL,5,0,0,1,0.0,0.0,14.814814814814811,0.0,0.0,100.0,0.0
Tom BOYD,SCO,3,0,0,1,0.0,0.0,7.4074074074074066,0.0,0.0,100.0,0.0
Tom FINNEY,ENG,10,1,0,3,0.1,5.88235294117647,33.33333333333333,2.5,50.0,100.0,1.0
Tom FLORIE,USA,4,1,0,2,0.25,5.88235294117647,11.11111111111111,6.25,25.0,100.0,1.0
Tom FORSYTH,SCO,3,0,0,1,0.0,0.0,7.4074074074074066,0.0,0.0,100.0,0.0
Tom LYNCH,USA,1,0,0,1,0.0,0.0,0.0,0.0,0.0,100.0,
Tom TURESSON,SWE,3,1,0,1,0.3333333333333333,5.88235294117647,7.4074074074074066,8.333333333333332,0.0,100.0,0.0
Tomas BALCAZAR,MEX,2,1,0,1,0.5,5.88235294117647,3.7037037037037033,12.5,0.0,100.0,
Tomas BOY,MEX,5,0,0,1,0.0,0.0,14.814814814814811,0.0,0.0,100.0,0.0
Tomas BROLIN,SWE,10,3,1,2,0.3,17.647058823529413,33.33333333333333,7.5,25.0,87.5,1.0
Tomas FERNANDEZ,CUB,3,1,0,1,0.3333333333333333,5.88235294117647,7.4074074074074066,8.333333333333332,0.0,100.0,0.0
Tomas KRIZ,TCH,3,0,0,1,0.0,0.0,7.4074074074074066,0.0,0.0,100.0,0.0
Tomas OJEDA,CHI,3,0,0,1,0.0,0.0,7.4074074074074066,0.0,0.0,100.0,0.0
Tomas PINEDA,SLV,3,0,0,1,0.0,0.0,7.4074074074074066,0.0,0.0,100.0,0.0
Tomas POSPICHAL,TCH,6,0,0,1,0.0,0.0,18.51851851851852,0.0,0.0,100.0,0.0
Tomas SKUHRAVY,TCH,5,5,1,1,1.0,29.411764705882355,14.814814814814811,25.0,0.0,87.5,2.0
Tomislav CRNKOVIC,YUG,7,0,0,2,0.0,0.0,22.22222222222222,0.0,25.0,100.0,1.0
Tomislav IVKOVIC,YUG,5,0,0,1,0.0,0.0,14.814814814814811,0.0,0.0,100.0,0.0
Tommy BANKS,ENG,4,0,0,1,0.0,0.0,11.11111111111111,0.0,0.0,100.0,0.0
Tommy CASEY,NIR,5,0,0,1,0.0,0.0,14.814814814814811,0.0,0.0,100.0,0.0
Tommy CASSIDY,NIR,5,0,0,1,0.0,0.0,14.814814814814811,0.0,0.0,100.0,0.0
Tommy COYNE,IRL,4,0,1,1,0.0,0.0,11.11111111111111,0.0,0.0,87.5,2.0
Tommy DOCHERTY,SCO,5,0,0,2,0.0,0.0,14.814814814814811,0.0,25.0,100.0,1.0
Tommy HAMILL,NIR,5,0,0,1,0.0,0.0,14.814814814814811,0.0,0.0,100.0,0.0
Tommy HUTCHISON,SCO,3,0,0,1,0.0,0.0,7.4074074074074066,0.0,0.0,100.0,0.0
Tommy SVENSSON,SWE,3,0,0,1,0.0,0.0,7.4074074074074066,0.0,0.0,100.0,0.0
Tommy TAYLOR,ENG,3,0,0,1,0.0,0.0,7.4074074074074066,0.0,0.0,100.0,0.0
Tommy WRIGHT,ENG,4,0,0,1,0.0,0.0,11.11111111111111,0.0,0.0,100.0,0.0
Tommy YOUNGER,SCO,3,0,0,1,0.0,0.0,7.4074074074074066,0.0,0.0,100.0,0.0
Toni ALLEMANN,SUI,3,0,0,1,0.0,0.0,7.4074074074074066,0.0,0.0,100.0,0.0
Toni POLSTER,AUT,6,1,0,2,0.1666666666666666,5.88235294117647,18.51851851851852,4.166666666666666,25.0,100.0,1.0
Toni SCHALL,AUT,4,1,0,1,0.25,5.88235294117647,11.11111111111111,6.25,0.0,100.0,0.0
Toni TUREK,FRG,6,0,0,1,0.0,0.0,18.51851851851852,0.0,0.0,100.0,0.0
Tony ADAMS,ENG,4,0,0,1,0.0,0.0,11.11111111111111,0.0,0.0,100.0,0.0
Tony CASCARINO,IRL,9,0,0,2,0.0,0.0,29.629629629629623,0.0,25.0,100.0,1.0
Tony DORIGO,ENG,7,0,0,1,0.0,0.0,22.22222222222222,0.0,0.0,100.0,0.0
Tony MEOLA,USA,7,0,1,2,0.0,0.0,22.22222222222222,0.0,25.0,87.5,1.0
Tony WOODCOCK,ENG,5,0,0,1,0.0,0.0,14.814814814814811,0.0,0.0,100.0,0.0
Toon OPRINSEN,NED,1,0,0,1,0.0,0.0,0.0,0.0,0.0,100.0,
Torbjorn NILSSON,SWE,3,0,0,1,0.0,0.0,7.4074074074074066,0.0,0.0,100.0,0.0
Tore KELLER,SWE,5,1,0,2,0.2,5.88235294117647,14.814814814814811,5.0,25.0,100.0,1.0
Tore SVENSSON,SWE,6,0,0,1,0.0,0.0,18.51851851851852,0.0,0.0,100.0,0.0
Torsten LINDBERG,SWE,5,0,0,1,0.0,0.0,14.814814814814811,0.0,0.0,100.0,0.0
Toshihide SAITO,JPN,3,0,0,1,0.0,0.0,7.4074074074074066,0.0,0.0,100.0,0.0
Toshihiro HATTORI,JPN,3,0,0,1,0.0,0.0,7.4074074074074066,0.0,0.0,100.0,0.0
Toza VESELINOVIC,YUG,7,3,0,2,0.4285714285714285,17.647058823529413,22.22222222222222,10.714285714285714,25.0,100.0,1.0
Tranquilino GARCETE,PAR,2,0,0,1,0.0,0.0,3.7037037037037033,0.0,0.0,100.0,
Trevor BROOKING,ENG,5,0,0,1,0.0,0.0,14.814814814814811,0.0,0.0,100.0,0.0
Trevor EDWARDS,WAL,5,0,0,1,0.0,0.0,14.814814814814811,0.0,0.0,100.0,0.0
Trevor FRANCIS,ENG,5,2,0,1,0.4,11.76470588235294,14.814814814814811,10.0,0.0,100.0,0.0
Trevor STEVEN,ENG,12,0,0,2,0.0,0.0,40.74074074074074,0.0,25.0,100.0,1.0
Trifon IVANOV,BUL,3,0,1,1,0.0,0.0,7.4074074074074066,0.0,0.0,87.5,2.0
Trols RASMUSSEN,DEN,4,0,0,1,0.0,0.0,11.11111111111111,0.0,0.0,100.0,0.0
Tsanko TSVETANOV,BUL,7,0,4,1,0.0,0.0,22.22222222222222,0.0,0.0,50.0,2.0
Tshinabu WA MUNDA,ZAI,3,0,0,1,0.0,0.0,7.4074074074074066,0.0,0.0,100.0,0.0
Tsonyo VASILEV,BUL,3,0,1,1,0.0,0.0,7.4074074074074066,0.0,0.0,87.5,2.0
Tubilandu NDIMBI,ZAI,3,0,0,1,0.0,0.0,7.4074074074074066,0.0,0.0,100.0,0.0
Tullio GRASSI,SUI,3,0,0,1,0.0,0.0,7.4074074074074066,0.0,0.0,100.0,0.0
Turgay SEREN,TUR,3,0,0,1,0.0,0.0,7.4074074074074066,0.0,0.0,100.0,0.0
Txiki BEGUIRISTAIN,ESP,5,0,0,1,0.0,0.0,14.814814814814811,0.0,0.0,100.0,0.0
U. DE LA CRUZ,ECU,4,0,2,1,0.0,0.0,11.11111111111111,0.0,0.0,75.0,2.0
UCHE,NGA,7,2,2,2,0.2857142857142857,11.76470588235294,22.22222222222222,7.142857142857142,25.0,75.0,1.0
UCHEBO,NGA,4,0,0,1,0.0,0.0,11.11111111111111,0.0,0.0,100.0,0.0
UCHIDA,JPN,7,0,0,2,0.0,0.0,22.22222222222222,0.0,25.0,100.0,1.0
UDEZE,NGA,3,0,0,1,0.0,0.0,7.4074074074074066,0.0,0.0,100.0,0.0
UJFALUSI,CZE,3,0,1,1,0.0,0.0,7.4074074074074066,0.0,0.0,87.5,2.0
ULER,SVN,3,0,1,1,0.0,0.0,7.4074074074074066,0.0,0.0,87.5,2.0
UMAA M.,CRC,8,0,3,2,0.0,0.0,25.925925925925924,0.0,25.0,62.5,1.0
UMIT DAVALA,TUR,7,2,0,1,0.2857142857142857,11.76470588235294,22.22222222222222,7.142857142857142,0.0,100.0,0.0
UMIT OZAT,TUR,7,0,0,1,0.0,0.0,22.22222222222222,0.0,0.0,100.0,0.0
UNJI?,BIH,3,0,0,1,0.0,0.0,7.4074074074074066,0.0,0.0,100.0,0.0
UPSON,ENG,4,1,0,1,0.25,5.88235294117647,11.11111111111111,6.25,0.0,100.0,0.0
UREA M.,CRC,5,1,0,1,0.2,5.88235294117647,14.814814814814811,5.0,0.0,100.0,0.0
USTARI,ARG,5,0,0,1,0.0,0.0,14.814814814814811,0.0,0.0,100.0,0.0
UTAKA,NGA,6,0,0,2,0.0,0.0,18.51851851851852,0.0,25.0,100.0,1.0
UZOENYI,NGA,4,0,0,1,0.0,0.0,11.11111111111111,0.0,0.0,100.0,0.0
Ubaldo FILLOL,ARG,18,0,0,3,0.0,0.0,62.96296296296296,0.0,50.0,100.0,3.0
Uche OKAFOR,NGA,8,0,0,2,0.0,0.0,25.925925925925924,0.0,25.0,100.0,1.0
Uche OKECHUKWU,NGA,4,0,0,1,0.0,0.0,11.11111111111111,0.0,0.0,100.0,0.0
Ugo FERRANTE,ITA,6,0,0,1,0.0,0.0,18.51851851851852,0.0,0.0,100.0,0.0
Ugo LOCATELLI,ITA,4,0,0,1,0.0,0.0,11.11111111111111,0.0,0.0,100.0,0.0
Ulf KIRSTEN,GER,10,0,0,2,0.0,0.0,33.33333333333333,0.0,25.0,100.0,1.0
Uli BIESINGER,FRG,6,0,0,1,0.0,0.0,18.51851851851852,0.0,0.0,100.0,0.0
Uli HOENESS,FRG,7,0,0,1,0.0,0.0,22.22222222222222,0.0,0.0,100.0,0.0
Uli STIELIKE,FRG,7,0,2,1,0.0,0.0,22.22222222222222,0.0,0.0,75.0,2.0
Ulises POIRIER,CHI,3,0,0,1,0.0,0.0,7.4074074074074066,0.0,0.0,100.0,0.0
Ulrich STEIN,FRG,7,0,0,1,0.0,0.0,22.22222222222222,0.0,0.0,100.0,0.0
Ulrich VAN GOBBEL,NED,5,0,1,1,0.0,0.0,14.814814814814811,0.0,0.0,87.5,2.0
Ulrik JANSSON,SWE,3,0,0,1,0.0,0.0,7.4074074074074066,0.0,0.0,100.0,0.0
Umberto CALIGARIS,ITA,5,0,0,1,0.0,0.0,14.814814814814811,0.0,0.0,100.0,0.0
Urbano RIVERA,URU,5,0,0,1,0.0,0.0,14.814814814814811,0.0,0.0,100.0,0.0
Uwe BEIN,FRG,7,1,0,1,0.1428571428571428,5.88235294117647,22.22222222222222,3.571428571428571,0.0,100.0,0.0
Uwe RAHN,FRG,7,0,0,1,0.0,0.0,22.22222222222222,0.0,0.0,100.0,0.0
Uwe REINDERS,FRG,7,1,0,1,0.1428571428571428,5.88235294117647,22.22222222222222,3.571428571428571,0.0,100.0,0.0
Uwe SEELER,FRG,22,9,0,4,0.4090909090909091,52.94117647058824,77.77777777777779,10.227272727272728,75.0,100.0,3.0
V. BEREZUTSKIY,RUS,3,0,0,1,0.0,0.0,7.4074074074074066,0.0,0.0,100.0,0.0
V. BOMMEL,NED,11,0,4,2,0.0,0.0,37.03703703703704,0.0,25.0,50.0,3.0
V. BRONCKHORST,NED,11,1,7,2,0.0909090909090909,5.88235294117647,37.03703703703704,2.272727272727273,25.0,12.5,3.0
V. CACERES,PAR,5,0,3,1,0.0,0.0,14.814814814814811,0.0,0.0,62.5,2.0
V. NISTELROOY,NED,4,1,0,1,0.25,5.88235294117647,11.11111111111111,6.25,0.0,100.0,0.0
V. PERSIE,NED,18,5,4,3,0.2777777777777778,29.411764705882355,62.96296296296296,6.944444444444445,50.0,50.0,3.0
V.D.DRIESSCHE,BEL,4,0,0,1,0.0,0.0,11.11111111111111,0.0,0.0,100.0,0.0
V.D.HAEGHE,BEL,4,0,2,1,0.0,0.0,11.11111111111111,0.0,0.0,75.0,2.0
V.D.HEYDEN,BEL,4,1,1,1,0.25,5.88235294117647,11.11111111111111,6.25,0.0,87.5,2.0
V.HASHEMIAN,IRN,3,0,0,1,0.0,0.0,7.4074074074074066,0.0,0.0,100.0,0.0
V.KERCKHOVEN,BEL,4,0,0,1,0.0,0.0,11.11111111111111,0.0,0.0,100.0,0.0
V.TALEBLOO,IRN,3,0,0,1,0.0,0.0,7.4074074074074066,0.0,0.0,100.0,0.0
V.VALDES,ESP,7,0,0,1,0.0,0.0,22.22222222222222,0.0,0.0,100.0,0.0
VALBUENA,FRA,8,1,0,2,0.125,5.88235294117647,25.925925925925924,3.125,25.0,100.0,1.0
VALDERRAMA,COL,6,0,2,2,0.0,0.0,18.51851851851852,0.0,25.0,75.0,1.0
VALDES,COL,5,0,0,1,0.0,0.0,14.814814814814811,0.0,0.0,100.0,0.0
VALDIVIA,CHI,8,1,1,2,0.125,5.88235294117647,25.925925925925924,3.125,25.0,87.5,1.0
VALDO,BRA,9,0,0,2,0.0,0.0,29.629629629629623,0.0,25.0,100.0,1.0
VALDOMIRO,BRA,7,1,0,1,0.1428571428571428,5.88235294117647,22.22222222222222,3.571428571428571,0.0,100.0,0.0
VALENCIA,COL,6,2,0,2,0.3333333333333333,11.76470588235294,18.51851851851852,8.333333333333332,25.0,100.0,1.0
VALERI,AUS,3,0,1,1,0.0,0.0,7.4074074074074066,0.0,0.0,87.5,2.0
VALERON,ESP,5,1,1,1,0.2,5.88235294117647,14.814814814814811,5.0,0.0,87.5,2.0
VALLADARES,HON,6,0,0,2,0.0,0.0,18.51851851851852,0.0,25.0,100.0,1.0
VALLEJOS,CRC,3,0,0,1,0.0,0.0,7.4074074074074066,0.0,0.0,100.0,0.0
VAMPETA,BRA,7,0,0,1,0.0,0.0,22.22222222222222,0.0,0.0,100.0,0.0
VAN BUYTEN,BEL,9,0,1,2,0.0,0.0,29.629629629629623,0.0,25.0,87.5,1.0
VAN DER ELST,BEL,4,0,0,1,0.0,0.0,11.11111111111111,0.0,0.0,100.0,0.0
VAN DER SAR,NED,4,0,0,1,0.0,0.0,11.11111111111111,0.0,0.0,100.0,0.0
VAN DER VAART,NED,11,0,2,2,0.0,0.0,37.03703703703704,0.0,25.0,75.0,1.0
VAN DER WIEL,NED,7,0,3,1,0.0,0.0,22.22222222222222,0.0,0.0,62.5,2.0
VAN MEIR,BEL,4,0,1,1,0.0,0.0,11.11111111111111,0.0,0.0,87.5,2.0
VANDEN BORRE,BEL,5,0,0,1,0.0,0.0,14.814814814814811,0.0,0.0,100.0,0.0
VARANE,FRA,5,0,0,1,0.0,0.0,14.814814814814811,0.0,0.0,100.0,0.0
VARELA,POR,3,1,0,1,0.3333333333333333,5.88235294117647,7.4074074074074066,8.333333333333332,0.0,100.0,0.0
VARGAS,CHI,4,1,0,1,0.25,5.88235294117647,11.11111111111111,6.25,0.0,100.0,0.0
VARGAS,CHI,4,1,0,1,0.25,5.88235294117647,11.11111111111111,6.25,0.0,100.0,0.0
VARGAS,COL,5,0,0,1,0.0,0.0,14.814814814814811,0.0,0.0,100.0,0.0
VARGAS,COL,5,0,0,1,0.0,0.0,14.814814814814811,0.0,0.0,100.0,0.0
VASHCHUK,UKR,5,0,1,1,0.0,0.0,14.814814814814811,0.0,0.0,87.5,2.0
VASILJ,CRO,3,0,0,1,0.0,0.0,7.4074074074074066,0.0,0.0,100.0,0.0
VASSELL,ENG,5,0,0,1,0.0,0.0,14.814814814814811,0.0,0.0,100.0,0.0
VAVA,BRA,12,9,0,2,0.75,52.94117647058824,40.74074074074074,18.75,25.0,100.0,1.0
VELLOSO,BRA,2,0,0,1,0.0,0.0,3.7037037037037033,0.0,0.0,100.0,
VELTMAN,NED,7,0,0,1,0.0,0.0,22.22222222222222,0.0,0.0,100.0,0.0
VELUDO,BRA,3,0,0,1,0.0,0.0,7.4074074074074066,0.0,0.0,100.0,0.0
VENNEGOOR OF HESSELINK,NED,4,0,0,1,0.0,0.0,11.11111111111111,0.0,0.0,100.0,0.0
VERA,PAR,5,1,1,1,0.2,5.88235294117647,14.814814814814811,5.0,0.0,87.5,2.0
VERHAEGH,NED,7,0,0,1,0.0,0.0,22.22222222222222,0.0,0.0,100.0,0.0
VERHEYEN,BEL,4,0,1,1,0.0,0.0,11.11111111111111,0.0,0.0,87.5,2.0
VERMAELEN,BEL,5,0,0,1,0.0,0.0,14.814814814814811,0.0,0.0,100.0,0.0
VERMANT,BEL,4,0,0,1,0.0,0.0,11.11111111111111,0.0,0.0,100.0,0.0
VERN,ARG,5,0,1,1,0.0,0.0,14.814814814814811,0.0,0.0,87.5,2.0
VERON,ARG,8,0,0,2,0.0,0.0,25.925925925925924,0.0,25.0,100.0,1.0
VERON,ARG,8,0,0,2,0.0,0.0,25.925925925925924,0.0,25.0,100.0,0.0
VERON,PAR,5,0,0,1,0.0,0.0,14.814814814814811,0.0,0.0,100.0,1.0
VERON,PAR,5,0,0,1,0.0,0.0,14.814814814814811,0.0,0.0,100.0,0.0
VERRATTI,ITA,3,0,0,1,0.0,0.0,7.4074074074074066,0.0,0.0,100.0,0.0
VERTONGHEN,BEL,5,1,1,1,0.2,5.88235294117647,14.814814814814811,5.0,0.0,87.5,2.0
VI?A,BIH,3,0,0,1,0.0,0.0,7.4074074074074066,0.0,0.0,100.0,0.0
VICELICH,NZL,3,0,0,1,0.0,0.0,7.4074074074074066,0.0,0.0,100.0,0.0
VICENTE,POR,6,0,0,1,0.0,0.0,18.51851851851852,0.0,0.0,100.0,0.0
VICTOR,BRA,7,0,0,1,0.0,0.0,22.22222222222222,0.0,0.0,100.0,0.0
VICTOR,BRA,7,0,0,1,0.0,0.0,22.22222222222222,0.0,0.0,100.0,2.0
VICTOR,ESP,5,0,1,1,0.0,0.0,14.814814814814811,0.0,0.0,87.5,0.0
VICTOR,ESP,5,0,1,1,0.0,0.0,14.814814814814811,0.0,0.0,87.5,2.0
VICTORINO,URU,7,0,1,1,0.0,0.0,22.22222222222222,0.0,0.0,87.5,2.0
VIDA,CRO,3,0,0,1,0.0,0.0,7.4074074074074066,0.0,0.0,100.0,0.0
VIDAL,CHI,8,0,2,2,0.0,0.0,25.925925925925924,0.0,25.0,75.0,1.0
VIDI?,SRB,3,0,1,1,0.0,0.0,7.4074074074074066,0.0,0.0,87.5,2.0
VIDIC,SCG,3,0,0,1,0.0,0.0,7.4074074074074066,0.0,0.0,100.0,0.0
VIDOSIC,AUS,6,0,0,2,0.0,0.0,18.51851851851852,0.0,25.0,100.0,1.0
VIDUKA,AUS,4,0,0,1,0.0,0.0,11.11111111111111,0.0,0.0,100.0,0.0
VIEIRA,FRA,10,2,1,2,0.2,11.76470588235294,33.33333333333333,5.0,25.0,87.5,1.0
VIEIRINHA,POR,3,0,0,1,0.0,0.0,7.4074074074074066,0.0,0.0,100.0,0.0
VIERA,CIV,3,0,0,1,0.0,0.0,7.4074074074074066,0.0,0.0,100.0,0.0
VIERI,ITA,4,4,1,1,1.0,23.52941176470588,11.11111111111111,25.0,0.0,87.5,2.0
VILLA,MEX,4,0,1,1,0.0,0.0,11.11111111111111,0.0,0.0,87.5,2.0
VILLAR,PAR,7,0,0,2,0.0,0.0,22.22222222222222,0.0,25.0,100.0,1.0
VIOLA,BRA,7,0,0,1,0.0,0.0,22.22222222222222,0.0,0.0,100.0,0.0
VITERI,ECU,3,0,0,1,0.0,0.0,7.4074074074074066,0.0,0.0,100.0,0.0
VITOR BAIA,POR,3,0,0,1,0.0,0.0,7.4074074074074066,0.0,0.0,100.0,0.0
VITTEK,SVK,4,3,1,1,0.75,17.647058823529413,11.11111111111111,18.75,0.0,87.5,2.0
VLAAR,NED,7,0,0,1,0.0,0.0,22.22222222222222,0.0,0.0,100.0,0.0
VLAOVIC,CRO,3,0,0,1,0.0,0.0,7.4074074074074066,0.0,0.0,100.0,0.0
VOGEL,SUI,4,0,1,1,0.0,0.0,11.11111111111111,0.0,0.0,87.5,2.0
VON BERGEN,SUI,7,0,0,2,0.0,0.0,22.22222222222222,0.0,25.0,100.0,1.0
VONK,RSA,3,0,0,1,0.0,0.0,7.4074074074074066,0.0,0.0,100.0,0.0
VORM,NED,14,0,0,2,0.0,0.0,48.14814814814815,0.0,25.0,100.0,1.0
VORO,ESP,5,0,0,1,0.0,0.0,14.814814814814811,0.0,0.0,100.0,0.0
VOROBYEY,UKR,5,0,0,1,0.0,0.0,14.814814814814811,0.0,0.0,100.0,0.0
VORONIN,UKR,5,0,0,1,0.0,0.0,14.814814814814811,0.0,0.0,100.0,0.0
VORSAH,GHA,5,0,1,1,0.0,0.0,14.814814814814811,0.0,0.0,87.5,2.0
VRAJEVI?,BIH,3,1,0,1,0.3333333333333333,5.88235294117647,7.4074074074074066,8.333333333333332,0.0,100.0,0.0
VRANJE,BIH,3,0,0,1,0.0,0.0,7.4074074074074066,0.0,0.0,100.0,0.0
VRANJES,CRO,6,0,0,2,0.0,0.0,18.51851851851852,0.0,25.0,100.0,1.0
VRSALJKO,CRO,3,0,0,1,0.0,0.0,7.4074074074074066,0.0,0.0,100.0,0.0
VUGDALIC,SVN,3,0,1,1,0.0,0.0,7.4074074074074066,0.0,0.0,87.5,2.0
VUGRINEC,CRO,3,0,0,1,0.0,0.0,7.4074074074074066,0.0,0.0,100.0,0.0
VUKIC,SCG,3,0,0,1,0.0,0.0,7.4074074074074066,0.0,0.0,100.0,0.0
VUKOJEVI?,CRO,3,0,0,1,0.0,0.0,7.4074074074074066,0.0,0.0,100.0,0.0
VYNTRA,GRE,7,0,0,2,0.0,0.0,22.22222222222222,0.0,25.0,100.0,1.0
Vaclav HORAK,TCH,3,0,0,1,0.0,0.0,7.4074074074074066,0.0,0.0,100.0,0.0
Vaclav HOVORKA,TCH,4,2,0,1,0.5,11.76470588235294,11.11111111111111,12.5,0.0,100.0,0.0
Vaclav MASEK,TCH,6,1,0,1,0.1666666666666666,5.88235294117647,18.51851851851852,4.166666666666666,0.0,100.0,0.0
Vaclav MIGAS,TCH,3,0,0,1,0.0,0.0,7.4074074074074066,0.0,0.0,100.0,0.0
Vaclav NEMECEK,TCH,5,0,0,1,0.0,0.0,14.814814814814811,0.0,0.0,100.0,0.0
Vadim YEVTUSHENKO,URS,9,0,0,2,0.0,0.0,29.629629629629623,0.0,25.0,100.0,1.0
Vagiz KHIDIYATULLIN,URS,8,0,1,2,0.0,0.0,25.925925925925924,0.0,25.0,87.5,1.0
Vahid HALILHODZIC,YUG,3,0,0,1,0.0,0.0,7.4074074074074066,0.0,0.0,100.0,0.0
Vaios KARAGIANNIS,GRE,3,0,1,1,0.0,0.0,7.4074074074074066,0.0,0.0,87.5,2.0
Valentin AFONIN,URS,10,0,0,2,0.0,0.0,33.33333333333333,0.0,25.0,100.0,1.0
Valentin BUBUKIN,URS,5,0,0,1,0.0,0.0,14.814814814814811,0.0,0.0,100.0,0.0
Valentin IVANOV,URS,9,5,0,2,0.5555555555555556,29.411764705882355,29.629629629629623,13.88888888888889,25.0,100.0,1.0
Valeri BROSHIN,URS,3,0,0,1,0.0,0.0,7.4074074074074066,0.0,0.0,100.0,0.0
Valeri KARPIN,RUS,3,0,1,1,0.0,0.0,7.4074074074074066,0.0,0.0,87.5,2.0
Valeri VORONIN,URS,10,0,1,2,0.0,0.0,33.33333333333333,0.0,25.0,87.5,1.0
Valeri ZIKOV,URS,4,0,0,1,0.0,0.0,11.11111111111111,0.0,0.0,100.0,0.0
Valeriy PORKUYAN,URS,10,4,0,2,0.4,23.52941176470588,33.33333333333333,10.0,25.0,100.0,1.0
Vasil DRAGOLOV,BUL,4,0,0,1,0.0,0.0,11.11111111111111,0.0,0.0,100.0,0.0
Vasil METODIEV,BUL,3,0,0,1,0.0,0.0,7.4074074074074066,0.0,0.0,100.0,0.0
Vasil MITKOV,BUL,3,0,0,1,0.0,0.0,7.4074074074074066,0.0,0.0,100.0,0.0
Vasile CHIROIU,ROU,2,0,0,1,0.0,0.0,3.7037037037037033,0.0,0.0,100.0,
Vasile DEHELEANU,ROU,1,0,0,1,0.0,0.0,0.0,0.0,0.0,100.0,
Vasile GHERGHELY,ROU,3,0,0,1,0.0,0.0,7.4074074074074066,0.0,0.0,100.0,0.0
Vasili RATS,URS,7,1,1,2,0.1428571428571428,5.88235294117647,22.22222222222222,3.571428571428571,25.0,87.5,1.0
Vasilije SIJAKOVIC,YUG,10,0,0,2,0.0,0.0,33.33333333333333,0.0,25.0,100.0,1.0
Vasilis DIMITRIADIS,GRE,3,0,0,1,0.0,0.0,7.4074074074074066,0.0,0.0,100.0,0.0
Vasily DANILOV,URS,6,0,0,1,0.0,0.0,18.51851851851852,0.0,0.0,100.0,0.0
Vegard HEGGEM,NOR,4,0,0,1,0.0,0.0,11.11111111111111,0.0,0.0,100.0,0.0
Velimir ZAJEC,YUG,3,0,0,1,0.0,0.0,7.4074074074074066,0.0,0.0,100.0,0.0
Velko YOTOV,BUL,7,0,0,1,0.0,0.0,22.22222222222222,0.0,0.0,100.0,0.0
Venancio RAMOS,URU,4,0,0,1,0.0,0.0,11.11111111111111,0.0,0.0,100.0,0.0
Viacheslav CHANOV,URS,5,0,0,1,0.0,0.0,14.814814814814811,0.0,0.0,100.0,0.0
Vic CROWE,WAL,5,0,0,1,0.0,0.0,14.814814814814811,0.0,0.0,100.0,0.0
Vicente ARRAYA,BOL,1,0,0,1,0.0,0.0,0.0,0.0,0.0,100.0,
Vicente ASENSI,ESP,6,0,0,1,0.0,0.0,18.51851851851852,0.0,0.0,100.0,0.0
Victor ALGARANAZ,BOL,1,0,0,1,0.0,0.0,0.0,0.0,0.0,100.0,
Victor ARISTIZABAL,COL,3,0,0,1,0.0,0.0,7.4074074074074066,0.0,0.0,100.0,0.0
Victor BANNIKOV,URS,6,0,0,1,0.0,0.0,18.51851851851852,0.0,0.0,100.0,0.0
Victor BROWN,BOL,1,0,0,1,0.0,0.0,0.0,0.0,0.0,100.0,
Victor CHANOV,URS,5,0,0,1,0.0,0.0,14.814814814814811,0.0,0.0,100.0,0.0
Victor DIOGO,URU,4,0,2,1,0.0,0.0,11.11111111111111,0.0,0.0,75.0,2.0
Victor ESPARRAGO,URU,13,1,1,3,0.0769230769230769,5.88235294117647,44.44444444444444,1.9230769230769231,50.0,87.5,3.0
Victor IKPEBA,NGA,4,0,0,1,0.0,0.0,11.11111111111111,0.0,0.0,100.0,0.0
Victor MEES,BEL,2,0,0,1,0.0,0.0,3.7037037037037033,0.0,0.0,100.0,
Victor MORALES,CHI,3,0,0,1,0.0,0.0,7.4074074074074066,0.0,0.0,100.0,0.0
Victor NDIP,CMR,8,0,2,2,0.0,0.0,25.925925925925924,0.0,25.0,75.0,1.0
Victor RANGEL,MEX,3,1,0,1,0.3333333333333333,5.88235294117647,7.4074074074074066,8.333333333333332,0.0,100.0,0.0
Victor RODRIGUEZ ANDRADE,URU,9,0,0,2,0.0,0.0,29.629629629629623,0.0,25.0,100.0,1.0
Victor UGARTE,BOL,1,0,0,1,0.0,0.0,0.0,0.0,0.0,100.0,
Victoriano IRIARTE,URU,4,2,0,1,0.5,11.76470588235294,11.11111111111111,12.5,0.0,100.0,0.0
Victoriano LEGUIZAMON,PAR,2,0,0,1,0.0,0.0,3.7037037037037033,0.0,0.0,100.0,
Vidar RISETH,NOR,4,0,0,1,0.0,0.0,11.11111111111111,0.0,0.0,100.0,0.0
Vidin APOSTOLOV,BUL,3,0,0,1,0.0,0.0,7.4074074074074066,0.0,0.0,100.0,0.0
Viktor CHANOV,URS,7,0,0,2,0.0,0.0,22.22222222222222,0.0,25.0,100.0,1.0
Viktor GETMANOV,URS,6,0,0,1,0.0,0.0,18.51851851851852,0.0,0.0,100.0,0.0
Viktor KANEVSKI,URS,4,0,0,1,0.0,0.0,11.11111111111111,0.0,0.0,100.0,0.0
Viktor ONOPKO,RUS,3,0,0,1,0.0,0.0,7.4074074074074066,0.0,0.0,100.0,0.0
Viktor PONEDELNIK,URS,4,2,0,1,0.5,11.76470588235294,11.11111111111111,12.5,0.0,100.0,0.0
Viktor SEREBRYANIKOV,URS,14,0,0,3,0.0,0.0,48.14814814814815,0.0,50.0,100.0,3.0
Viktor TSARYOV,URS,5,0,0,1,0.0,0.0,14.814814814814811,0.0,0.0,100.0,0.0
Viliam HYRAVY,TCH,5,0,0,1,0.0,0.0,14.814814814814811,0.0,0.0,100.0,0.0
Viliam SCHROJF,TCH,12,0,0,3,0.0,0.0,40.74074074074074,0.0,50.0,100.0,3.0
Vilmos KOHUT,HUN,4,1,0,1,0.25,5.88235294117647,11.11111111111111,6.25,0.0,100.0,0.0
Vincent CANDELA,FRA,7,0,0,1,0.0,0.0,22.22222222222222,0.0,0.0,100.0,0.0
Vincente PEREZ,ARG,1,0,0,1,0.0,0.0,0.0,0.0,0.0,100.0,
Vintila COSSINI,ROU,2,0,0,1,0.0,0.0,3.7037037037037033,0.0,0.0,100.0,
Viorel MOLDOVAN,ROU,9,2,0,2,0.2222222222222222,11.76470588235294,29.629629629629623,5.555555555555555,25.0,100.0,1.0
Virginio CACERES,PAR,4,0,0,1,0.0,0.0,11.11111111111111,0.0,0.0,100.0,0.0
Virginio ROSETTA,ITA,5,0,0,1,0.0,0.0,14.814814814814811,0.0,0.0,100.0,0.0
Vital BORKELMANS,BEL,3,0,1,1,0.0,0.0,7.4074074074074066,0.0,0.0,87.5,2.0
Vitali DARASELIA,URS,5,0,0,1,0.0,0.0,14.814814814814811,0.0,0.0,100.0,0.0
Vitali KHMELNITSKI,URS,4,1,1,1,0.25,5.88235294117647,11.11111111111111,6.25,0.0,87.5,2.0
Vittore GOTTARDI,SUI,3,0,0,1,0.0,0.0,7.4074074074074066,0.0,0.0,100.0,0.0
Viv ANDERSON,ENG,10,0,0,2,0.0,0.0,33.33333333333333,0.0,25.0,100.0,1.0
Vlada POPOVIC,YUG,4,0,0,1,0.0,0.0,11.11111111111111,0.0,0.0,100.0,0.0
Vladimir BEARA,YUG,10,0,0,3,0.0,0.0,33.33333333333333,0.0,50.0,100.0,1.0
Vladimir BELYAYEV,URS,5,0,0,1,0.0,0.0,14.814814814814811,0.0,0.0,100.0,0.0
Vladimir BESCHASTNYKH,RUS,3,0,0,1,0.0,0.0,7.4074074074074066,0.0,0.0,100.0,0.0
Vladimir BESSONOV,URS,12,0,2,3,0.0,0.0,40.74074074074074,0.0,50.0,75.0,3.0
Vladimir BIGORRA,CHI,3,0,0,1,0.0,0.0,7.4074074074074066,0.0,0.0,100.0,0.0
Vladimir DURKOVIC,YUG,6,0,0,1,0.0,0.0,18.51851851851852,0.0,0.0,100.0,0.0
Vladimir FIRM,YUG,3,0,0,1,0.0,0.0,7.4074074074074066,0.0,0.0,100.0,0.0
Vladimir HAGARA,TCH,3,0,0,1,0.0,0.0,7.4074074074074066,0.0,0.0,100.0,0.0
Vladimir HRIVNAK,TCH,3,0,0,1,0.0,0.0,7.4074074074074066,0.0,0.0,100.0,0.0
Vladimir JUGOVIC,YUG,4,0,0,1,0.0,0.0,11.11111111111111,0.0,0.0,100.0,0.0
Vladimir KAPLICHNI,URS,4,0,0,1,0.0,0.0,11.11111111111111,0.0,0.0,100.0,0.0
Vladimir KESAREV,URS,5,0,0,1,0.0,0.0,14.814814814814811,0.0,0.0,100.0,0.0
Vladimir KINIER,TCH,5,0,0,1,0.0,0.0,14.814814814814811,0.0,0.0,100.0,0.0
Vladimir KOS,TCH,6,0,0,1,0.0,0.0,18.51851851851852,0.0,0.0,100.0,0.0
Vladimir KOVACEVIC,YUG,6,0,0,1,0.0,0.0,18.51851851851852,0.0,0.0,100.0,0.0
Vladimir LIUTYI,URS,3,0,0,1,0.0,0.0,7.4074074074074066,0.0,0.0,100.0,0.0
Vladimir MASLACHENKO,URS,9,0,0,2,0.0,0.0,29.629629629629623,0.0,25.0,100.0,1.0
Vladimir MUNTYAN,URS,4,0,0,1,0.0,0.0,11.11111111111111,0.0,0.0,100.0,0.0
Vladimir PETROVIC,YUG,9,0,0,2,0.0,0.0,29.629629629629623,0.0,25.0,100.0,1.0
Vladimir PONOMARYOV,URS,6,0,0,1,0.0,0.0,18.51851851851852,0.0,0.0,100.0,0.0
Vladimir POPOVIC,YUG,6,0,1,1,0.0,0.0,18.51851851851852,0.0,0.0,87.5,2.0
Vladimir QUESADA,CRC,4,0,0,1,0.0,0.0,11.11111111111111,0.0,0.0,100.0,0.0
Vladimir SORIA,BOL,3,0,1,1,0.0,0.0,7.4074074074074066,0.0,0.0,87.5,2.0
Vladimir VASILJ,CRO,7,0,0,1,0.0,0.0,22.22222222222222,0.0,0.0,100.0,0.0
Vladimir WEISS,TCH,5,0,0,1,0.0,0.0,14.814814814814811,0.0,0.0,100.0,0.0
Vladimir YEROKHIN,URS,5,0,0,1,0.0,0.0,14.814814814814811,0.0,0.0,100.0,0.0
Vladimiro SCHETTINA,PAR,4,0,2,1,0.0,0.0,11.11111111111111,0.0,0.0,75.0,2.0
Vladislao CAP,ARG,3,0,0,1,0.0,0.0,7.4074074074074066,0.0,0.0,100.0,0.0
Vladislav BOGICEVIC,YUG,6,1,0,1,0.1666666666666666,5.88235294117647,18.51851851851852,4.166666666666666,0.0,100.0,0.0
Vladislav HLAVACEK,TCH,2,0,0,1,0.0,0.0,3.7037037037037033,0.0,0.0,100.0,
Vladislav TERNAVSKI,RUS,3,0,0,1,0.0,0.0,7.4074074074074066,0.0,0.0,100.0,0.0
Vlastimil KOPECKY,TCH,7,1,0,2,0.1428571428571428,5.88235294117647,22.22222222222222,3.571428571428571,25.0,100.0,1.0
Vlastimil PETRZELA,TCH,3,0,0,1,0.0,0.0,7.4074074074074066,0.0,0.0,100.0,0.0
Vlastimir PETKOVIC,YUG,3,0,0,1,0.0,0.0,7.4074074074074066,0.0,0.0,100.0,0.0
Vlatko MARKOVIC,YUG,6,0,0,1,0.0,0.0,18.51851851851852,0.0,0.0,100.0,0.0
Voin VOINOV,BUL,3,0,0,1,0.0,0.0,7.4074074074074066,0.0,0.0,100.0,0.0
Vojislav MELIC,YUG,6,1,0,1,0.1666666666666666,5.88235294117647,18.51851851851852,4.166666666666666,0.0,100.0,0.0
Vojtech BRADAC,TCH,3,0,0,1,0.0,0.0,7.4074074074074066,0.0,0.0,100.0,0.0
Vujadin BOSKOV,YUG,7,0,0,2,0.0,0.0,22.22222222222222,0.0,25.0,100.0,1.0
Vujadin STANOJKOVIC,YUG,5,0,0,1,0.0,0.0,14.814814814814811,0.0,0.0,100.0,0.0
W DU,CHN,3,0,0,1,0.0,0.0,7.4074074074074066,0.0,0.0,100.0,0.0
W F LI,CHN,3,0,1,1,0.0,0.0,7.4074074074074066,0.0,0.0,87.5,2.0
W J LEE,KOR,7,0,0,1,0.0,0.0,22.22222222222222,0.0,0.0,100.0,0.0
W. AYOVI,ECU,6,0,0,2,0.0,0.0,18.51851851851852,0.0,25.0,100.0,1.0
W. GARGANO,URU,4,0,1,1,0.0,0.0,11.11111111111111,0.0,0.0,87.5,2.0
W. McKINLAY,SCO,3,0,0,1,0.0,0.0,7.4074074074074066,0.0,0.0,100.0,0.0
W. PALACIOS,HON,6,0,6,2,0.0,0.0,18.51851851851852,0.0,25.0,25.0,2.0
W. PARKS,CRC,3,1,0,1,0.3333333333333333,5.88235294117647,7.4074074074074066,8.333333333333332,0.0,100.0,0.0
W.S.ABREU.G,URU,7,0,0,1,0.0,0.0,22.22222222222222,0.0,0.0,100.0,0.0
WAKASO,GHA,3,0,0,1,0.0,0.0,7.4074074074074066,0.0,0.0,100.0,0.0
WALCOTT,ENG,5,0,0,1,0.0,0.0,14.814814814814811,0.0,0.0,100.0,0.0
WALDEMAR DE BRITTO,BRA,1,0,0,1,0.0,0.0,0.0,0.0,0.0,100.0,
WALDIR PERES,BRA,19,0,1,3,0.0,0.0,66.66666666666666,0.0,50.0,87.5,3.0
WALDOCH,POL,3,0,0,1,0.0,0.0,7.4074074074074066,0.0,0.0,100.0,0.0
WALDYR,BRA,1,0,0,1,0.0,0.0,0.0,0.0,0.0,100.0,
WALEM,BEL,4,1,0,1,0.25,5.88235294117647,11.11111111111111,6.25,0.0,100.0,0.0
WALLACE,CRC,3,0,0,1,0.0,0.0,7.4074074074074066,0.0,0.0,100.0,0.0
WALLACE H.,CRC,3,0,0,1,0.0,0.0,7.4074074074074066,0.0,0.0,100.0,0.0
WALTER,FRG,6,4,0,1,0.6666666666666666,23.52941176470588,18.51851851851852,16.666666666666664,0.0,100.0,0.0
WALTER GOULART,BRA,5,0,0,1,0.0,0.0,14.814814814814811,0.0,0.0,100.0,0.0
WALTERS,RSA,3,0,0,1,0.0,0.0,7.4074074074074066,0.0,0.0,100.0,0.0
WANCHOPE,CRC,3,1,0,1,0.3333333333333333,5.88235294117647,7.4074074074074066,8.333333333333332,0.0,100.0,0.0
WANCHOPE P.,CRC,3,2,0,1,0.6666666666666666,11.76470588235294,7.4074074074074066,16.666666666666664,0.0,100.0,0.0
WARIS,GHA,3,0,1,1,0.0,0.0,7.4074074074074066,0.0,0.0,87.5,2.0
WARNOCK,ENG,4,0,0,1,0.0,0.0,11.11111111111111,0.0,0.0,100.0,0.0
WEBO,CMR,6,0,0,2,0.0,0.0,18.51851851851852,0.0,25.0,100.0,1.0
WEGERLE,USA,4,0,0,1,0.0,0.0,11.11111111111111,0.0,0.0,100.0,0.0
WEIDENFELLER,GER,7,0,0,1,0.0,0.0,22.22222222222222,0.0,0.0,100.0,0.0
WEISS,SVK,4,0,1,1,0.0,0.0,11.11111111111111,0.0,0.0,87.5,2.0
WELBECK,ENG,3,0,0,1,0.0,0.0,7.4074074074074066,0.0,0.0,100.0,0.0
WELCOME,HON,3,0,0,1,0.0,0.0,7.4074074074074066,0.0,0.0,100.0,0.0
WEST,NGA,3,0,1,1,0.0,0.0,7.4074074074074066,0.0,0.0,87.5,2.0
WHITLEY,TRI,3,0,2,1,0.0,0.0,7.4074074074074066,0.0,0.0,75.0,2.0
WICKY,SUI,4,0,1,1,0.0,0.0,11.11111111111111,0.0,0.0,87.5,2.0
WIESE,GER,7,0,0,1,0.0,0.0,22.22222222222222,0.0,0.0,100.0,0.0
WIJNALDUM,NED,7,2,0,1,0.2857142857142857,11.76470588235294,22.22222222222222,7.142857142857142,0.0,100.0,0.0
WILHELMSSON,SWE,4,0,0,1,0.0,0.0,11.11111111111111,0.0,0.0,100.0,0.0
WILKINSON,AUS,3,0,0,1,0.0,0.0,7.4074074074074066,0.0,0.0,100.0,0.0
WILKSHIRE,AUS,7,0,2,2,0.0,0.0,22.22222222222222,0.0,25.0,75.0,1.0
WILLIAM,POR,3,0,0,1,0.0,0.0,7.4074074074074066,0.0,0.0,100.0,0.0
WILLIAN,BRA,7,0,0,1,0.0,0.0,22.22222222222222,0.0,0.0,100.0,0.0
WILMOTS,BEL,8,3,0,2,0.375,17.647058823529413,25.925925925925924,9.375,25.0,100.0,1.0
WILSHERE,ENG,3,0,0,1,0.0,0.0,7.4074074074074066,0.0,0.0,100.0,0.0
WILSON PIAZZA,BRA,13,0,0,2,0.0,0.0,44.44444444444444,0.0,25.0,100.0,1.0
WILTORD,FRA,10,0,0,2,0.0,0.0,33.33333333333333,0.0,25.0,100.0,1.0
WINTER,NED,9,1,1,2,0.1111111111111111,5.88235294117647,29.629629629629623,2.7777777777777777,25.0,87.5,1.0
WISE,TRI,3,0,0,1,0.0,0.0,7.4074074074074066,0.0,0.0,100.0,0.0
WITSEL,BEL,5,0,1,1,0.0,0.0,14.814814814814811,0.0,0.0,87.5,2.0
WLFLI,SUI,3,0,0,1,0.0,0.0,7.4074074074074066,0.0,0.0,100.0,0.0
WOLFE,TRI,3,0,0,1,0.0,0.0,7.4074074074074066,0.0,0.0,100.0,0.0
WOLFF,USA,8,0,1,2,0.0,0.0,25.925925925925924,0.0,25.0,87.5,1.0
WOM,CMR,3,0,1,1,0.0,0.0,7.4074074074074066,0.0,0.0,87.5,2.0
WOME,CMR,3,0,1,1,0.0,0.0,7.4074074074074066,0.0,0.0,87.5,2.0
WONDOLOWSKI,USA,4,0,0,1,0.0,0.0,11.11111111111111,0.0,0.0,100.0,0.0
WONHEE,KOR,3,0,0,1,0.0,0.0,7.4074074074074066,0.0,0.0,100.0,0.0
WOO Sang Kwon,KOR,2,0,0,1,0.0,0.0,3.7037037037037033,0.0,0.0,100.0,
WOOD,NZL,3,0,0,1,0.0,0.0,7.4074074074074066,0.0,0.0,100.0,0.0
WOONJAE,KOR,7,0,0,2,0.0,0.0,22.22222222222222,0.0,25.0,100.0,1.0
WRIGHT,AUS,3,0,0,1,0.0,0.0,7.4074074074074066,0.0,0.0,100.0,0.0
WRIGHT,AUS,3,0,0,1,0.0,0.0,7.4074074074074066,0.0,0.0,100.0,0.0
WRIGHT,CRC,3,1,0,1,0.3333333333333333,5.88235294117647,7.4074074074074066,8.333333333333332,0.0,100.0,0.0
WRIGHT,CRC,3,1,0,1,0.3333333333333333,5.88235294117647,7.4074074074074066,8.333333333333332,0.0,100.0,0.0
WRIGHT-PHILLIPS,ENG,4,0,0,1,0.0,0.0,11.11111111111111,0.0,0.0,100.0,0.0
WRNS,GER,5,0,1,1,0.0,0.0,14.814814814814811,0.0,0.0,87.5,2.0
WYNALDA,USA,4,1,0,1,0.25,5.88235294117647,11.11111111111111,6.25,0.0,100.0,0.0
Wagner LOPES,JPN,3,0,0,1,0.0,0.0,7.4074074074074066,0.0,0.0,100.0,0.0
Waldemar MATYSIK,POL,11,0,0,2,0.0,0.0,37.03703703703704,0.0,25.0,100.0,1.0
Walid AL MUBARAK,KUW,3,0,0,1,0.0,0.0,7.4074074074074066,0.0,0.0,100.0,0.0
Walter BAHR,USA,3,0,0,1,0.0,0.0,7.4074074074074066,0.0,0.0,100.0,0.0
Walter BEERLI,SUI,3,0,0,1,0.0,0.0,7.4074074074074066,0.0,0.0,100.0,0.0
Walter BOYD,JAM,3,0,0,1,0.0,0.0,7.4074074074074066,0.0,0.0,100.0,0.0
Walter BROM,POL,1,0,0,1,0.0,0.0,0.0,0.0,0.0,100.0,
Walter CORBO,URU,6,0,0,1,0.0,0.0,18.51851851851852,0.0,0.0,100.0,0.0
Walter DICK,USA,1,0,0,1,0.0,0.0,0.0,0.0,0.0,100.0,
Walter EICH,SUI,4,0,0,1,0.0,0.0,11.11111111111111,0.0,0.0,100.0,0.0
Walter HAUMMER,AUT,5,0,0,1,0.0,0.0,14.814814814814811,0.0,0.0,100.0,0.0
Walter HORAK,AUT,3,0,0,1,0.0,0.0,7.4074074074074066,0.0,0.0,100.0,0.0
Walter KOGLER,AUT,3,0,0,1,0.0,0.0,7.4074074074074066,0.0,0.0,100.0,0.0
Walter KOLLMANN,AUT,8,0,0,2,0.0,0.0,25.925925925925924,0.0,25.0,100.0,1.0
Walter MANTEGAZZA,URU,3,0,1,1,0.0,0.0,7.4074074074074066,0.0,0.0,87.5,2.0
Walter MEEUWS,BEL,5,0,1,1,0.0,0.0,14.814814814814811,0.0,0.0,87.5,2.0
Walter SCHACHNER,AUT,11,3,1,2,0.2727272727272727,17.647058823529413,37.03703703703704,6.8181818181818175,25.0,87.5,1.0
Walter SCHLEGER,AUT,8,0,0,2,0.0,0.0,25.925925925925924,0.0,25.0,100.0,1.0
Walter TAIBO,URU,4,0,0,1,0.0,0.0,11.11111111111111,0.0,0.0,100.0,0.0
Walter WEILER,SUI,2,0,0,1,0.0,0.0,3.7037037037037033,0.0,0.0,100.0,
Walter ZEMAN,AUT,5,0,0,1,0.0,0.0,14.814814814814811,0.0,0.0,100.0,0.0
Walter ZENGA,ITA,11,0,0,2,0.0,0.0,37.03703703703704,0.0,25.0,100.0,1.0
Warren BARRETT,JAM,3,0,0,1,0.0,0.0,7.4074074074074066,0.0,0.0,100.0,0.0
Washington ORTUNO,URU,4,0,0,1,0.0,0.0,11.11111111111111,0.0,0.0,100.0,0.0
Werner FRIESE,GDR,6,0,0,1,0.0,0.0,18.51851851851852,0.0,0.0,100.0,0.0
Werner KOHLMEYER,FRG,6,0,0,1,0.0,0.0,18.51851851851852,0.0,0.0,100.0,0.0
Werner KRAEMER,FRG,6,0,0,1,0.0,0.0,18.51851851851852,0.0,0.0,100.0,0.0
Werner LEIMGRUBER,SUI,3,0,0,1,0.0,0.0,7.4074074074074066,0.0,0.0,100.0,0.0
Werner LIEBRICH,FRG,6,0,0,1,0.0,0.0,18.51851851851852,0.0,0.0,100.0,0.0
Werner NILSEN,USA,1,0,0,1,0.0,0.0,0.0,0.0,0.0,100.0,
Wilbur CUSH,NIR,5,1,0,1,0.2,5.88235294117647,14.814814814814811,5.0,0.0,100.0,0.0
Wilf MANNION,ENG,3,1,0,1,0.3333333333333333,5.88235294117647,7.4074074074074066,8.333333333333332,0.0,100.0,0.0
Wilfred AGBONAVBARE,NGA,4,0,0,1,0.0,0.0,11.11111111111111,0.0,0.0,100.0,0.0
Wilfred LOUIS,HAI,3,0,0,1,0.0,0.0,7.4074074074074066,0.0,0.0,100.0,0.0
Wilfried HANNES,FRG,7,0,0,1,0.0,0.0,22.22222222222222,0.0,0.0,100.0,0.0
Wilfried PUIS,BEL,3,0,0,1,0.0,0.0,7.4074074074074066,0.0,0.0,100.0,0.0
Wilfried VAN MOER,BEL,8,2,0,2,0.25,11.76470588235294,25.925925925925924,6.25,25.0,100.0,1.0
Wilhelm GORA,POL,1,0,0,1,0.0,0.0,0.0,0.0,0.0,100.0,
Wilhelm KREUZ,AUT,6,0,0,1,0.0,0.0,18.51851851851852,0.0,0.0,100.0,0.0
Wilhelm PIEC,POL,1,0,0,1,0.0,0.0,0.0,0.0,0.0,100.0,
Willem ANDERIESEN,NED,2,0,0,2,0.0,0.0,3.7037037037037033,0.0,25.0,100.0,
Willem JACKSON,RSA,3,0,1,1,0.0,0.0,7.4074074074074066,0.0,0.0,87.5,2.0
Willhelm HAHNEMANN,GER,2,1,0,1,0.5,5.88235294117647,3.7037037037037033,12.5,0.0,100.0,
Willi KOSLOWSKI,FRG,4,0,0,1,0.0,0.0,11.11111111111111,0.0,0.0,100.0,0.0
Willi SCHMAUS,AUT,4,0,0,1,0.0,0.0,11.11111111111111,0.0,0.0,100.0,0.0
Willi SCHULZ,FRG,16,0,0,3,0.0,0.0,55.55555555555556,0.0,50.0,100.0,3.0
William ANDEM,CMR,3,0,0,1,0.0,0.0,7.4074074074074066,0.0,0.0,100.0,0.0
William AYACHE,FRA,7,0,2,1,0.0,0.0,22.22222222222222,0.0,0.0,75.0,2.0
William CASTRO,URU,4,0,0,1,0.0,0.0,11.11111111111111,0.0,0.0,100.0,0.0
William MARTINEZ,URU,12,0,0,3,0.0,0.0,40.74074074074074,0.0,50.0,100.0,3.0
William MOKOENA,RSA,3,0,0,1,0.0,0.0,7.4074074074074066,0.0,0.0,100.0,0.0
William SLATER,ENG,4,0,0,1,0.0,0.0,11.11111111111111,0.0,0.0,100.0,0.0
William ZOMBORY,ROU,1,0,0,1,0.0,0.0,0.0,0.0,0.0,100.0,
Willibald KRESS,GER,4,0,0,1,0.0,0.0,11.11111111111111,0.0,0.0,100.0,0.0
Willibald SCHMAUS,GER,2,0,0,1,0.0,0.0,3.7037037037037033,0.0,0.0,100.0,
Willie CUNNINGHAM,NIR,5,0,0,1,0.0,0.0,14.814814814814811,0.0,0.0,100.0,0.0
Willie CUNNINGHAM,SCO,2,0,0,1,0.0,0.0,3.7037037037037033,0.0,0.0,100.0,0.0
Willie DONACHIE,SCO,6,0,0,2,0.0,0.0,18.51851851851852,0.0,25.0,100.0,1.0
Willie FERNIE,SCO,5,0,0,2,0.0,0.0,14.814814814814811,0.0,25.0,100.0,1.0
Willie JOHNSTON,SCO,3,0,0,1,0.0,0.0,7.4074074074074066,0.0,0.0,100.0,0.0
Willie MILLER,SCO,6,0,0,2,0.0,0.0,18.51851851851852,0.0,25.0,100.0,1.0
Willie MORGAN,SCO,3,0,0,1,0.0,0.0,7.4074074074074066,0.0,0.0,100.0,0.0
Willie ORMOND,SCO,2,0,0,1,0.0,0.0,3.7037037037037033,0.0,0.0,100.0,
Willie WATSON,ENG,3,0,0,1,0.0,0.0,7.4074074074074066,0.0,0.0,100.0,0.0
Willy ALLEMANN,SUI,3,0,0,1,0.0,0.0,7.4074074074074066,0.0,0.0,100.0,0.0
Willy BUSCH,GER,4,0,0,1,0.0,0.0,11.11111111111111,0.0,0.0,100.0,0.0
Willy GIESEMANN,FRG,4,0,0,1,0.0,0.0,11.11111111111111,0.0,0.0,100.0,0.0
Willy HUBER,SUI,5,0,0,2,0.0,0.0,14.814814814814811,0.0,25.0,100.0,1.0
Willy JAEGGI,SUI,2,1,0,1,0.5,5.88235294117647,3.7037037037037033,12.5,0.0,100.0,
Willy KERNEN,SUI,7,0,0,2,0.0,0.0,22.22222222222222,0.0,25.0,100.0,1.0
Willy VAN DE KERKHOF,NED,14,1,1,2,0.0714285714285714,5.88235294117647,48.14814814814815,1.7857142857142856,25.0,87.5,1.0
Willy VON KAENEL,SUI,2,0,0,1,0.0,0.0,3.7037037037037033,0.0,0.0,100.0,
Wilmar CABRERA,URU,4,0,1,1,0.0,0.0,11.11111111111111,0.0,0.0,87.5,2.0
Wilmer CABRERA,COL,4,0,0,1,0.0,0.0,11.11111111111111,0.0,0.0,100.0,0.0
Wilner NAZAIRE,HAI,3,0,0,1,0.0,0.0,7.4074074074074066,0.0,0.0,100.0,0.0
Wilner PIQUANT,HAI,3,0,0,1,0.0,0.0,7.4074074074074066,0.0,0.0,100.0,0.0
Wilson ORUMA,NGA,4,1,0,1,0.25,5.88235294117647,11.11111111111111,6.25,0.0,100.0,0.0
Wilson PEREZ,COL,3,0,0,1,0.0,0.0,7.4074074074074066,0.0,0.0,100.0,0.0
Wim JANSEN,NED,14,0,1,2,0.0,0.0,48.14814814814815,0.0,25.0,87.5,1.0
Wim JONK,NED,7,0,1,1,0.0,0.0,22.22222222222222,0.0,0.0,87.5,2.0
Wim KIEFT,NED,4,1,1,1,0.25,5.88235294117647,11.11111111111111,6.25,0.0,87.5,2.0
Wim LANGENDAAL,NED,1,0,0,1,0.0,0.0,0.0,0.0,0.0,100.0,
Wim RIJSBERGEN,NED,14,0,0,2,0.0,0.0,48.14814814814815,0.0,25.0,100.0,1.0
Wim SUURBIER,NED,14,0,3,2,0.0,0.0,48.14814814814815,0.0,25.0,62.5,3.0
Wim VAN HANEGEM,NED,7,0,2,1,0.0,0.0,22.22222222222222,0.0,0.0,75.0,2.0
Winston BOGARDE,NED,7,0,0,1,0.0,0.0,22.22222222222222,0.0,0.0,100.0,0.0
Wladyslaw SZSZEPANIAK,POL,1,0,0,1,0.0,0.0,0.0,0.0,0.0,100.0,
Wladyslaw ZMUDA,POL,24,0,1,4,0.0,0.0,85.18518518518519,0.0,75.0,87.5,3.0
Wlodimierz SMOLAREK,POL,11,2,3,2,0.1818181818181818,11.76470588235294,37.03703703703704,4.545454545454546,25.0,62.5,3.0
Wlodzimierz CIOLEK,POL,7,1,0,1,0.1428571428571428,5.88235294117647,22.22222222222222,3.571428571428571,0.0,100.0,0.0
Wlodzimierz LUBANSKI,POL,6,0,0,1,0.0,0.0,18.51851851851852,0.0,0.0,100.0,0.0
Wlodzimierz MAZUR,POL,6,0,0,1,0.0,0.0,18.51851851851852,0.0,0.0,100.0,0.0
Wojciech RUDY,POL,6,0,0,1,0.0,0.0,18.51851851851852,0.0,0.0,100.0,0.0
Wolfgang BLOCHWITZ,GDR,6,0,0,1,0.0,0.0,18.51851851851852,0.0,0.0,100.0,0.0
Wolfgang DREMMLER,FRG,7,0,1,1,0.0,0.0,22.22222222222222,0.0,0.0,87.5,2.0
Wolfgang FAHRIAN,FRG,4,0,0,1,0.0,0.0,11.11111111111111,0.0,0.0,100.0,0.0
Wolfgang FEIERSINGER,AUT,3,0,1,1,0.0,0.0,7.4074074074074066,0.0,0.0,87.5,2.0
Wolfgang KLEFF,FRG,7,0,0,1,0.0,0.0,22.22222222222222,0.0,0.0,100.0,0.0
Wolfgang KNALLER,AUT,3,0,0,1,0.0,0.0,7.4074074074074066,0.0,0.0,100.0,0.0
Wolfgang OVERATH,FRG,19,3,3,3,0.1578947368421052,17.647058823529413,66.66666666666666,3.947368421052632,50.0,62.5,3.0
Wolfgang PAUL,FRG,6,0,0,1,0.0,0.0,18.51851851851852,0.0,0.0,100.0,0.0
Wolfgang PETERS,FRG,6,0,0,1,0.0,0.0,18.51851851851852,0.0,0.0,100.0,0.0
Wolfgang ROLFF,FRG,7,0,0,1,0.0,0.0,22.22222222222222,0.0,0.0,100.0,0.0
Wolfgang SEGUIN,GDR,6,0,0,1,0.0,0.0,18.51851851851852,0.0,0.0,100.0,0.0
Wolfgang WEBER,FRG,12,1,1,2,0.0833333333333333,5.88235294117647,40.74074074074074,2.083333333333333,25.0,87.5,1.0
Wolfram LOEWE,GDR,6,0,0,1,0.0,0.0,18.51851851851852,0.0,0.0,100.0,0.0
Wynton RUFER,NZL,3,0,0,1,0.0,0.0,7.4074074074074066,0.0,0.0,100.0,0.0
X P LI,CHN,3,0,1,1,0.0,0.0,7.4074074074074066,0.0,0.0,87.5,2.0
XAVI,ESP,19,0,1,4,0.0,0.0,66.66666666666666,0.0,75.0,87.5,3.0
XHAKA,SUI,4,1,2,1,0.25,5.88235294117647,11.11111111111111,6.25,0.0,75.0,2.0
Xavier STIERLI,SUI,3,0,0,1,0.0,0.0,7.4074074074074066,0.0,0.0,100.0,0.0
Xerxes LOUIS,FRA,2,0,0,1,0.0,0.0,3.7037037037037033,0.0,0.0,100.0,
Y G KIM,KOR,3,0,0,1,0.0,0.0,7.4074074074074066,0.0,0.0,100.0,0.0
Y GAO,CHN,3,0,0,1,0.0,0.0,7.4074074074074066,0.0,0.0,100.0,0.0
Y I CHOI,KOR,3,0,2,1,0.0,0.0,7.4074074074074066,0.0,0.0,75.0,2.0
Y L XU,CHN,3,0,1,1,0.0,0.0,7.4074074074074066,0.0,0.0,87.5,2.0
Y LEE,KOR,3,0,1,1,0.0,0.0,7.4074074074074066,0.0,0.0,87.5,2.0
Y M HYUN,KOR,7,0,0,1,0.0,0.0,22.22222222222222,0.0,0.0,100.0,0.0
Y P LEE,KOR,7,0,0,1,0.0,0.0,22.22222222222222,0.0,0.0,100.0,0.0
Y S CHOI,KOR,7,0,0,1,0.0,0.0,22.22222222222222,0.0,0.0,100.0,0.0
Y. AL-TUNAIAN,KSA,3,0,0,1,0.0,0.0,7.4074074074074066,0.0,0.0,100.0,0.0
Y.GOLMOHAMMADI,IRN,3,1,1,1,0.3333333333333333,5.88235294117647,7.4074074074074066,8.333333333333332,0.0,87.5,2.0
YA KONAN,CIV,3,0,0,1,0.0,0.0,7.4074074074074066,0.0,0.0,100.0,0.0
YAHIA,ALG,3,0,4,1,0.0,0.0,7.4074074074074066,0.0,0.0,50.0,2.0
YAHIA,ALG,3,0,4,1,0.0,0.0,7.4074074074074066,0.0,0.0,50.0,0.0
YAHIA,TUN,3,0,0,1,0.0,0.0,7.4074074074074066,0.0,0.0,100.0,2.0
YAHIA,TUN,3,0,0,1,0.0,0.0,7.4074074074074066,0.0,0.0,100.0,0.0
YAKIN,SUI,7,0,2,2,0.0,0.0,22.22222222222222,0.0,25.0,75.0,1.0
YAKUBU,NGA,3,0,0,1,0.0,0.0,7.4074074074074066,0.0,0.0,100.0,0.0
YAMAGUCHI,JPN,3,0,0,1,0.0,0.0,7.4074074074074066,0.0,0.0,100.0,0.0
YANAGISAWA,JPN,7,0,0,2,0.0,0.0,22.22222222222222,0.0,25.0,100.0,1.0
YANG Seung Kook,PRK,4,1,0,1,0.25,5.88235294117647,11.11111111111111,6.25,0.0,100.0,0.0
YANO,JPN,4,0,0,1,0.0,0.0,11.11111111111111,0.0,0.0,100.0,0.0
YAPI,CIV,3,0,0,1,0.0,0.0,7.4074074074074066,0.0,0.0,100.0,0.0
YASSER,KSA,3,1,0,1,0.3333333333333333,5.88235294117647,7.4074074074074066,8.333333333333332,0.0,100.0,0.0
YEBDA,ALG,7,0,2,2,0.0,0.0,22.22222222222222,0.0,25.0,75.0,1.0
YEBOAH,CIV,3,0,0,1,0.0,0.0,7.4074074074074066,0.0,0.0,100.0,0.0
YEDLIN,USA,4,0,0,1,0.0,0.0,11.11111111111111,0.0,0.0,100.0,0.0
YEKINI,NGA,8,1,0,2,0.125,5.88235294117647,25.925925925925924,3.125,25.0,100.0,1.0
YEPES,COL,5,0,2,1,0.0,0.0,14.814814814814811,0.0,0.0,75.0,2.0
YEZERSKYY,UKR,5,0,1,1,0.0,0.0,14.814814814814811,0.0,0.0,87.5,2.0
YILDIRAY BASTURK,TUR,7,0,0,1,0.0,0.0,22.22222222222222,0.0,0.0,100.0,0.0
YOBO,NGA,10,0,0,3,0.0,0.0,33.33333333333333,0.0,50.0,100.0,1.0
YONGDAE,KOR,3,0,0,1,0.0,0.0,7.4074074074074066,0.0,0.0,100.0,0.0
YONGHYUNG,KOR,4,0,1,1,0.0,0.0,11.11111111111111,0.0,0.0,87.5,2.0
YOO Byung Ok,KOR,3,0,0,1,0.0,0.0,7.4074074074074066,0.0,0.0,100.0,0.0
YOO S. C.,KOR,3,1,0,1,0.3333333333333333,5.88235294117647,7.4074074074074066,8.333333333333332,0.0,100.0,0.0
YOON Deok Yeo,KOR,3,0,2,1,0.0,0.0,7.4074074074074066,0.0,0.0,75.0,2.0
YORDANOV,BUL,10,0,1,2,0.0,0.0,33.33333333333333,0.0,25.0,87.5,1.0
YORKE,TRI,3,0,1,1,0.0,0.0,7.4074074074074066,0.0,0.0,87.5,2.0
YOSHIDA,JPN,3,0,1,1,0.0,0.0,7.4074074074074066,0.0,0.0,87.5,2.0
YOUNGCHUL,KOR,3,0,1,1,0.0,0.0,7.4074074074074066,0.0,0.0,87.5,2.0
YOUNGKWANG,KOR,7,0,0,2,0.0,0.0,22.22222222222222,0.0,25.0,100.0,1.0
YOUNGPYO,KOR,7,0,0,2,0.0,0.0,22.22222222222222,0.0,25.0,100.0,1.0
YOUSUF HUSSAIN,UAE,3,0,2,1,0.0,0.0,7.4074074074074066,0.0,0.0,75.0,2.0
YUNG Kook Chin,KOR,2,0,0,1,0.0,0.0,3.7037037037037033,0.0,0.0,100.0,
Yacine BENTALA,ALG,3,0,0,1,0.0,0.0,7.4074074074074066,0.0,0.0,100.0,0.0
Yair NOSOVSKI,ISR,3,0,0,1,0.0,0.0,7.4074074074074066,0.0,0.0,100.0,0.0
Yannick STOPYRA,FRA,7,2,0,1,0.2857142857142857,11.76470588235294,22.22222222222222,7.142857142857142,0.0,100.0,0.0
Yasser AL TAIFI,KSA,4,0,0,1,0.0,0.0,11.11111111111111,0.0,0.0,100.0,0.0
Yechiel HAMEIRI,ISR,3,0,0,1,0.0,0.0,7.4074074074074066,0.0,0.0,100.0,0.0
Yehezkel HAZUM,ISR,3,0,0,1,0.0,0.0,7.4074074074074066,0.0,0.0,100.0,0.0
Yeshaiyahu SCHWAGER,ISR,3,0,0,1,0.0,0.0,7.4074074074074066,0.0,0.0,100.0,0.0
Yoshikatsu KAWAGUCHI,JPN,3,0,0,1,0.0,0.0,7.4074074074074066,0.0,0.0,100.0,0.0
Youri DJORKAEFF,FRA,7,0,0,1,0.0,0.0,22.22222222222222,0.0,0.0,100.0,0.0
Youssef CHIPPO,MAR,3,0,1,1,0.0,0.0,7.4074074074074066,0.0,0.0,87.5,2.0
Youssef ROSSI,MAR,3,0,0,1,0.0,0.0,7.4074074074074066,0.0,0.0,100.0,0.0
Yozhef SABO,URS,10,0,1,2,0.0,0.0,33.33333333333333,0.0,25.0,87.5,1.0
Yuri FALIN,URS,5,0,0,1,0.0,0.0,14.814814814814811,0.0,0.0,100.0,0.0
Yuri GAVRILOV,URS,5,1,0,1,0.2,5.88235294117647,14.814814814814811,5.0,0.0,100.0,0.0
Yuri NIKIFOROV,RUS,3,0,2,1,0.0,0.0,7.4074074074074066,0.0,0.0,75.0,2.0
Yuri SUSLOPAROV,URS,5,0,0,1,0.0,0.0,14.814814814814811,0.0,0.0,100.0,0.0
Yusuf FARAJ,KUW,3,0,0,1,0.0,0.0,7.4074074074074066,0.0,0.0,100.0,0.0
Yutaka AKITA,JPN,3,0,1,1,0.0,0.0,7.4074074074074066,0.0,0.0,87.5,2.0
Yvan QUENTIN,SUI,4,0,0,1,0.0,0.0,11.11111111111111,0.0,0.0,100.0,0.0
Yves HERBERT,FRA,3,0,0,1,0.0,0.0,7.4074074074074066,0.0,0.0,100.0,0.0
Yvon DOUIS,FRA,6,1,0,1,0.1666666666666666,5.88235294117647,18.51851851851852,4.166666666666666,0.0,100.0,0.0
Yvon LE ROUX,FRA,7,0,0,1,0.0,0.0,22.22222222222222,0.0,0.0,100.0,0.0
Z CARLOS,BRA,7,0,1,1,0.0,0.0,22.22222222222222,0.0,0.0,87.5,2.0
Z KALANGA,ANG,3,0,2,1,0.0,0.0,7.4074074074074066,0.0,0.0,75.0,2.0
Z ROBERTO,BRA,12,1,0,2,0.0833333333333333,5.88235294117647,40.74074074074074,2.083333333333333,25.0,100.0,1.0
ZABALETA,ARG,7,0,0,1,0.0,0.0,22.22222222222222,0.0,0.0,100.0,0.0
ZABALO,ESP,3,0,0,1,0.0,0.0,7.4074074074074066,0.0,0.0,100.0,0.0
ZABAVNIK,SVK,4,0,0,1,0.0,0.0,11.11111111111111,0.0,0.0,100.0,0.0
ZACCARDO,ITA,7,0,0,1,0.0,0.0,22.22222222222222,0.0,0.0,100.0,0.0
ZAFER,TUR,7,0,0,1,0.0,0.0,22.22222222222222,0.0,0.0,100.0,0.0
ZAGUE,MEX,4,0,0,1,0.0,0.0,11.11111111111111,0.0,0.0,100.0,0.0
ZAHOVIC,SVN,3,0,0,1,0.0,0.0,7.4074074074074066,0.0,0.0,100.0,0.0
ZAID,KSA,6,0,0,2,0.0,0.0,18.51851851851852,0.0,25.0,100.0,1.0
ZAMBROTTA,ITA,14,1,4,3,0.0714285714285714,5.88235294117647,48.14814814814815,1.7857142857142856,50.0,50.0,3.0
ZANETTI,ARG,3,0,0,1,0.0,0.0,7.4074074074074066,0.0,0.0,100.0,0.0
ZANETTI,ARG,3,0,0,1,0.0,0.0,7.4074074074074066,0.0,0.0,100.0,2.0
ZANETTI,ITA,4,0,1,1,0.0,0.0,11.11111111111111,0.0,0.0,87.5,0.0
ZANETTI,ITA,4,0,1,1,0.0,0.0,11.11111111111111,0.0,0.0,87.5,2.0
ZARRA,ESP,6,4,0,1,0.6666666666666666,23.52941176470588,18.51851851851852,16.666666666666664,0.0,100.0,0.0
ZE CARLOS,BRA,4,0,0,1,0.0,0.0,11.11111111111111,0.0,0.0,100.0,0.0
ZE LUIS,BRA,2,0,0,1,0.0,0.0,3.7037037037037033,0.0,0.0,100.0,
ZE MARIA,BRA,13,0,1,2,0.0,0.0,44.44444444444444,0.0,25.0,87.5,1.0
ZE SERGIO,BRA,7,0,0,1,0.0,0.0,22.22222222222222,0.0,0.0,100.0,0.0
ZELENIKA,CRO,3,0,0,1,0.0,0.0,7.4074074074074066,0.0,0.0,100.0,0.0
ZEMMAMOUCHE,ALG,4,0,0,1,0.0,0.0,11.11111111111111,0.0,0.0,100.0,0.0
ZEQUINHA,BRA,6,0,0,1,0.0,0.0,18.51851851851852,0.0,0.0,100.0,0.0
ZETTI,BRA,7,0,0,1,0.0,0.0,22.22222222222222,0.0,0.0,100.0,0.0
ZEWLAKOW,POL,6,0,1,2,0.0,0.0,18.51851851851852,0.0,25.0,87.5,1.0
ZEZE PROCOPIO,BRA,5,0,1,1,0.0,0.0,14.814814814814811,0.0,0.0,87.5,2.0
ZH Y FAN,CHN,3,0,0,1,0.0,0.0,7.4074074074074066,0.0,0.0,100.0,0.0
ZHIRKOV,RUS,3,0,0,1,0.0,0.0,7.4074074074074066,0.0,0.0,100.0,0.0
ZIANI,ALG,3,0,0,1,0.0,0.0,7.4074074074074066,0.0,0.0,100.0,0.0
ZICO,BRA,17,4,1,3,0.2352941176470588,23.52941176470588,59.25925925925925,5.88235294117647,50.0,87.5,3.0
ZIDANE,FRA,10,1,4,2,0.1,5.88235294117647,33.33333333333333,2.5,25.0,50.0,3.0
ZIEGE,GER,7,0,2,1,0.0,0.0,22.22222222222222,0.0,0.0,75.0,2.0
ZIEGLER,SUI,7,0,1,2,0.0,0.0,22.22222222222222,0.0,25.0,87.5,1.0
ZIELER,GER,7,0,0,1,0.0,0.0,22.22222222222222,0.0,0.0,100.0,0.0
ZIELINSKI,POL,3,0,0,1,0.0,0.0,7.4074074074074066,0.0,0.0,100.0,0.0
ZIGIC,SCG,3,1,0,1,0.3333333333333333,5.88235294117647,7.4074074074074066,8.333333333333332,0.0,100.0,0.0
ZIL,GER,14,3,1,2,0.2142857142857142,17.647058823529413,48.14814814814815,5.357142857142857,25.0,87.5,1.0
ZINHO,BRA,7,0,1,1,0.0,0.0,22.22222222222222,0.0,0.0,87.5,2.0
ZITO,BRA,15,1,0,3,0.0666666666666666,5.88235294117647,51.85185185185185,1.6666666666666667,50.0,100.0,3.0
ZITOUNI,TUN,3,0,0,1,0.0,0.0,7.4074074074074066,0.0,0.0,100.0,0.0
ZIVKOVIC,CRO,3,0,1,1,0.0,0.0,7.4074074074074066,0.0,0.0,87.5,2.0
ZIZINHO,BRA,6,2,0,1,0.3333333333333333,11.76470588235294,18.51851851851852,8.333333333333332,0.0,100.0,0.0
ZOGBO,CIV,3,0,0,1,0.0,0.0,7.4074074074074066,0.0,0.0,100.0,0.0
ZOKORA,CIV,9,0,4,3,0.0,0.0,29.629629629629623,0.0,50.0,50.0,3.0
ZORO,CIV,3,0,0,1,0.0,0.0,7.4074074074074066,0.0,0.0,100.0,0.0
ZOZIMO,BRA,12,0,0,2,0.0,0.0,40.74074074074074,0.0,25.0,100.0,1.0
ZUBERBHLER,SUI,4,0,0,1,0.0,0.0,11.11111111111111,0.0,0.0,100.0,0.0
ZUBIZARRETA,ESP,12,0,0,3,0.0,0.0,40.74074074074074,0.0,50.0,100.0,3.0
ZUHAIR BAKHEET,UAE,3,0,0,1,0.0,0.0,7.4074074074074066,0.0,0.0,100.0,0.0
ZUMA,RSA,3,0,1,1,0.0,0.0,7.4074074074074066,0.0,0.0,87.5,2.0
ZURAWSKI,POL,6,0,0,2,0.0,0.0,18.51851851851852,0.0,25.0,100.0,1.0
ZUSI,USA,4,0,0,1,0.0,0.0,11.11111111111111,0.0,0.0,100.0,0.0
Zakaria EL ACHRAF,MAR,3,0,0,1,0.0,0.0,7.4074074074074066,0.0,0.0,100.0,0.0
Zarko NIKOLIC,YUG,6,0,0,1,0.0,0.0,18.51851851851852,0.0,0.0,100.0,0.0
Zbigniew BONIEK,POL,17,6,4,3,0.3529411764705882,35.294117647058826,59.25925925925925,8.823529411764707,50.0,50.0,3.0
Zbigniew GUT,POL,7,0,0,1,0.0,0.0,22.22222222222222,0.0,0.0,100.0,0.0
Zdenek HRUSKA,TCH,3,0,0,1,0.0,0.0,7.4074074074074066,0.0,0.0,100.0,0.0
Zdenek NEHODA,TCH,3,0,0,1,0.0,0.0,7.4074074074074066,0.0,0.0,100.0,0.0
Zdenek PROCHAZKA,TCH,2,0,0,1,0.0,0.0,3.7037037037037033,0.0,0.0,100.0,
Zdenek ZIKAN,TCH,4,4,0,1,1.0,23.52941176470588,11.11111111111111,25.0,0.0,100.0,0.0
Zdravko RAJKOV,YUG,4,1,0,1,0.25,5.88235294117647,11.11111111111111,6.25,0.0,100.0,0.0
Zdravko ZDRAVKOV,BUL,3,0,0,1,0.0,0.0,7.4074074074074066,0.0,0.0,100.0,0.0
Zdzislaw KAPKA,POL,7,0,0,1,0.0,0.0,22.22222222222222,0.0,0.0,100.0,0.0
Zdzislaw KOSTRZEWA,POL,6,0,0,1,0.0,0.0,18.51851851851852,0.0,0.0,100.0,0.0
Zeffiro FURIASSI,ITA,2,0,0,1,0.0,0.0,3.7037037037037033,0.0,0.0,100.0,
Zeljko CAJKOVSKI,YUG,3,2,0,1,0.6666666666666666,11.76470588235294,7.4074074074074066,16.666666666666664,0.0,100.0,0.0
Zeljko MATUS,YUG,6,0,0,1,0.0,0.0,18.51851851851852,0.0,0.0,100.0,0.0
Zeljko PETROVIC,YUG,4,0,1,1,0.0,0.0,11.11111111111111,0.0,0.0,87.5,2.0
Zhivko GOSPODINOV,BUL,4,0,1,1,0.0,0.0,11.11111111111111,0.0,0.0,87.5,2.0
Zinedine ZIDANE,FRA,7,2,2,1,0.2857142857142857,11.76470588235294,22.22222222222222,7.142857142857142,0.0,75.0,2.0
Zlatko CAJKOVSKI,YUG,6,0,0,2,0.0,0.0,18.51851851851852,0.0,25.0,100.0,1.0
Zlatko KRMPOTIC,YUG,3,0,1,1,0.0,0.0,7.4074074074074066,0.0,0.0,87.5,2.0
Zlatko PAPEC,YUG,3,0,0,1,0.0,0.0,7.4074074074074066,0.0,0.0,100.0,0.0
Zlatko VUJOVIC,YUG,8,0,1,2,0.0,0.0,25.925925925925924,0.0,25.0,87.5,1.0
Zlatko YANKOV,BUL,10,0,4,2,0.0,0.0,33.33333333333333,0.0,25.0,50.0,3.0
Zoilo SALDOMBIDE,URU,4,0,0,1,0.0,0.0,11.11111111111111,0.0,0.0,100.0,0.0
Zoltan CZIBOR,HUN,5,3,0,1,0.6,17.647058823529413,14.814814814814811,15.0,0.0,100.0,0.0
Zoltan FRIEDMANSZKY,HUN,4,0,0,1,0.0,0.0,11.11111111111111,0.0,0.0,100.0,0.0
Zoltan KEREKI,HUN,3,0,0,1,0.0,0.0,7.4074074074074066,0.0,0.0,100.0,0.0
Zoltan PETER,HUN,3,0,0,1,0.0,0.0,7.4074074074074066,0.0,0.0,100.0,0.0
Zoltan VARGA,HUN,4,0,0,1,0.0,0.0,11.11111111111111,0.0,0.0,100.0,0.0
Zoran MAMIC,CRO,7,0,0,1,0.0,0.0,22.22222222222222,0.0,0.0,100.0,0.0
Zoran MIRKOVIC,YUG,4,0,1,1,0.0,0.0,11.11111111111111,0.0,0.0,87.5,2.0
Zoran VUJOVIC,YUG,3,0,0,1,0.0,0.0,7.4074074074074066,0.0,0.0,100.0,0.0
Zoran VULIC,YUG,5,0,1,1,0.0,0.0,14.814814814814811,0.0,0.0,87.5,2.0
Zoubeir BEYA,TUN,3,0,1,1,0.0,0.0,7.4074074074074066,0.0,0.0,87.5,2.0
Zsolt MUZSNAI,ROU,4,0,0,1,0.0,0.0,11.11111111111111,0.0,0.0,100.0,0.0
Zvi ROSEN,ISR,3,0,0,1,0.0,0.0,7.4074074074074066,0.0,0.0,100.0,0.0
Zvonimir BOBAN,CRO,7,0,2,1,0.0,0.0,22.22222222222222,0.0,0.0,75.0,2.0
Zvonimir SOLDO,CRO,7,0,2,1,0.0,0.0,22.22222222222222,0.0,0.0,75.0,2.0
Zvonko ZIVKOVIC,YUG,3,0,0,1,0.0,0.0,7.4074074074074066,0.0,0.0,100.0,0.0
Zygmunt KALINOWSKI,POL,7,0,0,1,0.0,0.0,22.22222222222222,0.0,0.0,100.0,0.0
Zygmunt KUKLA,POL,6,0,0,1,0.0,0.0,18.51851851851852,0.0,0.0,100.0,0.0
Zygmunt MASZCZYK,POL,7,0,0,1,0.0,0.0,22.22222222222222,0.0,0.0,100.0,0.0
de GOEIJ,NED,12,0,0,2,0.0,0.0,40.74074074074074,0.0,25.0,100.0,1.0
v. BRONCKHORST,NED,7,0,0,1,0.0,0.0,22.22222222222222,0.0,0.0,100.0,0.0
v. HOOIJDONK,NED,7,1,1,1,0.1428571428571428,5.88235294117647,22.22222222222222,3.571428571428571,0.0,87.5,2.0
van der SAR,NED,7,0,0,1,0.0,0.0,22.22222222222222,0.0,0.0,100.0,0.0
